作品名称,年份,媒介,纳入范围,女女关系位置,归档依据,恋爱位置,最高明确度,官方字面百合／GL,官方女女恋爱表述,官方来源层级,官方来源位置,身份依据,男性恋爱线,结论置信度,明确交往,明确女女欲望,接受未确认方向,女女关系主线,官方字面百合／GL（快捷查询）,官方女女恋爱表述（快捷查询）,内容提示标识,Bangumi Rank,Bangumi 百合标签比例,分类日期,报告地址
白箱,2014,TV 动画,2014-2015 TV anime formal episodes 1-24,重要副线,作品分类,缺席,非恋爱,所核未见,所核未见,,,范围内无依据,无,高,否,否,否,否,否,否,workplace_stress；overwork；career_setbacks；production_crises；verbal_workplace_conflict；alcohol_use,14,0.01069653184781137,2026-07-29,https://l-m-sherlock.github.io/yuri-classification-archive/works/shirobako_tv_2014/
莉兹与青鸟,2018,剧场动画,"2018 theatrical animated film, one approximately 90-minute work",主线,作品分类,主线,潜在／明显但未确认,所核未见,所核未见,,,只有关系推断,无,高,否,否,是,是,否,否,"past unexplained departure causing sustained fear of abandonment；one character ties continuing music and education choices to remaining beside the other；talent comparison, envy, and self-deprecating speech；crying, separation imagery, and emotionally intense confrontation",27,0.13715490609522876,2026-07-30,https://l-m-sherlock.github.io/yuri-classification-archive/works/liz_to_aoi_tori_movie_2018/
魔法少女小圆,2011,TV 动画,2011 TV anime formal episodes 1-12,主线,作品分类,主线,潜在／明显但未确认,所核未见,所核未见,,,只有关系推断,副线,高,否,否,是,是,否,否,fatal_violence_against_minors_and_character_deaths；corpses_funeral_and_grief；deceptive_contracts_and_exploitation_of_minors_in_crisis；separation_of_body_and_soul；despair_induced_body_transformation；self_destructive_sacrifice；a_companion_asked_to_prevent_a_character_from_becoming_a_monster；family_murder_followed_by_suicide_in_backstory；unrequited_love_jealousy_and_emotional_breakdown；disaster_and_mass_casualty_threat,34,0.029292627808809108,2026-07-29,https://l-m-sherlock.github.io/yuri-classification-archive/works/mahou_shoujo_madoka_magica_tv_2011/
日常,2011,TV 动画,2011 broadcast TV anime episodes 1-26,主线,作品分类,缺席,非恋爱,所核未见,所核未见,,,范围内无依据,副线,高,否,否,否,是,否,否,frequent_slapstick_physical_violence_and_injury；guns_rockets_and_explosions_played_for_surreal_comedy；school_pranks_and_public_humiliation；robot_body_modification_and_anxiety_about_visible_body_difference；boys_love_manga_and_crush_rejection_comedy,49,0.0010655974570148823,2026-07-29,https://l-m-sherlock.github.io/yuri-classification-archive/works/nichijou_tv_2011/
少女革命,1997,TV 动画,"1997 television anime regular narrative episodes 1-39；King Records official complete Blu-ray episode map and synopsis only as scope and paratext evidence；live database genre, theme and community-tag fields only as external labeling evidence",主线,作品分类,主线,明确欲望,所核未见,所核未见,,,只有明确关系事实,并列,高,否,是,是,是,否,否,school_age_characters_in_adult_sexual_power_structures；sexual_grooming_manipulation_and_coercion；incestuous_sexual_abuse_and_control；possessive_and_intimate_partner_violence；victim_self_blame_and_misogynistic_stigmatization；physical_and_psychological_violence；suicidal_ideation_and_fall_imagery,60,0.0764276048714479,2026-07-30,https://l-m-sherlock.github.io/yuri-classification-archive/works/shoujo_kakumei_utena_tv_1997/
英雄联盟：双城之战,2021,WEB 动画,"Season 1 episodes 1-9, released in 2021",主线,作品分类,重要副线,潜在／明显但未确认,所核未见,所核未见,,,只有关系推断,副线,高,否,否,是,是,否,否,"war, class oppression, firearm and explosive violence；deaths including child deaths；childhood trauma and family separation；suicidal ideation and an interrupted suicide attempt；imprisonment, violent interrogation, and police violence；drug dependence and human experimentation；psychological trauma, hallucinations, and paranoia；brothel setting and a heterosexual sex scene",69,0.011552378046122325,2026-07-29,https://l-m-sherlock.github.io/yuri-classification-archive/works/arcane_season_1_web_2021/
孤独摇滚！,2022,TV 动画,2022 TV anime broadcast episodes 1-12,主线,作品分类,局部,明确欲望,所核未见,所核未见,,,只有明确关系事实,无,高,否,是,是,是,否,否,severe_social_anxiety_and_avoidance；repeated_self_denigration；exaggerated_body_breakdown_and_death_imagery；adult_alcohol_dependence_and_intoxication；borrowing_money_without_repayment_and_interpersonal_manipulation；public_embarrassment；unsafe_stage_dive_and_minor_injury,72,0.028885267188721496,2026-07-29,https://l-m-sherlock.github.io/yuri-classification-archive/works/bocchi_the_rock_tv_2022/
偶像大师,2011,TV 动画,2011 broadcast TV anime episodes 1-25,主线,作品分类,局部,明确欲望,所核未见,所核未见,,,只有明确关系事实,副线,高,否,是,是,是,否,否,underage_idol_swimwear_gravure_body_commentary_and_wedding_model_work；entertainment_industry_overwork_and_schedule_pressure；fabricated_scandal_covert_photography_and_career_sabotage；childcare_responsibility_and_family_financial_stress；parental_divorce_sibling_death_grief_and_trauma_response；stage_accident_injury_and_hospitalization；gender_role_expectations_and_femininity_related_distress,83,0.002748625687156422,2026-07-29,https://l-m-sherlock.github.io/yuri-classification-archive/works/the_idolmaster_tv_2011/
幸运星,2007,TV 动画,2007 broadcast TV anime episodes 1-24,主线,作品分类,缺席,非恋爱,所核未见,所核未见,,,范围内无依据,副线,高,否,否,否,是,否,否,sexualization_of_school_age_characters_and_lolicon_jokes；sexualized_doujin_fantasies_about_school_friends；bereavement_and_early_death_of_a_parent；illness_and_body_size_jokes；reckless_driving_comedy,92,0.004601482964976277,2026-07-29,https://l-m-sherlock.github.io/yuri-classification-archive/works/lucky_star_tv_2007/
吹响吧！上低音号,2015,TV 动画,2015 TV anime first season broadcast episodes 1-13,主线,作品分类,主线,潜在／明显但未确认,所核未见,所核未见,,,只有关系推断,副线,高,否,否,是,是,否,否,a_schoolgirl_has_explicit_unrequited_romantic_desire_for_an_adult_teacher；student_teacher_power_difference_is_part_of_the_romantic_context；heterosexual_confession_and_rejection；school_club_factional_conflict；rumors_and_accusations_of_favoritism；public_competition_and_performance_pressure,95,0.05394210513858316,2026-07-30,https://l-m-sherlock.github.io/yuri-classification-archive/works/hibike_euphonium_tv_2015/
轻音少女,2009,TV 动画,"2009 TV anime episodes 1-12；TBS-broadcast extra episode 13 Fuyu no Hi, aired on 2009-06-25",主线,作品分类,缺席,非恋爱,所核未见,所核未见,,,范围内无依据,副线,高,否,否,否,是,否,否,adult_teacher_coerces_students_into_performance_costumes；students_bodies_and_costumes_used_for_sexualized_comedy；performance_accident_and_public_body_embarrassment；slapstick_hitting_and_physical_horseplay；adult_supporting_characters_romantic_rejection_and_boyfriend_jokes,103,0.00861754665075735,2026-07-30,https://l-m-sherlock.github.io/yuri-classification-archive/works/k_on_tv_2009/
百变之星,2003,TV 动画,2003 TV anime episodes 1-26；the first-series range ending before the official October 2003 new-series start,主线,作品分类,缺席,非恋爱,所核未见,所核未见,,,范围内无依据,副线,高,否,否,否,是,否,否,high_risk_acrobatics；intense_training_and_overwork；sports_injury；career_rivalry；corporate_takeover_conflict,112,0.0394640234948605,2026-07-29,https://l-m-sherlock.github.io/yuri-classification-archive/works/kaleido_star_tv_2003_part1/
摇曳露营△,2018,TV 动画,2018 broadcast TV anime season 1 episodes 1-12,主线,作品分类,缺席,非恋爱,所核未见,所核未见,,,范围内无依据,无,高,否,否,否,是,否,否,"a minor becomes lost and cold outdoors at night；campfire, gas fuel, low-temperature camping, solo travel and traffic hazards；an adult teacher drinks heavily and becomes intoxicated；brief communal bathing scenes；no confirmed female-female romance in the included TV episodes",118,0.0943608740269817,2026-07-30,https://l-m-sherlock.github.io/yuri-classification-archive/works/yuru_camp_tv_2018/
比宇宙更远的地方,2018,TV 动画,2018 broadcast TV anime episodes 1-13,主线,作品分类,缺席,非恋爱,所核未见,所核未见,当前版本,访谈／评论,范围内无依据,副线,高,否,否,否,是,否,否,parental_disappearance_death_and_bereavement；friendship_jealousy_rumor_spreading_and_sabotage；school_club_bullying_and_social_exclusion；seasickness_and_vomiting；sea_travel_and_extreme_environment_hazards,148,0.033229767717117914,2026-07-29,https://l-m-sherlock.github.io/yuri-classification-archive/works/sora_yori_mo_tooi_basho_tv_2018/
少女终末旅行,2017,TV 动画,2017 TV anime broadcast episodes 1-12,主线,作品分类,缺席,非恋爱,所核未见,所核未见,,,范围内无依据,无,高,否,否,否,是,否,否,post_apocalyptic_setting；war_remnants_and_firearms；weapon_enabled_food_coercion_between_protagonists；food_and_fuel_scarcity；survival_danger；falls_and_height_danger；death_and_loneliness_themes,162,0.0898659626320065,2026-07-29,https://l-m-sherlock.github.io/yuri-classification-archive/works/shoujo_shuumatsu_ryokou_tv_2017/
电脑线圈,2007,TV 动画,2007 TV anime numbered episodes 1-26,主线,作品分类,缺席,非恋爱,所核未见,所核未见,,,范围内无依据,副线,高,否,否,否,是,否,否,child_death_bereavement_grief_and_survivor_guilt；traffic_accident；school_bullying_ostracism_and_rumour_spreading；children_manipulated_and_placed_in_danger_by_adults；cyberbody_separation_loss_of_consciousness_and_coma；horror_pursuit_and_identity_distortion；virtual_pet_injury_apparent_death_and_separation,186,0.00849762066621346,2026-07-30,https://l-m-sherlock.github.io/yuri-classification-archive/works/dennou_coil_tv_2007/
斩服少女,2013,TV 动画,2013-2014 TV anime broadcast episodes 1-24,主线,作品分类,重要副线,潜在／明显但未确认,所核未见,所核未见,,,只有关系推断,副线,高,否,否,是,是,否,否,frequent_nudity_and_sexualized_transformation；sexualization_of_minors；coercive_sexualized_bodily_contact；incestuous_family_abuse；parental_abuse_and_control；human_experimentation；mind_control_and_loss_of_bodily_autonomy；school_bullying_and_class_oppression；severe_violence_and_blood；dismemberment_and_decapitation_imagery；body_horror；character_death,187,0.019093553439574373,2026-07-29,https://l-m-sherlock.github.io/yuri-classification-archive/works/kill_la_kill_tv_2013/
超时空辉夜姬！,2026,WEB 动画电影,"2026 Netflix original animated feature film, one 140-minute work；official film, release and streaming pages only as media, synopsis and marketing-label paratext；live database type, genre and community-tag fields only as external labeling evidence",主线,作品分类,主线,明确欲望,所核未见,所核未见,,,只有明确关系事实,无,高,否,是,是,是,否,否,family_conflict_and_estrangement；overwork_and_burnout；stylized_combat；fantastical_death_and_separation；time_displacement；ai_and_identity_continuity,190,0.1500712927756654,2026-07-29,https://l-m-sherlock.github.io/yuri-classification-archive/works/chou_kaguya_hime_web_film_2026/
琉璃的宝石,2025,TV 动画,2025 broadcast TV anime episodes 1-13,主线,作品分类,缺席,非恋爱,所核未见,所核未见,,,范围内无依据,无,高,否,否,否,是,否,否,"outdoor fieldwork around steep slopes, rivers, coasts and abandoned facilities；hammer sampling, acid and laboratory procedures；brief hot-spring bathing scenes；no confirmed female-female romance in the included TV episodes",192,0.018883021283405344,2026-07-29,https://l-m-sherlock.github.io/yuri-classification-archive/works/ruri_no_houseki_tv_2025/
Heart Catch 光之美少女！,2010,TV 动画,2010-2011 formal TV broadcast episodes 1-49,主线,作品分类,局部,明确欲望,所核未见,所核未见,,,只有明确关系事实,副线,高,否,是,是,是,否,否,fantasy_combat_and_injury；character_death_and_bereavement；family_loss_and_parent_disappearance；villains_exploiting_emotional_distress；mistaken_gender_romance_joke；child_and_teen_characters_in_peril,201,0.019167717528373266,2026-07-30,https://l-m-sherlock.github.io/yuri-classification-archive/works/heartcatch_precure_tv_2010/
悠哉日常大王,2013,TV 动画,2013 TV anime formal broadcast episodes 1-12,主线,作品分类,重要副线,明确欲望,所核未见,所核未见,,,只有明确关系事实,无,高,否,是,是,是,否,否,primary_and_middle_school_characters_in_swimsuit_and_body_size_comedy；elementary_school_character_one_sided_crush_played_partly_for_comedy；childhood_sibling_marriage_statement_in_old_home_video_played_for_comedy,229,0.035738683349512815,2026-07-29,https://l-m-sherlock.github.io/yuri-classification-archive/works/non_non_biyori_tv_2013/
BanG Dream! It's MyGO!!!!!,2023,TV 动画,2023 TV anime episodes 1-13,主线,作品分类,局部,潜在／明显但未确认,所核未见,所核未见,,,只有关系推断,无,高,否,否,是,是,否,否,emotional_manipulation_and_dependency；exclusion_and_abandonment；intense_verbal_conflict；public_emotional_breakdown；family_distress,272,0.10584097207418461,2026-07-29,https://l-m-sherlock.github.io/yuri-classification-archive/works/bang_dream_its_mygo_tv_2023/
少女☆歌剧 Revue Starlight,2018,TV 动画,"2018 broadcast TV anime regular episodes 1-12；TBS official program introduction and episode guide as scope and paratext evidence；live database genre, theme and community-tag fields only as external labeling evidence",主线,作品分类,主线,潜在／明显但未确认,所核未见,所核未见,,,只有关系推断,无,高,否,否,是,是,否,否,stylized_weapon_combat；jealousy_and_possessive_dependency；separation_and_self_sacrifice；time_loop_and_resistance_to_change；emotional_collapse,294,0.13173542573407712,2026-07-29,https://l-m-sherlock.github.io/yuri-classification-archive/works/shoujo_kageki_revue_starlight_tv_2018/
妖精森林的小不点,2018,TV 动画,2018 broadcast TV anime episodes 1-12,主线,作品分类,缺席,非恋爱,所核未见,所核未见,,,范围内无依据,副线,高,否,否,否,是,否,否,"wilderness danger, injury and poisoning；kidnapping, gang threats and fighting；alcohol and tobacco；hunting, fishing, slaughter and eating animals in a world with sentient animal characters；bathing and nudity-related dialogue；no confirmed female-female romance in the included TV episodes",328,0.02921257454765996,2026-07-30,https://l-m-sherlock.github.io/yuri-classification-archive/works/hakumei_to_mikochi_tv_2018/
终将成为你,2018,TV 动画,"2018 TV anime broadcast episodes 1-13；official TV introduction and episode guide as paratext；live database genre, theme and community-tag fields only as external labeling evidence",主线,作品分类,主线,明确欲望,是,是,原作、当前版本,出版载体、剧情／角色页,只有明确关系事实,副线,高,否,是,是,是,是,是,unannounced_kiss_and_intimacy_after_declined_initiation；stigmatizing_statements_about_same_sex_desire；bereavement_and_severe_self_rejection,386,0.16907775768535263,2026-07-29,https://l-m-sherlock.github.io/yuri-classification-archive/works/yagate_kimi_ni_naru_tv_2018/
佐贺偶像是传奇,2018,TV 动画,2018 broadcast TV anime episodes 1-12,主线,作品分类,缺席,非恋爱,所核未见,所核未见,,,范围内无依据,副线,高,否,否,否,是,否,否,violent_vehicle_collision_death_and_resurrection；zombie_body_horror_dismemberment_gunfire_and_blood；coercive_management_verbal_abuse_and_physical_slapstick；transgender_deadnaming_puberty_dysphoria_and_identity_related_distress；child_death_parental_bereavement_and_grief；idol_industry_pressure_overwork_and_loss_of_autonomy；lightning_death_and_trauma_response；dangerous_motorcycle_stunts_and_gang_violence；amnesia_depressive_withdrawal_and_self_negating_speech；stage_collapse_and_disaster,404,0.0031013204591233173,2026-07-29,https://l-m-sherlock.github.io/yuri-classification-archive/works/zombieland_saga_tv_2018/
玲音,1998,TV 动画,1998 TV anime formally broadcast episodes 1-13 (Layer 01 through Layer 13),重要副线,作品分类,缺席,非恋爱,所核未见,所核未见,,,范围内无依据,副线,高,否,否,否,否,否,否,suicide_and_suicidal_ideation；gun_violence_and_death；child_death_and_endangerment；body_horror_and_identity_dissolution；memory_manipulation；surveillance_and_privacy_violation；minor_sexual_content_and_minor_attraction_to_adult_teacher；coercive_declarations_of_love；cult_and_religious_manipulation；family_abandonment；drug_use,414,0.00919671620076899,2026-07-29,https://l-m-sherlock.github.io/yuri-classification-archive/works/serial_experiments_lain_tv_1998/
Go! Princess 光之美少女,2015,TV 动画,2015-2016 formal TV broadcast episodes 1-50,主线,作品分类,局部,潜在／明显但未确认,所核未见,所核未见,,,只有关系推断,副线,高,否,否,是,是,否,否,fantasy_combat_and_injury；child_and_teen_characters_in_peril；villainous_emotional_manipulation_and_coercion；family_separation_and_loss；temporary_amnesia；career_and_family_expectation_conflict；one_sided_claimed_engagement_joke,425,0.028467908902691512,2026-07-30,https://l-m-sherlock.github.io/yuri-classification-archive/works/go_princess_precure_tv_2015/
草莓棉花糖,2005,TV 动画,2005 TV anime broadcast episodes 1-12,主线,作品分类,缺席,非恋爱,所核未见,所核未见,,,范围内无依据,无,高,否,否,否,是,否,否,adult_smoking_and_alcohol_use；slapstick_physical_conflict_and_teasing；bathing_body_and_clothing_humor_involving_primary_school_characters,452,0.044462999686880285,2026-07-29,https://l-m-sherlock.github.io/yuri-classification-archive/works/ichigo_mashimaro_tv_2005/
凡尔赛玫瑰,1979,TV 动画,"1979-1980 TV anime formal episodes 1-40；current TMS official archive as paratext；live database genre, theme and community-tag fields only as external labeling evidence",重要副线,读者解读,重要副线,明确欲望,所核未见,所核未见,,,只有明确关系事实,主导,高,否,是,是,否,否,否,war_and_revolutionary_violence；death；suicide；coercive_physical_intimacy_and_boundary_violation；forced_marriage；class_oppression,503,0.05577109602327837,2026-07-29,https://l-m-sherlock.github.io/yuri-classification-archive/works/versailles_no_bara_tv_1979/
兽娘动物园,2017,TV 动画,2017 TV anime season 1 broadcast episodes 1-12,主线,作品分类,缺席,非恋爱,所核未见,所核未见,,,范围内无依据,无,高,否,否,否,是,否,否,chasing_and_predation_jokes；monster_attacks_and_sustained_peril；possible_memory_and_personality_loss_after_consumption；identity_and_species_uncertainty；post_apocalyptic_ruins_and_human_disappearance；temporary_separation；hot_spring_undressing_and_body_difference_comedy,513,0.054445779513367376,2026-07-29,https://l-m-sherlock.github.io/yuri-classification-archive/works/kemono_friends_tv_2017/
时光流逝，饭菜依旧美味,2025,TV 动画,2025 broadcast TV anime episodes 1-12,主线,作品分类,缺席,非恋爱,所核未见,所核未见,,,范围内无依据,无,高,否,否,否,是,否,否,"social isolation and social anxiety；dieting, body-weight anxiety and exercise；brief driving trouble and outdoor cooking risks；mild spooky comedy and being locked inside a school building；no confirmed female-female romance in the included TV episodes",580,0.026559215136650317,2026-07-29,https://l-m-sherlock.github.io/yuri-classification-archive/works/hibi_wa_sugiredo_meshi_umashi_tv_2025/
摇曳百合,2011,TV 动画,2011 first TV season broadcast episodes 1-12,主线,作品分类,重要副线,明确欲望,是,所核未见,原作,出版载体,只有明确关系事实,无,高,否,是,是,是,是,否,sexualized jokes and fantasies involving middle-school-aged characters；continued pursuit of a kiss after verbal refusal and attempts to escape；bath scenes involving middle-school-aged characters；comic physical aggression and unwanted clinging,604,0.1311589174184594,2026-07-29,https://l-m-sherlock.github.io/yuri-classification-archive/works/yuru_yuri_tv_2011/
小魔女学园,2017,TV 动画,2017 TV anime episodes 1-25,主线,作品分类,缺席,非恋爱,所核未见,所核未见,,,范围内无依据,副线,高,否,否,否,是,否,否,school_bullying_and_social_exclusion；magically_induced_romantic_behavior；emotional_manipulation_and_forced_energy_extraction；fantasy_violence_and_life_threatening_peril；nightmare_and_body_transformation_imagery；mass_casualty_missile_threat,606,0.054052817062565796,2026-07-29,https://l-m-sherlock.github.io/yuri-classification-archive/works/little_witch_academia_tv_2017/
淡岛百景,2026,TV 动画,2026 TV anime episodes 1-12,主线,作品分类,重要副线,明确欲望,所核未见,所核未见,,,只有明确关系事实,并列,高,否,是,是,是,否,否,school_bullying_and_collective_ostracism；sexualized_rumors_and_verbal_humiliation；suicidal_ideation_and_death_framed_despair；bereavement_and_illness_related_death；family_verbal_abuse；career_competition_and_power_imbalance；ethical_conflict_over_publicizing_a_victims_experience,633,0.07519411524315488,2026-07-29,https://l-m-sherlock.github.io/yuri-classification-archive/works/awajima_hyakkei_tv_2026/
少女与战车,2012,TV 动画,2012—2013年TV动画正式第1—12话（单季全12话正篇）,主线,作品分类,缺席,非恋爱,所核未见,所核未见,,,范围内无依据,无,高,否,否,否,是,否,否,学生会强迫主人公选择战车道课程；学校废止及共同生活空间消失的压力；军事装备竞技、炮击、车辆翻覆及其他险情；以男朋友、告白和婚姻愿望为对象的喜剧台词,640,0.0879023307436182,2026-07-30,https://l-m-sherlock.github.io/yuri-classification-archive/works/girls_und_panzer_tv_2012/
少女乐队的呐喊,2024,TV 动画,2024 TV anime episodes 1-13,主线,作品分类,主线,明确欲望,所核未见,所核未见,,,只有明确关系事实,副线,高,否,是,是,是,否,否,school_bullying_and_institutional_minimization；family_conflict_and_estrangement；intense_verbal_and_physical_conflict；alcohol_use；workplace_racial_harassment；bereavement_and_parental_abandonment；career_and_financial_pressure,660,0.054482890460714965,2026-07-29,https://l-m-sherlock.github.io/yuri-classification-archive/works/girls_band_cry_tv_2024/
灰羽联盟,2002,TV 动画,2002 broadcast TV anime episodes 1-13,主线,作品分类,缺席,非恋爱,所核未见,所核未见,,,范围内无依据,副线,高,否,否,否,是,否,否,"death and permanent-seeming departure；traumatic memory and survivor guilt；blood, bodily pain, and injury；implied suicide and self-harm imagery；child and adolescent endangerment；envy, manipulation, and trust rupture；religious and redemption imagery；no confirmed female-female romance in the included TV episodes",664,0.025982859474901376,2026-07-30,https://l-m-sherlock.github.io/yuri-classification-archive/works/haibane_renmei_tv_2002/
来玩游戏吧,2018,TV 动画,2018 formally broadcast TV anime episodes 1-12,主线,作品分类,局部,潜在／明显但未确认,所核未见,所核未见,,,只有关系推断,副线,高,否,否,是,是,否,否,"frequent slapstick violence, physical pain and threatening gags；deception, coercive games, betrayal, humiliation and blackmail；sexual, genital, reproductive and bodily jokes involving middle-school characters；attempted under-skirt voyeurism and invasion of privacy；speculation and prejudicial jokes about an unresolved character's body and gender；feces, urine, vomit, body odor and other bodily-fluid humor；adult-minor boundary and sexual-harassment jokes；no confirmed female-female couple in the included TV episodes",681,0.02421190591156791,2026-07-30,https://l-m-sherlock.github.io/yuri-classification-archive/works/asobi_asobase_tv_2018/
宝石之国,2017,TV 动画,"2017 broadcast TV anime episodes 1-12；official TV episode, introduction, character and home-video release pages as paratext；a published statement by the contracted English TV-anime translator only as production-context evidence, not as replacement dialogue",主线,读者解读,主线,潜在／明显但未确认,所核未见,所核未见,,,只有关系推断,无,高,否,否,是,是,否,否,combat_and_abduction；body_shattering_dismemberment_and_reconstruction；body_replacement_and_memory_loss；death_wish_and_self_erasure_language；grief_trauma_and_nightmares；betrayal_and_coercive_bargaining；brief_courtship_and_servitude_gag,686,0.014750407577051471,2026-07-29,https://l-m-sherlock.github.io/yuri-classification-archive/works/houseki_no_kuni_tv_2017/
别当欧尼酱了！,2023,TV 动画,2023 TV anime episodes 1-12,重要副线,作品分类,重要副线,潜在／明显但未确认,所核未见,所核未见,,,只有关系推断,无,高,否,否,是,否,否,否,nonconsensual_drugging_and_body_change；puberty_body_and_toilet_content；sexualized_comedy_involving_minor_bodies；adult_consciousness_in_adolescent_body,723,0.08146554884755457,2026-07-30,https://l-m-sherlock.github.io/yuri-classification-archive/works/onii_chan_wa_oshimai_tv_2023/
女高中生的无所事事,2019,TV 动画,2019 formally broadcast TV anime episodes 1-12,主线,作品分类,局部,明确欲望,所核未见,所核未见,,,只有明确关系事实,副线,高,否,是,是,是,否,否,"sexualized bodily jokes and touching involving high-school characters；non-consensual breast and butt touching and pressure to undress；male-allergy and gender-misrecognition jokes；one-sided student attraction toward an adult male teacher；adult teacher jokes about high-school and college women；stalking-style observation and privacy violations；humiliation, insults and slapstick violence；feces, bodily fluids and death-imagery humor；no confirmed female-female couple in the included TV episodes",760,0.023099094710347906,2026-07-29,https://l-m-sherlock.github.io/yuri-classification-archive/works/joshikousei_no_mudazukai_tv_2019/
西蒙,2006,TV 动画,2006 TV anime broadcast episodes 1-26,主线,作品分类,主线,明确欲望,是,是,当前版本,访谈／评论,只有明确关系事实,副线,中,否,是,是,是,是,是,war_and_death；institutional_exploitation_of_youth；coerced_gender_choice；grief_and_survivor_guilt；nonconsensual_kiss_and_intimacy_boundary_violation；sibling_incest_implication；age_gap_and_mentor_power_imbalance,786,0.13691322901849218,2026-07-30,https://l-m-sherlock.github.io/yuri-classification-archive/works/simoun_tv_2006/
青兰圆舞曲,1991,TV 动画,1991-1992 TV anime episodes 1-39,主线,作品分类,主线,明确欲望,所核未见,是,当前版本,剧情／角色页,只有明确关系事实,并列,中,否,是,是,是,否,是,school_bullying_and_social_exclusion；possessive_and_controlling_behavior；self_harm；suicide_pact；death；drug_dependence_and_tobacco；knife_violence；terminal_illness；boundary-crossing_attachment_between_relatives,795,0.12045270816491511,2026-07-30,https://l-m-sherlock.github.io/yuri-classification-archive/works/oniisama_e_tv_1991/
明日同学的水手服,2022,TV 动画,"2022 broadcast TV anime episodes 1-12；official TV introduction, story, staff and home-video release pages as paratext；live database genre, theme and community-tag fields only as external labeling evidence",主线,作品分类,主线,潜在／明显但未确认,所核未见,所核未见,,,只有关系推断,无,高,否,否,是,是,否,否,adolescent_body_and_clothing_observation；accidental_underwear_exposure_gag；shared_shower_and_mutual_rinsing；playful_undressing_gag；body_image_insecurity；minor_sports_collisions,798,0.0902632678646051,2026-07-29,https://l-m-sherlock.github.io/yuri-classification-archive/works/akebi_chan_no_sailor_fuku_tv_2022/
向阳素描,2007,TV 动画,2007 TV anime regular episodes 1-12,主线,作品分类,缺席,非恋爱,所核未见,所核未见,,,范围内无依据,无,中,否,否,否,是,否,否,teacher_costume_and_body_humor；communal_bathing_and_underwear_humor；diet_and_weight_jokes；illness_and_caretaking；brief_guest_character_unrequited_heterosexual_crush,821,0.07518007202881152,2026-07-29,https://l-m-sherlock.github.io/yuri-classification-archive/works/hidamari_sketch_tv_2007/
某科学的超电磁炮,2009,TV 动画,"broadcast TV anime season 1 episodes 1-24, aired from 2009 to 2010",主线,作品分类,重要副线,明确欲望,所核未见,所核未见,,,只有明确关系事实,副线,高,否,是,是,是,否,否,repeated_nonconsensual_sexual_pursuit_and_kiss_attempts；attempted_aphrodisiac_administration_without_informed_consent；underwear_and_school_swimsuit_theft_enabled_by_teleportation；repeated_nonconsensual_skirt_lifting_and_underwear_jokes；sexualized_swimsuit_chest_and_body_comedy_involving_middle_school_characters；slapstick_hitting_and_physical_punishment；organized_violence_explosions_and_serious_injury；coma_child_endangerment_and_unethical_human_experimentation；coercion_threats_and_medical_abuse,836,0.06075992214606076,2026-07-29,https://l-m-sherlock.github.io/yuri-classification-archive/works/toaru_kagaku_no_railgun_tv_2009/
歌剧少女!!,2021,TV 动画,2021 broadcast TV anime episodes 1-13,主线,作品分类,缺席,非恋爱,所核未见,所核未见,,,范围内无依据,副线,高,否,否,否,是,否,否,childhood_sexual_abuse_and_forced_kiss；parental_neglect_and_dismissal；stalking_and_parasocial_fan_fixation；disordered_eating_purging_and_body_shaming；harassment_and_body_objectification；intense_competitive_pressure,841,0.04781704781704782,2026-07-29,https://l-m-sherlock.github.io/yuri-classification-archive/works/kageki_shoujo_tv_2021/
天才麻将少女,2009,TV 动画,2009 first TV series broadcast episodes 1-25,主线,作品分类,主线,潜在／明显但未确认,是,所核未见,当前版本,HTML 元数据,只有关系推断,副线,高,否,否,是,是,是,否,repeated sexualized dialogue about the breasts of high-school-aged characters；bath scenes involving high-school-aged characters；family separation and past abandonment；competition pressure and comic physical threats,866,0.1304260852170434,2026-07-29,https://l-m-sherlock.github.io/yuri-classification-archive/works/saki_tv_2009/
Love Live! 虹咲学园校园偶像同好会,2020,TV 动画,2020 TV anime first-season episodes 1-13,主线,作品分类,主线,潜在／明显但未确认,所核未见,所核未见,,,只有关系推断,无,高,否,否,是,是,否,否,"separation anxiety, jealousy, and one-sided exclusivity requests within the central relationship；dependency statement about being unable to move forward without the other person；overwork and sleep deprivation；swimsuit scenes involving high-school-aged characters",880,0.10957701516360734,2026-07-30,https://l-m-sherlock.github.io/yuri-classification-archive/works/love_live_nijigasaki_tv_2020/
花开伊吕波,2011,TV 动画,2011 formal TV anime episodes 1-26,重要副线,作品分类,缺席,非恋爱,所核未见,所核未见,,,范围内无依据,并列,高,否,否,否,否,否,否,parental_abandonment_and_family_conflict；workplace_power_pressure；kidnapping_and_nonconsensual_restraint；sexual_harassment_and_voyeurism；coercive_undressing；sexualized_minor_character_gags；verbal_aggression；physical_conflict,927,0.001773481239350419,2026-07-29,https://l-m-sherlock.github.io/yuri-classification-archive/works/hanasaku_iroha_tv_2011/
街角魔族,2019,TV 动画,2019 first TV season broadcast episodes 1-12,主线,作品分类,主线,潜在／明显但未确认,所核未见,所核未见,,,只有关系推断,无,高,否,否,是,是,否,否,poverty and food insecurity caused by a supernatural curse；comic physical harm and magical battle threats；dream intrusion and an attempt to implant a suggestion that would make another character voluntarily offer blood；revealing transformation attire and related jokes involving a 15-year-old character；family disappearance or magical sealing and fear that a character may disappear,942,0.1108712715855573,2026-07-29,https://l-m-sherlock.github.io/yuri-classification-archive/works/machikado_mazoku_tv_2019/
赛马娘 Pretty Derby 巅峰之路,2023,WEB 动画,official 2023 web anime episodes 1-4 released from 2023-04-16 through 2023-05-07,主线,作品分类,缺席,非恋爱,所核未见,所核未见,,,范围内无依据,无,高,否,否,否,是,否,否,death_of_an_unborn_twin_sister_and_bereavement；survivor_guilt_and_repeated_self_blame；dream_and_vision_dialogue_with_a_deceased_twin_sister；self_punishing_overtraining_and_injury_risk；continuing_to_race_despite_leg_pain_and_fear_of_breakdown；intense_competitive_pressure_crying_and_emotional_distress,946,0.013522012578616353,2026-07-29,https://l-m-sherlock.github.io/yuri-classification-archive/works/uma_musume_pretty_derby_road_to_the_top_web_2023/
红白黑黄,2013,WEB 动画,"Volume 1 formal web chapters 1-16, originally released from 2013-07-18 through 2013-11-07",主线,作品分类,缺席,非恋爱,所核未见,所核未见,,,范围内无依据,副线,中,否,否,否,是,否,否,"fantasy firearm and melee combat, monster attacks, and explosions；school bullying, coercion, and blackmail；discrimination and dehumanizing language directed at Faunus；descriptions of bloodshed, killings, and extremist violence",960,0.02518792034814717,2026-07-29,https://l-m-sherlock.github.io/yuri-classification-archive/works/rwby_volume_1_web_2013/
魔法使光之美少女！,2016,TV 动画,2016-2017 original formal TV broadcast episodes 1-50,主线,作品分类,主线,潜在／明显但未确认,所核未见,所核未见,,,只有关系推断,副线,高,否,否,是,是,否,否,fantasy_combat_and_injury；child_and_teen_characters_in_peril；villainous_coercion_and_manipulation；separation_grief_and_family_separation；threat_of_world_erasure；one_sided_adolescent_crush_and_rejection,973,0.09945571499257794,2026-07-30,https://l-m-sherlock.github.io/yuri-classification-archive/works/mahou_tsukai_precure_tv_2016/
明天，美食广场见。,2025,TV 动画,official 2025 television anime episodes 1-6 first aired from 2025-07-07 through 2025-08-11,主线,作品分类,主线,潜在／明显但未确认,所核未见,所核未见,,,只有关系推断,副线,高,否,否,是,是,否,否,sexual_harassment_and_groping_by_a_passing_boy；childhood_skirt_lifting_references；sexualized_age_gap_joke_involving_an_eleven_year_old；breast_nipple_body_and_weight_jokes；possessive_jealousy_and_self_harm_threat_as_comedy；online_harassment_gacha_spending_and_parasocial_fandom；crude_insults_and_comic_death_threats；racialized_caricature_of_an_indian_doctor,990,0.05753040224508887,2026-07-29,https://l-m-sherlock.github.io/yuri-classification-archive/works/food_court_de_mata_ashita_tv_2025/
此花绮谭,2017,TV 动画,"2017 broadcast TV anime episodes 1-12；official and licensed TV synopses as paratext；live database genre, theme, and community-tag fields only as external labeling evidence",主线,作品分类,主线,明确欲望,所核未见,所核未见,,,只有明确关系事实,无,高,否,是,是,是,否,否,unwanted_touching_by_a_guest；bath_nudity_and_body_comedy；impersonation_used_to_induce_intimacy；supernatural_grief_death_and_separation,998,0.13032074340527577,2026-07-29,https://l-m-sherlock.github.io/yuri-classification-archive/works/konohana_kitan_tv_2017/
我们不可能成为恋人！绝对不行。 (※似乎可行？),2025,TV 动画,TV anime episodes 1-12,主线,作品分类,主线,明确欲望,是,是,当前版本,可见作品宣传,只有明确关系事实,无,高,否,是,是,是,是,是,kissing_and_bodily_restraint_after_verbal_refusal；sexualized_bath_and_hot_spring_scenes_involving_teenage_characters；nudity_and_sexual_dialogue；slap_during_interpersonal_conflict；anxiety_and_harsh_self_directed_speech,1036,0.13822515274333072,2026-07-30,https://l-m-sherlock.github.io/yuri-classification-archive/works/watanare_tv_2025/
糖果男孩,2008,WEB 动画,2008-2009 WEB main series episodes 1-7,主线,作品分类,主线,明确欲望,所核未见,所核未见,,,只有明确关系事实,无,高,否,是,是,是,否,否,romantic_and_sexually_suggestive_relationship_between_high_school_age_twin_sisters；co_sleeping_between_twin_sisters；jealousy_and_relationship_misunderstandings；nonconsensual_photography_and_collection_of_personal_items；stalking_style_pursuit；sexually_suggestive_intimacy_comedy,1039,0.19646533973919011,2026-07-29,https://l-m-sherlock.github.io/yuri-classification-archive/works/candy_boy_web_2008/
轻拍翻转小魔女,2016,TV 动画,"2016 broadcast TV anime episodes 1-13；official TV site, episode guide and character page only as scope and paratext evidence；live database fields and community tags only as external labeling evidence",主线,作品分类,主线,潜在／明显但未确认,所核未见,所核未见,,,只有关系推断,副线,高,否,否,是,是,否,否,stylized_violence_and_minor_endangerment；institutional_coercion_and_experimentation；memory_manipulation；controlling_parental_behavior；school_horror_scenario；body_transformation_themes；age_regression_and_non_linear_memory_presentation,1046,0.11951628563862654,2026-07-29,https://l-m-sherlock.github.io/yuri-classification-archive/works/flip_flappers_tv_2016/
猫头鹰魔法社,2020,TV 动画,"Season 1 episodes 1-19, first aired in 2020",主线,作品分类,重要副线,潜在／明显但未确认,所核未见,所核未见,,,只有关系推断,无,高,否,否,是,是,否,否,fantasy violence and child endangerment；bullying and social exclusion；coercive unwanted date demand while a character is restrained；curse-related transformation and body horror；mind and memory alteration；controlling parents and family separation；imprisonment and an attempted public petrification,1048,0.11538461538461539,2026-07-29,https://l-m-sherlock.github.io/yuri-classification-archive/works/the_owl_house_season_1_tv_2020/
小林家的龙女仆,2017,TV 动画,2017 TV broadcast episodes 1-13,主线,作品分类,主线,明确欲望,所核未见,是,当前版本,剧情／角色页,只有明确关系事实,无,高,否,是,是,是,否,是,sexualized jokes involving elementary-school-aged characters；adult-bodied character repeatedly makes unwanted physical approaches toward an elementary-school-aged character；nudity and sexualized body jokes；jealous and possessive behavior played partly for comedy；alcohol intoxication；fantasy violence and death threats,1071,0.09089146869413513,2026-07-29,https://l-m-sherlock.github.io/yuri-classification-archive/works/kobayashi_san_chi_no_maid_dragon_tv_2017/
NEW GAME!,2016,TV 动画,2016 TV anime first-season broadcast episodes 1-12,主线,作品分类,重要副线,潜在／明显但未确认,所核未见,所核未见,,,只有关系推断,无,高,否,否,是,是,否,否,sustained_overtime_and_workplace_overnights；underwear_and_body_exposure_jokes；game_character_upskirt_joke；adult_workplace_drinking；replica_gun_and_airsoft_gags,1155,0.11611935967500121,2026-07-29,https://l-m-sherlock.github.io/yuri-classification-archive/works/new_game_tv_2016/
魔法少女奈叶,2004,TV 动画,2004 TV anime season 1 formal episodes 1-13,主线,作品分类,缺席,非恋爱,所核未见,所核未见,,,范围内无依据,副线,高,否,否,否,是,否,否,child_abuse_and_coercive_parental_control；grief_clone_identity_and_child_rejection；fantasy_violence_and_child_endangerment；life_threatening_magical_combat_and_dimensional_disaster,1196,0.08233022938905292,2026-07-29,https://l-m-sherlock.github.io/yuri-classification-archive/works/mahou_shoujo_lyrical_nanoha_tv_2004/
Princess Principal,2017,TV 动画,"2017 broadcast TV anime episodes 1-12；official TV introduction and episode guide as paratext；live database genre, theme and community-tag fields only as external labeling evidence",主线,作品分类,主线,潜在／明显但未确认,所核未见,所核未见,,,只有关系推断,无,高,否,否,是,是,否,否,gun_violence_and_death；assassination_and_coup_plots；suicide_by_gunshot；child_physical_abuse；child_human_experimentation；domestic_violence；poverty_and_class_discrimination；forced_political_marriage_discussion；war_and_revolution；identity_swap_and_long_term_impersonation,1218,0.10962370418741327,2026-07-29,https://l-m-sherlock.github.io/yuri-classification-archive/works/princess_principal_tv_2017/
大剑,2007,TV 动画,2007 TV anime episodes 1-26,主线,作品分类,缺席,非恋爱,所核未见,所核未见,,,范围内无依据,并列,中,否,否,否,是,否,否,graphic_violence_dismemberment_and_gore；cannibalism_and_body_horror；child_abuse_and_endangerment；sexual_violence_threats；human_experimentation_and_forced_body_modification；torture；death_and_self_sacrifice；suicide_and_requests_for_assisted_death,1221,0.030667057329817365,2026-07-29,https://l-m-sherlock.github.io/yuri-classification-archive/works/claymore_tv_2007/
请问您今天要来点兔子吗？,2014,TV 动画,2014 first TV anime season broadcast episodes 1-12,主线,作品分类,重要副线,明确欲望,所核未见,所核未见,,,只有明确关系事实,无,高,否,是,是,是,否,否,"underage characters shown changing clothes or in underwear and swimsuits；breast, height, and body-comparison jokes；bunny-ear cafe uniforms and sexualized visual framing；firearms, knives, military threats, and slapstick violence；caffeine intoxication played for comedy and adult alcohol references；fever and illness, plus brief death and grief references",1281,0.11746812234352863,2026-07-29,https://l-m-sherlock.github.io/yuri-classification-archive/works/gochuumon_wa_usagi_desu_ka_tv_2014/
旋转少女,2015,TV 动画,"2015 broadcast TV anime episodes 1-12；official TV story and episode-guide pages as paratext；live database genre, theme and community-tag fields only as external labeling evidence",主线,作品分类,缺席,非恋爱,所核未见,所核未见,,,范围内无依据,副线,高,否,否,否,是,否,否,stylized_combat_and_explosions；kidnapping_and_hostage_peril；serious_injuries_and_hospitalization；territorial_vigilante_conflict；hot_spring_nudity_and_body_comedy；controlling_and_overprotective_parenting,1318,0.07194426852438252,2026-07-29,https://l-m-sherlock.github.io/yuri-classification-archive/works/rolling_girls_tv_2015/
校园乌托邦 学美向前冲！,2007,TV 动画,"broadcast TV episodes 1-12, aired 2007-01-07 through 2007-03-25",主线,作品分类,缺席,非恋爱,所核未见,所核未见,,,范围内无依据,副线,高,否,否,否,是,否,否,school merger and school festival cancellation pressure；childhood peer exploitation and social isolation in backstory；student council room fire；suspicious adult men entering a girls' school festival；comic collisions and injuries,1337,0.07082876962395035,2026-07-29,https://l-m-sherlock.github.io/yuri-classification-archive/works/gakuen_utopia_manabi_straight_tv_2007/
安达与岛村,2020,TV 动画,2020 TV anime broadcast episodes 1-12,主线,作品分类,主线,明确欲望,所核未见,是,当前版本,访谈／评论,只有明确关系事实,无,高,否,是,是,是,否,是,school absenteeism；social isolation；possessive jealousy and exclusivity wishes；abrupt hand-taking and one sudden unannounced hug followed by explicit boundary or permission discussion,1343,0.1650234362372717,2026-07-29,https://l-m-sherlock.github.io/yuri-classification-archive/works/adachi_to_shimamura_tv_2020/
青之花,2009,TV 动画,2009 TV anime episodes 1-11,主线,作品分类,主线,明确交往,所核未见,是,当前版本,可见作品宣传,只有明确关系事实,并列,高,是,是,是,是,否,是,sexual_harassment_on_train；past_romantic_relationship_with_an_older_female_relative；age_and_family_relationship_asymmetry；family_interrogation_about_same_sex_relationship_and_sexual_conduct；comments_about_a_high_school_students_body；student_unrequited_love_for_an_adult_teacher；arranged_engagement；breakup_rejection_and_emotional_distress,1349,0.15971107544141253,2026-07-29,https://l-m-sherlock.github.io/yuri-classification-archive/works/aoi_hana_tv_2009/
Smile 光之美少女！,2012,TV 动画,2012-2013 original Japanese formal TV broadcast episodes 1-48,主线,作品分类,缺席,非恋爱,所核未见,所核未见,,,范围内无依据,副线,高,否,否,否,是,否,否,fantasy_combat_and_injury；child_and_teen_characters_in_peril；villainous_emotional_manipulation_and_despair；bereavement_and_parental_death_memories；family_and_friend_separation_grief；threat_of_world_destruction；unconfirmed_adolescent_heterosexual_first_love,1366,0.031496062992125984,2026-07-29,https://l-m-sherlock.github.io/yuri-classification-archive/works/smile_precure_tv_2012/
天使降临到了我身边！,2019,TV 动画,2019 TV anime broadcast episodes 1-12,主线,作品分类,主线,明确欲望,是,是,原作、当前版本,出版载体、可见作品宣传,只有明确关系事实,无,高,否,是,是,是,是,是,"college student infatuation with a fifth-grade elementary-school child；sweets exchanged for a child wearing handmade costumes and being photographed；continued requests and burst photography after refusal or explicit limits；covert photography after knowing the child did not want to be photographed；police questioning following covert photography of children；year-long observation and following of a same-age college student, including routine walks around her home",1388,0.11358069822701516,2026-07-29,https://l-m-sherlock.github.io/yuri-classification-archive/works/watashi_ni_tenshi_ga_maiorita_tv_2019/
深夜重拳,2024,TV 动画,"2024 TV anime episodes 1-12, aired from 2024-07-08 through 2024-09-23",主线,作品分类,主线,潜在／明显但未确认,所核未见,所核未见,,,只有关系推断,无,高,否,否,是,是,否,否,online harassment and public pile-ons；on-stream physical conflict；repeated pursuit and negotiation of blood-sucking；pain and bodily-boundary comedy；forced transformation into a vampire in backstory；death and prolonged grief；alcohol and gambling；an elaborate deceptive prank,1394,0.08619777895293496,2026-07-30,https://l-m-sherlock.github.io/yuri-classification-archive/works/mayonaka_punch_tv_2024/
黄金拼图,2013,TV 动画,2013 TV anime season 1 episodes 1-12,主线,作品分类,主线,潜在／明显但未确认,所核未见,所核未见,,,只有关系推断,无,高,否,否,是,是,否,否,jokes_about_teenage_girls_breast_size_and_body_shape；swimsuit_undressing_and_body_line_jokes；bathing_and_underwear_scenes；exaggerated_blonde_hair_fascination；nationality_and_language_stereotype_humor,1444,0.1291390728476821,2026-07-29,https://l-m-sherlock.github.io/yuri-classification-archive/works/kin_iro_mosaic_tv_2013/
玛纳利亚的密友,2019,TV 动画,2019 TV anime formal short episodes 1-10；post-credit segments contained in the same formal episode streams,主线,作品分类,主线,明确欲望,所核未见,所核未见,,,只有明确关系事实,无,高,否,是,是,是,否,否,fantasy_combat_and_school_disaster_drill；body_change_and_body_focused_comedy_dialogue；jealousy_brief_conflict_and_separation_anxiety；comic_love_potion_scenario_with_implied_covert_dosing,1471,0.14495331258337038,2026-07-30,https://l-m-sherlock.github.io/yuri-classification-archive/works/manaria_friends_tv_2019/
风灵玉秀,2017,WEB 动画,"WEB animation first-season main episodes 1-12, released from 2017-04-01 through 2021-02-27",主线,作品分类,主线,潜在／明显但未确认,所核未见,所核未见,,,只有关系推断,副线,中,否,否,是,是,否,否,martial_arts_violence_and_weapons；blood_and_serious_injury；abduction_and_captivity；drugging_and_poisoning；threatened_death；body_and_qi_manipulation；alcohol_use,1475,0.15618178209962294,2026-07-29,https://l-m-sherlock.github.io/yuri-classification-archive/works/feng_ling_yu_xiu_web_2017/
那一天的她们,2018,WEB 短篇动画,formal Ano Hi no Kanojotachi day01-day08 released in 2018；formal same-title day09 released in 2025 and included in the current official playlist,主线,作品分类,主线,潜在／明显但未确认,所核未见,所核未见,,,只有关系推断,无,中,否,否,是,是,否,否,ambiguous_retracted_reference_to_liking_an_older_female_cousin,1498,0.037371910789632305,2026-07-30,https://l-m-sherlock.github.io/yuri-classification-archive/works/ano_hi_no_kanojotachi_web_2018/
魍魉之匣,2008,TV 动画,2008 TV anime broadcast episodes 1-13,重要副线,作品分类,重要副线,明确欲望,所核未见,所核未见,,,只有明确关系事实,并列,中,否,是,是,否,否,否,child_endangerment_and_death；murder_and_dismemberment；body_horror_and_live_amputation；medical_experimentation；parent_child_abuse；cult_and_financial_exploitation；suicidal_statements_and_behavior；incest_involving_a_minor；adult_fixation_on_a_minor；wartime_human_experimentation；coercive_dependency_and_idealization,1499,0.013803049031726411,2026-07-29,https://l-m-sherlock.github.io/yuri-classification-archive/works/mouryou_no_hako_tv_2008/
暴力宇宙海贼,2012,TV 动画,2012 TV anime formal episodes 1-26,重要副线,作品分类,重要副线,明确交往,所核未见,所核未见,,,只有明确关系事实,无,高,是,是,是,否,否,否,coerced_political_engagement；patriarchal_family_and_corporate_control；kidnapping_framing_and_pursuit；corporate_corruption_and_weapons_trafficking；space_combat_and_threats_of_death；teen_characters_in_danger,1504,0.069091796875,2026-07-30,https://l-m-sherlock.github.io/yuri-classification-archive/works/mouretsu_uchuu_kaizoku_tv_2012/
六翼天使之声,1999,TV 动画,1999 TV anime broadcast episodes 1-12,重要副线,作品分类,重要副线,明确欲望,所核未见,所核未见,,,只有明确关系事实,并列,中,否,是,是,否,否,否,incest_coded_twin_relationship_and_kiss；coercive_nude_modeling_of_a_minor；sexualization_of_minors；voyeuristic_hidden_camera；coercive_dependency_and_identity_enmeshment；suicidal_statements_in_dream_or_simulation；knife_threat_in_dream_or_simulation；parental_death_and_grief；family_conflict；explosives_accidents_and_endangerment,1531,0.05648008068582955,2026-07-29,https://l-m-sherlock.github.io/yuri-classification-archive/works/seraphim_call_tv_1999/
舞-HiME,2004,TV 动画,TV anime broadcast episodes 1-26 main program and broadcast previews,重要副线,作品分类,重要副线,明确欲望,所核未见,是,当前版本,剧情／角色页,只有明确关系事实,主导,中,否,是,是,否,否,是,nonconsensual_kissing_while_asleep；coercive_and_possessive_romantic_behavior；obsessive_violence_toward_third_parties；homophobic_and_stigmatizing_language；mind_control_and_coercive_indoctrination；forced_battles_between_friends；fantasy_violence_and_bodily_injury；temporary_character_death_and_grief；incestuous_sibling_fixation_and_manipulation；sexualized_imagery_and_nudity,1563,0.11398040961709706,2026-07-29,https://l-m-sherlock.github.io/yuri-classification-archive/works/mai_hime_tv_2004/
少女手工,2022,TV 动画,2022年TV动画正式第1—12话（单季全12话正篇）,重要副线,读者解读,重要副线,潜在／明显但未确认,所核未见,所核未见,,,只有关系推断,无,中,否,否,是,否,否,否,工具误操作与反复轻伤的喜剧化描写；丧亲回忆；短暂离别,1640,0.05822583495317194,2026-07-30,https://l-m-sherlock.github.io/yuri-classification-archive/works/do_it_yourself_tv_2022/
百合熊风暴,2015,TV 动画,2015 TV anime formal episodes 1-12,主线,作品分类,主线,明确交往,所核未见,是,当前版本,剧情／角色页,只有明确关系事实,无,高,是,是,是,是,否,是,fantastical_violence_shootings_and_death；human_eating_and_predation_imagery；bullying_social_exclusion_and_dehumanization；sexualized_nudity_and_suggestive_imagery；adult_predatory_targeting_of_a_minor_and_coerced_kiss_attempt；possessiveness_jealousy_and_betrayal_linked_to_death；bereavement_and_childhood_trauma；attempted_child_sibling_killing_and_sibling_death；memory_erasure_and_bodily_transformation,1654,0.13771979580260918,2026-07-30,https://l-m-sherlock.github.io/yuri-classification-archive/works/yuri_kuma_arashi_tv_2015/
随风舞月影兰,2000,TV 动画,TV formal episodes 1-13,主线,作品分类,缺席,非恋爱,所核未见,所核未见,,,范围内无依据,副线,高,否,否,否,是,否,否,episodic sword and martial-arts violence；abduction and human trafficking；infant abduction and endangerment；drug dependence and fatal injury；religious fraud and arson；false accusation and attempted execution；comic nudity and voyeurism,1673,0.07416563658838071,2026-07-30,https://l-m-sherlock.github.io/yuri-classification-archive/works/tsukikage_ran_tv_2000/
天才麻将少女 阿知贺篇,2012,TV 动画,TV Tokyo terrestrial broadcast episodes 1-12；officially numbered special episodes 13-16 that directly continue and complete the same semifinal；the continuous official story sequence from episode 1 through episode 16,主线,作品分类,重要副线,潜在／明显但未确认,是,所核未见,当前版本,HTML 元数据,只有关系推断,无,高,否,否,是,是,是,否,"sexualized dialogue about the breasts of high-school-aged characters；bath dialogue involving high-school-aged characters；repeated fainting, serious physical strain, and hospitalization；references to a deceased mother；high-pressure competition",1725,0.12520231213872832,2026-07-30,https://l-m-sherlock.github.io/yuri-classification-archive/works/saki_achiga_hen_tv_2012/
忍者与杀手二人组的日常生活,2025,TV 动画,"2025 TV anime formal episodes 1-12, including in-episode post-credit narrative segments",主线,作品分类,主线,明确交往,所核未见,是,当前版本,可见作品宣传,只有明确关系事实,无,高,是,是,是,是,否,是,frequent_stylized_killing_dismemberment_and_corpse_disposal；blood_severe_injury_poisoning_and_weapon_violence；kidnapping_confinement_and_surveillance；nonconsensual_human_experimentation_and_body_modification；age_regression_and_identity_disruption；parental_murder_family_trauma_and_bereavement；sexualized_body_humor_and_partial_nudity；gambling_addiction_and_financial_exploitation,1747,0.09908617173929461,2026-07-30,https://l-m-sherlock.github.io/yuri-classification-archive/works/ninja_to_koroshiya_no_futarigurashi_tv_2025/
AIURA,2013,TV 动画,2013 TV anime formal short episodes 1-12,主线,作品分类,缺席,非恋爱,所核未见,所核未见,,,范围内无依据,无,高,否,否,否,是,否,否,comedic_elbowing_hitting_and_minor_physical_conflict；feigned_death_death_and_murder_jokes；hypothetical_cpr_and_imagined_chest_compressions；camera_joke_about_a_minor_characters_bare_legs,1770,0.0698478561549101,2026-07-30,https://l-m-sherlock.github.io/yuri-classification-archive/works/aiura_tv_2013/
魔女之旅,2020,TV 动画,"2020 TV anime broadcast episodes 1-12；official television website introduction, character profiles and episode 1-12 story pages only as scope and paratext evidence；live database genre, theme and community-tag fields only as external labeling evidence",重要副线,作品分类,重要副线,明确欲望,所核未见,所核未见,,,只有明确关系事实,副线,高,否,是,是,否,否,否,persistent_marriage_cohabitation_and_bed_sharing_requests_after_deflection_or_refusal；magically_compelled_emotional_disclosure_and_body_swapping；incestuous_desire_between_sisters；family_abuse_and_coercive_control；slavery_and_coercive_servitude；pregnancy_fetal_loss_and_partner_execution；murder_graphic_violence_and_gore；nonconsensual_hair_cutting_and_bodily_objectification,1791,0.08726315789473685,2026-07-30,https://l-m-sherlock.github.io/yuri-classification-archive/works/majo_no_tabitabi_tv_2020/
小鸟之翼 高尔夫少女,2022,TV 动画,2022年TV动画Season 1正式第1—13话,主线,作品分类,主线,明确欲望,所核未见,是,当前版本,可见作品宣传,只有明确关系事实,无,高,否,是,是,是,否,是,地下赌博与犯罪组织胁迫；枪击、死亡威胁与角色死亡；贫困、非法居留与强制拆迁；带性意味的威吓、支配提议与身体边界侵犯；未成年角色处于赌博、暴力和犯罪组织控制的高风险环境；少量裸露、性化镜头与性意味玩笑,1806,0.12469437652811736,2026-07-30,https://l-m-sherlock.github.io/yuri-classification-archive/works/birdie_wing_season_1_tv_2022/
穷神,2012,TV 动画,2012 TV anime broadcast episodes 1-13,主线,作品分类,缺席,非恋爱,所核未见,所核未见,,,范围内无依据,副线,高,否,否,否,是,否,否,unwanted_touching_and_sexual_harassment；bathhouse_intrusion_and_peeping_jokes；sexualized_clothing_and_body_jokes；breast_and_body_shaming；same_sex_marriage_fantasy_and_sexual_jokes；violence_and_coercive_power_extraction；school_bullying_and_social_betrayal；parental_absence；body_and_personality_transformation_crisis,1819,0.033522933559239985,2026-07-30,https://l-m-sherlock.github.io/yuri-classification-archive/works/binbougami_ga_tv_2012/
Love Live!,2013,TV 动画,2013年TV动画第一期正式第1—13话,主线,作品分类,主线,潜在／明显但未确认,所核未见,所核未见,,,只有关系推断,无,高,否,否,是,是,否,否,过度训练后病倒；朋友隐瞒离别计划与关系破裂；未经同意的胸部触碰笑料；泳装与洗浴场景；外貌与体型笑料,1820,0.05884076370916549,2026-07-30,https://l-m-sherlock.github.io/yuri-classification-archive/works/love_live_school_idol_project_tv_2013/
恋爱研究所,2013,TV 动画,2013年TV动画正式第1—13话（单季全13话正篇）,主线,作品分类,缺席,非恋爱,所核未见,所核未见,,,范围内无依据,副线,高,否,否,否,是,否,否,喜剧化敲打、踢打与轻度身体冲突；校规对男女交往的调查及惩戒威胁；性别气质、胸部、体形和外貌玩笑；深色妆容及模仿表演构成的肤色与种族刻板笑料；对女中学生恋爱与身体的性化笑话,1824,0.11291770573566084,2026-07-30,https://l-m-sherlock.github.io/yuri-classification-archive/works/renai_laboratory_tv_2013/
天使特警,2002,TV 动画,2002–2003 TV anime formal episodes 1–24,主线,作品分类,主线,潜在／明显但未确认,所核未见,所核未见,,,只有关系推断,副线,高,否,否,是,是,否,否,"science-fiction combat and death；class oppression and institutional violence；memory manipulation, body replacement and replicas；suicidal ideation；drug and medical crises；children in danger；limited sexualized imagery and harassment jokes",1836,0.11160714285714286,2026-07-30,https://l-m-sherlock.github.io/yuri-classification-archive/works/kiddy_grade_tv_2002/
竹剑少女,2007,TV 动画,TV anime numbered episodes 1-26 as the DVD primary versions,重要副线,作品分类,重要副线,明确欲望,所核未见,所核未见,,,只有明确关系事实,副线,高,否,是,是,否,否,否,stalking_and_surveillance；repeated_photography_and_life_size_image；jealousy_manipulation；deception_and_confinement；school_bullying_and_violence；sports_injury；teacher_negligence,1848,0.053245116572148705,2026-07-30,https://l-m-sherlock.github.io/yuri-classification-archive/works/bamboo_blade_tv_2007/
神推偶像登上武道馆我就死而无憾,2020,TV 动画,"2020 TV anime broadcast episodes 1-12；official TV introduction and broadcaster episode guide as paratext；live database genre, theme and community-tag fields only as external labeling evidence",主线,作品分类,主线,明确欲望,是,是,原作、当前版本,出版载体、剧情／角色页,只有明确关系事实,并列,高,否,是,是,是,是,是,repeated_spending_of_income_on_cds_and_paid_fan_contact；working_and_attending_events_while_ill_or_injured；nosebleed_fracture_and_vocal_injury_used_as_exaggerated_comedy；unacted_intrusive_fantasies_about_peeking_and_bathing；idol_romance_taboo_rumor_pressure_and_fan_possessiveness,1851,0.123475196530225,2026-07-30,https://l-m-sherlock.github.io/yuri-classification-archive/works/oshi_ga_budoukan_ittekuretara_shinu_tv_2020/
前桥魔女,2025,TV 动画,"The 2025 TV anime episodes 1-12, aired from 2025-04-06 through 2025-06-22",主线,作品分类,缺席,非恋爱,所核未见,所核未见,,,范围内无依据,无,高,否,否,否,是,否,否,"school exclusion, bullying and body shaming；family pressure and parental bereavement；memory erasure and identity distress；unrequited love and relationship deception in episodic client stories；other people deciding or altering a person's wishes；social-media comparison and reputation anxiety；financial and academic pressure；teenagers manipulated into magical labour by an adult-coded supervisor",1866,0.0480708412397217,2026-07-30,https://l-m-sherlock.github.io/yuri-classification-archive/works/maebashi_witches_tv_2025/
玛利亚狂热,2009,TV 动画,2009 TV anime episodes 1-12,主线,作品分类,主线,明确欲望,是,是,当前版本,剧情／角色页,只有明确关系事实,无,中,否,是,是,是,是,是,same_sex_desire_and_nosebleeds_used_as_repeated_comedy；sexualized_observation_and_fantasy_about_schoolgirls；blackmail_forced_cohabitation_and_continuous_surveillance；humiliating_language_and_school_exclusion；gender_expression_used_in_deception_and_reveal_gags；parody_of_religious_school_imagery,1867,0.09290416971470374,2026-07-30,https://l-m-sherlock.github.io/yuri-classification-archive/works/maria_holic_tv_2009/
光之美少女,2004,TV 动画,"2004-2005 TV anime, numbered episodes 1-49, aired from 2004-02-01 through 2005-01-30",主线,作品分类,缺席,非恋爱,所核未见,所核未见,当前版本,剧情／角色页,范围内无依据,副线,高,否,否,否,是,否,否,fantasy_violence_and_child_endangerment；villain_coercion_and_identity_loss；emotional_separation_grief_and_apparent_death；school_conflict_and_peer_pressure,1873,0.04425182481751825,2026-07-30,https://l-m-sherlock.github.io/yuri-classification-archive/works/futari_wa_precure_tv_2004/
夜樱四重奏 花之歌,2013,TV 动画,2013 TV anime Yozakura Quartet: Hana no Uta episodes 1-13,重要副线,作品分类,局部,明确欲望,所核未见,是,当前版本,剧情／角色页,只有明确关系事实,副线,中,否,是,是,否,否,是,fantasy_violence_and_repeated_child_or_teen_endangerment；possession_coercion_and_threats_of_death_or_forced_dimensional_removal；repeated_fanservice_and_sexualized_observation_of_teen_characters；sibling_death_grief_and_family_conflict；human_youkai_discrimination_and_sacrificial_policy；alcohol_and_intoxication_gags,1927,0.018873011593421408,2026-07-30,https://l-m-sherlock.github.io/yuri-classification-archive/works/yozakura_quartet_hana_no_uta_tv_2013/
Endro~！,2019,TV 动画,2019 TV anime episodes 1-12,主线,作品分类,重要副线,明确欲望,所核未见,是,当前版本,剧情／角色页,只有明确关系事实,无,中,否,是,是,是,否,是,fantasy_combat_and_monster_threats；time_reversal_and_memory_manipulation；staged_kidnapping_and_deception_by_a_friend；swimsuit_and_sexualized_imagery_involving_young_looking_characters；school_and_teacher_student_power_structure,1930,0.10130594649423101,2026-07-30,https://l-m-sherlock.github.io/yuri-classification-archive/works/endro_tv_2019/
上伊那牡丹，酒醉身姿似百合花般,2026,TV 动画,2026 TV anime episodes 1-12,主线,作品分类,主线,明确交往,所核未见,所核未见,,,只有明确关系事实,无,高,是,是,是,是,否,否,alcohol consumption and repeated intoxication；smoking；nightlife venues；reduced judgment during intoxication；negotiation of bodily boundaries around intimate actions and ear piercing；unrequited love and jealousy,1950,0.14677029524667076,2026-07-30,https://l-m-sherlock.github.io/yuri-classification-archive/works/kamiina_botan_tv_2026/
库拉乌 幻之记忆,2004,TV 动画,2004 TV anime formal episodes 1–24,主线,作品分类,缺席,非恋爱,所核未见,所核未见,,,范围内无依据,副线,中,否,否,否,是,否,否,institutional_pursuit_detention_and_state_violence；human_and_energy_experimentation；body_dissolution_and_identity_displacement；war_terrorism_and_civil_unrest；death_grief_and_family_separation；child_injury_and_endangerment；coercive_pair_replacement,1965,0.08821855435401252,2026-07-30,https://l-m-sherlock.github.io/yuri-classification-archive/works/kurau_phantom_memory_tv_2004/
轻声密语,2009,TV 动画,2009 TV anime episodes 1-13,主线,作品分类,主线,明确交往,所核未见,是,当前版本,剧情／角色页,只有明确关系事实,副线,中,是,是,是,是,否,是,unrequited_love_rejection_and_friendship_loss_anxiety；social_isolation_and_stigma_around_same_gender_attraction；outing_pressure_and_blackmail_framed_as_comedy；crossdressing_and_gender_presentation_comedy；teen_swimsuit_and_service_imagery；karate_violence_and_slapstick,1973,0.17659804983748645,2026-07-30,https://l-m-sherlock.github.io/yuri-classification-archive/works/sasameki_koto_tv_2009/
荒野的寿飞行队,2019,TV 动画,2019 TV anime main episodes 1-12,主线,读者解读,局部,潜在／明显但未确认,所核未见,所核未见,,,只有关系推断,副线,中,否,否,是,是,否,否,aerial_combat_gunfire_explosions_and_crashes；injury_death_risk_and_wartime_peril；authoritarian_propaganda_and_political_coercion；recurring_alcohol_use；heterosexual_flirtation_proposal_and_failed_marriage_comedy,2000,0.020561685055165497,2026-07-30,https://l-m-sherlock.github.io/yuri-classification-archive/works/kouya_no_kotobuki_hikoutai_tv_2019/
代号17,2001,TV 动画,"2001-05-27 through 2002-05-26 TV anime, original episodes 1-13 at approximately 46-47 minutes each",主线,作品分类,主线,潜在／明显但未确认,所核未见,所核未见,,,只有关系推断,副线,中,否,否,是,是,否,否,death_of_children_and_prolonged_grief；alien_violence_body_horror_and_child_endangerment；artificial_lifeform_death_and_forced_separation；memory_copying_manipulation_and_erasure；constructed_twin_sister_identity_with_romantic_ambiguity；intense_dependency_and_separation_anxiety；bereavement_and_parental_loss,2084,0.06741573033707865,2026-07-30,https://l-m-sherlock.github.io/yuri-classification-archive/works/figure_17_tv_2001/
mono女孩,2025,TV 动画,"2025 TV anime episodes 1-12, aired from 2025-04-13 through 2025-06-29",主线,作品分类,主线,潜在／明显但未确认,所核未见,所核未见,,,只有关系推断,无,高,否,否,是,是,否,否,"social-media harassment and hostile rumor circulation；dangerous driving, downhill skateboarding and travel mishaps；food-overconsumption and gastrointestinal-distress comedy；ghost, haunting and found-footage horror imagery；temporary despair expressed with a casual wish to die；animal danger and supernatural-animal discussion",2104,0.050522982439305246,2026-07-30,https://l-m-sherlock.github.io/yuri-classification-archive/works/mono_tv_2025/
向山进发,2013,TV 动画,2013 first TV season formal episodes 1–12,主线,作品分类,缺席,非恋爱,所核未见,所核未见,,,范围内无依据,无,高,否,否,否,是,否,否,childhood_fall_broken_bone_and_fear_of_heights；beginner_hiking_anxiety_and_physical_endangerment；broken_footwear_on_a_mountain_trail,2110,0.10870352924124936,2026-07-30,https://l-m-sherlock.github.io/yuri-classification-archive/works/yama_no_susume_tv_2013/
黑街二人组,2001,TV 动画,2001 TV anime main episodes 1-26,主线,作品分类,主线,潜在／明显但未确认,所核未见,所核未见,,,只有关系推断,副线,高,否,否,是,是,否,否,assassination_gunfire_stabbing_and_death；organized_crime_terrorism_and_political_violence；child_soldier_conditioning_and_identity_manipulation；amnesia_and_psychological_breakdown；cult_control_coercive_ritual_and_emotional_abuse；family_murder_revenge_and_grief；forced_lethal_selection_between_women；threatening_nonconsensual_kiss_of_death；fire_drowning_and_suicidal_requests_to_be_killed,2166,0.10208643815201192,2026-07-30,https://l-m-sherlock.github.io/yuri-classification-archive/works/noir_tv_2001/
结城友奈是勇者,2014,TV 动画,"2014-10-16 through 2014-12-25 TV anime season 1, formal episodes 1-12",主线,作品分类,主线,潜在／明显但未确认,所核未见,所核未见,,,只有关系推断,无,中,否,否,是,是,否,否,institutional_exploitation_and_deception_of_minors；child_combat_and_severe_fantasy_violence；bodily_sacrifice_disability_and_loss_of_sensory_or_motor_functions；memory_loss_and_identity_manipulation；self_destructive_sacrifice_and_prolonged_unconsciousness；suicidal_ideation_and_attempted_world_destruction；cosmic_horror_and_apocalyptic_threat；grief_guilt_and_emotional_breakdown,2174,0.10347081033981992,2026-07-30,https://l-m-sherlock.github.io/yuri-classification-archive/works/yuuki_yuuna_wa_yuusha_de_aru_tv_2014/
爱杀宝贝,2012,TV 动画,2012 TV anime formal episodes 1-13,主线,作品分类,缺席,非恋爱,所核未见,所核未见,,,范围内无依据,无,高,否,否,否,是,否,否,frequent_comedic_hitting_punching_joint_locks_and_minor_injury_gags；knives_guns_assassination_assignments_and_death_threats_used_in_comedy；unwanted_grabbing_and_surprise_contact_followed_by_reflex_violence；public_bath_and_body_gags_involving_school_age_characters；animal_insect_drowning_and_stranding_peril_played_for_comedy；valentine_romance_convention_and_background_heterosexual_confession_gag,2182,0.04350484843190355,2026-07-30,https://l-m-sherlock.github.io/yuri-classification-archive/works/kill_me_baby_tv_2012/
SSSS.古立特,2018,TV 动画,2018 broadcast TV anime episodes 1-12；official TV anime website and episode announcement pages as paratext；current public database entries only as classification context,重要副线,读者解读,重要副线,潜在／明显但未确认,所核未见,所核未见,,,只有关系推断,并列,中,否,否,是,否,否,否,kaiju_violence_city_destruction_and_mass_death_erasure；stabbing_blood_and_child_endangerment；amnesia_identity_displacement_and_memory_rewriting；creator_control_and_manipulated_affection；psychological_exploitation_isolation_and_self_loathing；dream_world_coercion_and_escapism；self_destructive_language_and_requests_to_be_killed；friendship_originated_by_design_and_creator_created_power_imbalance,2183,0.0022137755315149743,2026-07-30,https://l-m-sherlock.github.io/yuri-classification-archive/works/ssss_gridman_tv_2018/
珈百璃的堕落,2017,TV 动画,2017 television series formal episodes 1–12,主线,作品分类,局部,明确欲望,所核未见,所核未见,,,只有明确关系事实,无,高,否,是,是,是,否,否,sexualized_underwear_body_and_changing_room_jokes_involving_teen_coded_characters；one_sided_voyeuristic_harassment_and_attempted_nonconsensual_photography；slapstick_violence_restraint_humiliation_and_boundary_violations；unauthorized_home_entry_as_comedy；animal_impoundment_and_euthanasia_threat；apocalyptic_destruction_threats_as_comedy,2185,0.10419030330534755,2026-07-30,https://l-m-sherlock.github.io/yuri-classification-archive/works/gabriel_dropout_tv_2017/
樱Trick,2014,TV 动画,"2014 broadcast TV anime episodes 1-12；official TV anime website, episode guide and animation-studio work page as paratext；current public database entries only as classification context",主线,作品分类,主线,明确欲望,所核未见,是,当前版本,剧情／角色页,只有明确关系事实,无,高,否,是,是,是,否,是,sexualized_presentation_of_school_age_characters；surprise_kissing_and_comedic_boundary_crossing；jealousy_possessiveness_and_relationship_surveillance；romantic_relationship_between_cousins；family_arranged_engagement_as_relationship_pressure；unwanted_or_uninvited_body_touching；school_pool_and_body_fanservice,2210,0.18049739338518075,2026-07-30,https://l-m-sherlock.github.io/yuri-classification-archive/works/sakura_trick_tv_2014/
我家也有外星人,2000,TV 动画,"2000 TV anime, formal numbered episodes 1-13, aired from 2000-04-26 through 2000-07-19",主线,作品分类,缺席,非恋爱,所核未见,所核未见,,,范围内无依据,副线,高,否,否,否,是,否,否,poverty_food_insecurity_and_resource_conflict；asymmetric_housing_labor_and_care_burden；alien_caste_discrimination_and_dehumanizing_language；ethnic_and_racial_caricature；sexual_harassment_and_bawdy_humor；parental_bereavement_and_possible_loss_of_home,2247,0.04304979253112033,2026-07-30,https://l-m-sherlock.github.io/yuri-classification-archive/works/niea_7_tv_2000/
放学后海堤日记,2020,TV 动画,2020 broadcast TV anime episodes 1-12；official TV anime website and all twelve official episode synopses as paratext；current public database entries only as classification context,主线,作品分类,缺席,非恋爱,所核未见,所核未见,,,范围内无依据,无,高,否,否,否,是,否,否,fishing_live_bait_and_killing_cleaning_and_eating_animals；insects_octopus_and_other_sea_creatures；coerced_club_recruitment_using_the_protagonists_animal_fear；adult_teacher_alcohol_use_and_unwanted_kissing_or_marriage_jokes_toward_students；swimwear_body_size_and_breast_comedy；water_safety_risk_and_fear,2274,0.07053941908713693,2026-07-31,https://l-m-sherlock.github.io/yuri-classification-archive/works/houkago_teibou_nisshi_tv_2020/
漫画女孩,2018,TV 动画,2018 television series formal episodes 1–12,主线,作品分类,重要副线,明确欲望,所核未见,所核未见,,,只有明确关系事实,无,高,否,是,是,是,否,否,sexualized_body_underwear_swimsuit_bath_and_breast_jokes_involving_teen_coded_characters；in_story_tl_and_erotic_manga_discussion_with_imagined_adult_sexual_situations；stalking_fear_harassment_and_boundary_violations_played_as_comedy；alcohol_and_intoxication_involving_adult_characters；body_weight_dieting_and_food_shame_jokes；intense_self_denigration_anxiety_rejection_and_deadline_stress；slapstick_horror_and_blood_imagery,2298,0.11567319716548562,2026-07-31,https://l-m-sherlock.github.io/yuri-classification-archive/works/comic_girls_tv_2018/
顶点!!!!!!!!!!!!!!!,2022,TV 动画,"2022 TV anime numbered episodes 1-12；episode 2 as a regular numbered episode formally broadcast from 2022-09-10 after its originally scheduled 2022-07-09 broadcast was withdrawn；official TV anime website, episode guide, broadcast-change notices and current legal-streaming episode lists as scope paratext；current public database entries only as classification context",主线,作品分类,缺席,非恋爱,所核未见,所核未见,,,范围内无依据,副线,高,否,否,否,是,否,否,assassination_plot_misunderstanding_and_weapons；fabricated_suicide_and_curse_story；stalking_and_peeping_misunderstanding；comic_violence_explosions_confinement_and_virtual_reality_combat；body_breast_swimwear_and_bathing_program_jokes；online_harassment_clickbait_and_financial_fraud；adult_opposite_sex_first_love_reunion_in_episode_7,2324,0.055177928828468614,2026-07-31,https://l-m-sherlock.github.io/yuri-classification-archive/works/teppen_tv_2022/
侦探歌剧 少女福尔摩斯,2010,TV 动画,"2010 TV anime formal numbered episodes 1-12, aired from 2010-10-07 through 2010-12-23",主线,作品分类,缺席,非恋爱,所核未见,所核未见,,,范围内无依据,副线,高,否,否,否,是,否,否,food_insecurity_hunger_and_humiliating_loss_of_housing_privileges；frequent_slapstick_violence_explosions_falls_and_comedic_peril；unwanted_grabbing_forced_proximity_and_body_contact_played_as_comedy；sexualized_nudity_breast_and_underwear_gags_involving_school_characters；male_sexual_harassment_forced_undressing_and_coffin_confinement；male_exhibitionism_and_repeated_one_sided_sexualized_adoration；arranged_marriage_plot_and_secondary_heterosexual_romance；hostage_scenarios_drowning_threats_and_live_burial_imagery,2381,0.05605687722176648,2026-07-31,https://l-m-sherlock.github.io/yuri-classification-archive/works/tantei_opera_milky_holmes_tv_2010/
强袭魔女,2008,TV 动画,2008 TV anime first season episodes 1-12,主线,作品分类,重要副线,潜在／明显但未确认,所核未见,所核未见,,,只有关系推断,副线,高,否,否,是,是,否,否,"warfare, aerial combat and military danger；young characters placed in combat；injury and presumed death；bereavement and wartime separation；frequent sexualized nudity and underwear-like costume framing；body-focused jokes and intrusive touching；voyeuristic and bath-scene fanservice",2386,0.09632429614181438,2026-07-30,https://l-m-sherlock.github.io/yuri-classification-archive/works/strike_witches_tv_2008/
Estab-Life Great Escape,2022,TV 动画,2022 TV anime formal episodes 1-12；the FOD advance release only as distribution context for the same numbered TV-anime content；official episode pages and public database entries only as scope and classification context,主线,作品分类,重要副线,明确欲望,所核未见,所核未见,,,只有明确关系事实,无,高,否,是,是,是,否,否,firearms_explosions_combat_and_serious_injury；suicidal_ideation_and_suicide_method_jokes；authoritarian_surveillance_forced_conformity_and_imprisonment；gang_violence_religious_coercion_and_forced_labour；sexualised_body_underwear_and_no_underwear_jokes；fantasy_of_forcing_down_a_character_with_consent_explicitly_debated；end_of_life_farewell_and_character_disappearance,2430,0.06630336058128973,2026-07-31,https://l-m-sherlock.github.io/yuri-classification-archive/works/estab_life_great_escape_tv_2022/
魔女猎人,2007,TV 动画,2007 television series formal episodes 1–26,主线,作品分类,主线,潜在／明显但未确认,所核未见,所核未见,,,只有关系推断,并列,高,否,否,是,是,否,否,gunfire knife and wire violence with injury and death；human experimentation cloning memory manipulation and mind control；stalking possessiveness and romance-framed coercive control；non-consensual kissing while a character sleeps；kidnapping restraint abuse and nudity；researcher-subject and captor-target power imbalances；a request that a loved one perform a shooting and temporary character deaths；bereavement and destruction of a community；villain framing and slurs directed at a gender-nonconforming character,2432,0.12870514820592824,2026-07-31,https://l-m-sherlock.github.io/yuri-classification-archive/works/el_cazador_de_la_bruja_tv_2007/
邪神与厨二病少女,2018,TV 动画,"2018 first-season television run, episodes 1-11；formally numbered same-season episode 12 (#EX), first distributed on Amazon Prime Video on 2018-10-01 and included in the first-season lower Blu-ray/DVD box",主线,作品分类,重要副线,明确欲望,所核未见,所核未见,,,只有明确关系事实,无,高,否,是,是,是,否,否,recurrent_comic_murder_dismemberment_torture_and_gore_with_regeneration；coercive_summoning_and_forced_cohabitation；stalking_abduction_possessive_harassment_and_police_power_abuse；financial_exploitation_gambling_and_enabling；homelessness_hunger_and_food_insecurity；bullying_insults_and_nonconsensual_physical_contact；nudity_swimsuit_fanservice_and_sexualized_comedy,2437,0.07607140635690739,2026-07-31,https://l-m-sherlock.github.io/yuri-classification-archive/works/jashin_chan_dropkick_tv_2018/
狂赌之渊,2017,TV 动画,2017 TV anime first-season formal episodes 1-12,主线,作品分类,缺席,非恋爱,所核未见,所核未见,,,范围内无依据,无,高,否,否,否,是,否,否,compulsive_gambling_debt_and_financial_coercion；institutional_slavery_dehumanisation_and_forced_life_plans；bullying_humiliation_and_threats；guns_russian_roulette_self_harm_and_suicidal_desire；sexualised_gambling_arousal_domination_and_masochism；nail_removal_body_horror_and_blood；coercive_marriage_reproduction_and_career_plans,2463,0.015606671086856734,2026-07-31,https://l-m-sherlock.github.io/yuri-classification-archive/works/kakegurui_tv_2017/
憧憬成为魔法少女,2024,TV 动画,2024 TV anime formal episodes 1-13,主线,作品分类,主线,明确欲望,所核未见,所核未见,,,只有明确关系事实,无,高,否,是,是,是,否,否,sexualisation_of_middle_school_age_characters；repeated_nonconsensual_bondage_stripping_groping_and_genital_or_breast_stimulation；coerced_kissing_and_sexual_activity_in_a_locked_room；sadism_masochism_humiliation_and_orgasmic_reactions；tentacles_monster_assault_and_public_exposure；blackmail_forced_transformation_and_identity_threats；mind_control_age_regression_and_childlike_roleplay；combat_injury_weapons_and_city_destruction,2464,0.13742867161847683,2026-07-31,https://l-m-sherlock.github.io/yuri-classification-archive/works/mahou_shoujo_ni_akogarete_tv_2024/
死后文,2008,TV 动画,The twelve broadcast TV episodes aired from 2008-01-05 through 2008-03-22,主线,读者解读,主线,潜在／明显但未确认,所核未见,所核未见,,,只有关系推断,副线,高,否,否,是,是,否,否,"suicide, suicidal ideation and attempted suicide；child abuse and domestic violence；child sexual exploitation and coercive modelling；murder, attempted murder and gun violence；school bullying and public shaming；dissociative identity and mental-health stigma；coma, death, grief and terminal illness；child neglect and abandonment；media harassment and victim blaming；animal death；stalking and confinement",2493,0.017458203876313066,2026-07-31,https://l-m-sherlock.github.io/yuri-classification-archive/works/shigofumi_tv_2008/
为美好的世界献上爆焰！,2023,TV 动画,"2023 television anime formal numbered episodes 1-12, aired from 2023-04-06 through 2023-06-22",主线,作品分类,主线,明确欲望,所核未见,所核未见,,,只有明确关系事实,副线,高,否,是,是,是,否,否,adult_sexualization_harassment_and_unwanted_intimacy_directed_at_minors；male_stalking_voyeurism_marriage_fantasy_and_sexual_harassment；poverty_food_insecurity_and_child_hunger；school_isolation_peer_exploitation_and_social_humiliation；monster_attacks_combat_injury_explosions_and_threats；religious_cult_manipulation_and_vulgar_sexual_comedy,2498,0.0027228317450148152,2026-07-31,https://l-m-sherlock.github.io/yuri-classification-archive/works/kono_subarashii_sekai_ni_bakuen_wo_tv_2023/
+模型姐妹,2011,WEB 短篇动画,"The twelve approximately two-minute animated shorts commonly represented as one ONA/database entry, using the home-video order from 喧嘩チック through 大きいなお世話チック；The six shorts publicly distributed on the web and the six additional shorts included in the first twelve-short home-video collection",主线,作品分类,缺席,非恋爱,所核未见,所核未见,,,范围内无依据,副线,中,否,否,否,是,否,否,"slapstick violence and threats among students；coercive stripping, clothing removal and body-boundary violations used as comedy；sexualized underwear, partial nudity and exposure jokes；same-sex physical harassment used as a gag without establishing romance；heterosexual crush, breakup, boyfriend and courtship jokes；body shaming and ridicule about puberty and physical appearance；obscene gestures, sexual language and genital humour；bullying, humiliation and intimidation",2538,0.039198606271777,2026-07-31,https://l-m-sherlock.github.io/yuri-classification-archive/works/plus_tic_neesan_web_2011/
Slow Start,2018,TV 动画,2018 television series formal episodes 1–12,主线,作品分类,重要副线,明确欲望,所核未见,所核未见,,,只有明确关系事实,无,高,否,是,是,是,否,否,sexualized_underwear_swimsuit_breast_nipple_and_body_jokes_involving_teen_coded_characters；teacher_checks_a_students_underwear_and_recurrent_teacher_student_flirtation_with_age_and_authority_imbalance；adult_alcohol_intoxication_and_a_student_escorting_an_intoxicated_teacher_home；social_anxiety_school_interruption_exam_failure_hikikomori_and_fear_of_peer_rejection；dating_sim_and_embedded_fictional_romance_discussion；mild_slapstick_and_boundary_testing_played_as_comedy,2584,0.13344772967265048,2026-07-31,https://l-m-sherlock.github.io/yuri-classification-archive/works/slow_start_tv_2018/
邻家索菲,2018,TV 动画,2018 television series formal episodes 1–12,主线,作品分类,主线,明确欲望,所核未见,所核未见,,,只有明确关系事实,无,高,否,是,是,是,否,否,uninvited_move_in_and_repeated_boundary_testing_played_as_comedy；a_sunlight_vulnerable_vampire_is_secretly_transported_to_a_beach_and_exposed_to_serious_risk；blood_drinking_continues_after_explicit_refusal；bathing_nudity_buttocks_underwear_and_body_jokes；sexualized_comments_toward_young_women_and_in_story_harassment_callout；temporary_feigned_illness_to_prolong_care；possessiveness_and_jealousy_played_as_comedy；blood_food_and_vampire_hunting,2590,0.1318606627017842,2026-07-31,https://l-m-sherlock.github.io/yuri-classification-archive/works/tonari_no_kyuuketsuki_san_tv_2018/
雾尾粉丝俱乐部,2026,TV 动画,2026 TV anime episodes 1-12,主线,作品分类,主线,明确欲望,所核未见,所核未见,,,只有明确关系事实,并列,高,否,是,是,是,否,否,childhood_friend_terminal_illness_death_and_grief；school_refusal_and_survivor_guilt；obsessive_observation_photography_and_personal_boundary_intrusion；bodily_fluid_excretion_and_sexualized_jokes_involving_high_school_characters；occult_curse_death_fantasy_and_comic_injury；unrequited_love_rejection_and_hidden_same_sex_desire,2659,0.04217298070050036,2026-07-31,https://l-m-sherlock.github.io/yuri-classification-archive/works/kirio_fan_club_tv_2026/
赛马娘 Pretty Derby,2018,TV 动画,"official first-season TV anime episodes 1-12 and official EXTRA R episode 13, originally broadcast from 2018-04-02 through 2018-06-18",主线,作品分类,缺席,非恋爱,所核未见,所核未见,,,范围内无依据,无,高,否,否,否,是,否,否,severe_race_injury_fall_emergency_response_and_leg_fracture；long_rehabilitation_and_fear_of_reinjury；overtraining_and_intense_competitive_pressure；body_weight_dieting_and_food_restriction_jokes；male_trainer_nonconsensual_leg_touching_framed_as_sexual_harassment_comedy；protagonist_birth_mother_death_and_family_bereavement,2679,0.06519423045402394,2026-07-31,https://l-m-sherlock.github.io/yuri-classification-archive/works/uma_musume_pretty_derby_tv_2018/
放学后的昴星团,2015,TV 动画,2015 broadcast TV anime episodes 1-12；official TV program and character descriptions only as scope and paratext evidence；current public database fields and community tags only as external labeling evidence,主线,作品分类,缺席,非恋爱,所核未见,所核未见,,,范围内无依据,并列,高,否,否,否,是,否,否,minor_characters_in_cosmic_peril_and_mild_fantasy_combat；hospitalization_coma_and_death_threat；self_erasure_and_death_wish_language；bereavement_and_family_loss；memory_discontinuity_and_separation,2709,0.05688124306326304,2026-07-31,https://l-m-sherlock.github.io/yuri-classification-archive/works/houkago_no_pleiades_tv_2015/
无能力者娜娜,2020,TV 动画,"2020 broadcast TV anime episodes 1-13；official TV story, character and episode-commentary pages only as scope, action and paratext evidence；current public database fields and community tags only as external labeling evidence",主线,作品分类,缺席,非恋爱,所核未见,所核未见,当前版本,访谈／评论,范围内无依据,副线,高,否,否,否,是,否,否,serial_murder_and_attempted_murder_by_the_protagonist；deception_manipulation_and_instrumental_use_of_trust；knife_violence_throat_cutting_poisoning_drowning_and_fatal_injuries；death_of_teenagers_corpses_necromancy_and_autopsy_discussion；school_bullying_humiliation_and_a_deceptive_love_letter_prank；sexualized_blackmail_and_coerced_girlfriend_role；self_inflicted_injury_used_to_stage_an_attack；animal_cruelty；childhood_family_murder_survivor_guilt_and_traumatic_flashbacks；terminal_illness_bereavement_and_grief；life_shortening_healing_and_sacrificial_death,2794,0.012877900971007506,2026-07-31,https://l-m-sherlock.github.io/yuri-classification-archive/works/munou_na_nana_tv_2020/
大正野球娘。,2009,TV 动画,2009 television anime formal episodes 1–12,主线,作品分类,重要副线,潜在／明显但未确认,所核未见,所核未见,,,只有关系推断,并列,高,否,否,是,是,否,否,period_sexism_and_gender_discrimination；arranged_engagement_involving_a_fourteen_year_old_and_a_six_year_age_gap；intrusive_male_courtship_and_unaccepted_proposal；parental_concealment_confinement_and_threatened_disownment；sports_injury_and_training_pressure；night_time_violence_and_crime_threat,2808,0.10264900662251655,2026-07-31,https://l-m-sherlock.github.io/yuri-classification-archive/works/taishou_yakyuu_musume_tv_2009/
悠悠式,2013,TV 动画,2013 television series formal episodes 1–12,主线,作品分类,重要副线,潜在／明显但未确认,是,所核未见,当前版本,可见作品宣传,只有关系推断,无,高,否,否,是,是,是,否,sexualized_breast_body_and_underwear_jokes_involving_high_school_aged_characters；requests_for_kissing_breast_touching_and_other_physical_contact_played_as_comedy；verbal_refusal_and_physical_contact_boundaries_used_as_recurring_jokes；comic_hitting_and_rough_teasing；adult_teacher_and_student_breast_touching_jokes,2824,0.11851126346718903,2026-07-31,https://l-m-sherlock.github.io/yuri-classification-archive/works/yuyushiki_tv_2013/
高校舰队,2016,TV 动画,"official 2016 television anime episodes 1 through 12, originally broadcast from 2016-04-10 through 2016-06-26",主线,作品分类,缺席,非恋爱,所核未见,所核未见,,,范围内无依据,无,高,否,否,否,是,否,否,naval_combat_live_fire_explosions_and_shipwreck_danger；viral_loss_of_agency_and_aggressive_behavior；injury_drowning_risk_and_mass_evacuation；childhood_parental_death_and_disaster_trauma；minor_bathing_underwear_and_body_weight_jokes,2832,0.1047425080011638,2026-07-31,https://l-m-sherlock.github.io/yuri-classification-archive/works/high_school_fleet_tv_2016/
忍者椿的胸之内,2022,TV 动画,2022 television anime formal episodes 1–13,主线,作品分类,重要副线,潜在／明显但未确认,所核未见,所核未见,,,只有关系推断,主导,高,否,否,是,是,否,否,nudity_bathing_breast_crotch_and_body_jokes_involving_minor_coded_characters；invasive_sex_anatomy_check_jokes_and_gender_expression_stereotypes；gender_segregation_and_compulsory_heterosexual_romance_teaching；physical_punishment_slapstick_and_mild_violence；illness_sports_injury_and_dangerous_training；appearance_comparison_and_humiliation,2838,0.06588413479742522,2026-07-31,https://l-m-sherlock.github.io/yuri-classification-archive/works/kunoichi_tsubaki_no_mune_no_uchi_tv_2022/
恋爱小行星,2020,TV 动画,2020 television anime formal episodes 1–12,主线,作品分类,主线,明确欲望,所核未见,是,当前版本,剧情／角色页,只有明确关系事实,无,高,否,是,是,是,否,是,swimsuit_bathing_underwear_body_and_sexual_wordplay_jokes_involving_teen_coded_characters；covert_photography_and_following_peers_played_as_comedy；jealousy_elopement_cohabitation_and_spouse_role_jokes；family_separation_relocation_and_school_transfer_distress；illness_exhaustion_and_disaster_recollections,2849,0.1074842620657496,2026-07-31,https://l-m-sherlock.github.io/yuri-classification-archive/works/koisuru_asteroid_tv_2020/
偶像大师 灰姑娘女孩,2015,TV 动画,2015 television anime first season formal episodes 1 through 13,主线,作品分类,缺席,非恋爱,所核未见,所核未见,,,范围内无依据,无,高,否,否,否,是,否,否,idol_industry_and_performance_pressure；emotional_breakdown_and_temporary_withdrawal；stress_related_fever_and_collapse；mild_sexualized_costume_and_body_jokes,2861,0.02889865494739646,2026-07-31,https://l-m-sherlock.github.io/yuri-classification-archive/works/the_idolmaster_cinderella_girls_tv_2015/
学园孤岛,2015,TV 动画,2015 年 TV 动画正篇第 1–12 话,主线,作品分类,缺席,非恋爱,所核未见,所核未见,,,范围内无依据,副线,高,否,否,否,是,否,否,zombie_apocalypse_and_sustained_survival_threat；violent_death_blood_weapons_and_body_horror；infection_loss_of_agency_and_attempted_mercy_killing；trauma_dissociation_hallucination_and_grief；teacher_death_and_confrontation_with_infected_remains；dog_infection_and_death；food_scarcity_and_confinement；brief_bathing_swimsuit_and_underwear_humor,2888,0.1049470298902762,2026-07-31,https://l-m-sherlock.github.io/yuri-classification-archive/works/gakkou_gurashi_tv_2015/
神无月的巫女,2004,TV 动画,2004 TV anime formal episodes 1-12,主线,作品分类,主线,明确交往,所核未见,所核未见,,,只有明确关系事实,并列,高,是,是,是,是,否,否,sexual_assault_and_nonconsensual_intimacy；physical_violence_between_romantic_leads；manipulation_and_deliberate_psychological_harm；suicide_attempt_or_self_harm_threat；coerced_ritual_killing；death_sacrifice_and_reincarnation；apocalyptic_destruction；blood_and_combat_injury；sexualized_nudity_involving_teen_characters；homophobic_or_social_taboo_framing_of_same_sex_love；obsessive_possessiveness_and_jealousy；underage_characters_in_sexual_context,3044,0.19066286528866713,2026-07-31,https://l-m-sherlock.github.io/yuri-classification-archive/works/kannazuki_no_miko_tv_2004/
甜心格格,2011,TV 动画,2011 年播出的《甜心格格》TV 动画第一季正篇第 1–52 话,重要副线,读者解读,缺席,非恋爱,所核未见,所核未见,,,范围内无依据,副线,中,否,否,否,否,否,否,cartoon_peril_and_slapstick；strict_school_discipline_and_punishment；brief_detention_and_imprisonment_scenarios；fear_of_cockroaches_and_insects,3056,0.07087552114353782,2026-07-31,https://l-m-sherlock.github.io/yuri-classification-archive/works/tianxin_gege_tv_2011/
惊爆草莓,2006,TV 动画,2006 TV anime formal episodes 1-26,主线,作品分类,主线,明确交往,是,所核未见,当前版本,可见作品宣传,只有明确关系事实,无,高,是,是,是,是,是,否,sudden_or_unasked_kissing_and_intimate_approaches；forced_intimacy_after_repeated_refusal；sexual_assault；trauma_driven_intimacy_and_mistaken_identity；unrequited_love_possessiveness_and_jealousy；emotional_manipulation；terminal_illness_and_death；prolonged_grief_and_trauma；horse_riding_accident_and_amnesia；nudity_and_sexualized_imagery_involving_teen_characters,3062,0.17463352453792225,2026-07-31,https://l-m-sherlock.github.io/yuri-classification-archive/works/strawberry_panic_tv_2006/
未确认进行式,2014,TV 动画,"2014 TV animation formal episodes 1-12；official TV-anime home, story and character pages as edition-specific paratext；current public database entries only as classification context",重要副线,读者解读,局部,潜在／明显但未确认,所核未见,所核未见,当前版本,剧情／角色页、可见作品宣传、访谈／评论,只有关系推断,主导,高,否,否,是,否,否,否,arranged_engagement_and_cohabitation_without_prior_consent；sibling_fixation_and_boundary_violating_comedy；sexualized_comments_and_intrusive_physical_comedy；childlike_character_placed_in_high_school_context；past_accident_memory_loss_and_injury；illness_and_snowstorm_rescue,3077,0.033410360100134796,2026-07-31,https://l-m-sherlock.github.io/yuri-classification-archive/works/mikakunin_de_shinkoukei_tv_2014/
Fate/kaleid liner 魔法少女☆伊莉雅,2013,TV 动画,2013 年首部 TV 动画正式第 1–10 话,主线,作品分类,缺席,非恋爱,所核未见,所核未见,当前版本,剧情／角色页、可见作品宣传,范围内无依据,副线,高,否,否,否,是,否,否,child_characters_in_fantasy_combat_and_life_threatening_danger；forced_magical_contract；sexualized_comedy_involving_child_characters；unilateral_foster_sibling_crush；mistaken_identity_kiss_involving_child_characters,3094,0.08043612425426867,2026-07-31,https://l-m-sherlock.github.io/yuri-classification-archive/works/fate_kaleid_liner_prisma_illya_tv_2013/
A频道,2011,TV 动画,2011 年电视动画《Aチャンネル》正篇第 1–12 话,主线,作品分类,重要副线,潜在／明显但未确认,所核未见,是,当前版本,剧情／角色页、可见作品宣传,只有关系推断,无,高,否,否,是,是,否,是,high_school_students_in_swimsuit_and_body_size_comedy；comic_hitting_and_physical_threats；possessive_or_jealous_reactions_played_for_comedy；adult_male_school_nurse_makes_fetishizing_comments_about_a_student；physical_contact_requests_and_boundary_crossing_played_for_comedy,3097,0.12314156431803491,2026-07-31,https://l-m-sherlock.github.io/yuri-classification-archive/works/a_channel_tv_2011/
迦南,2009,TV 动画,2009 TV anime main broadcast episodes 1-13,主线,作品分类,主线,潜在／明显但未确认,所核未见,所核未见,当前版本,剧情／角色页、可见作品宣传,只有关系推断,无,中,否,否,是,是,否,否,terrorist_attacks_gunfire_explosions_and_violent_death；biological_weapon_infection_medical_experimentation_and_bodily_transformation；kidnapping_captivity_coercion_and_threats_against_civilians；trauma_grief_memory_loss_and_survivor_guilt；revenge_torture_and_psychological_manipulation,3105,0.05029109376935464,2026-07-31,https://l-m-sherlock.github.io/yuri-classification-archive/works/canaan_tv_2009/
舞-乙HiME,2005,TV 动画,2005–2006 television anime formal episodes 1–26,主线,作品分类,重要副线,潜在／明显但未确认,所核未见,所核未见,当前版本,可见作品宣传,只有关系推断,主导,中,否,否,是,是,否,否,sexual_assault_or_attempted_sexual_assault；sexualized_imagery_and_nudity_involving_teen_characters；coercive_control_and_political_violence；betrayal_between_friends；character_death_and_grief；war_and_fantasy_violence；memory_loss；age_gap_or_power_imbalance_romance,3107,0.11459499813363196,2026-07-31,https://l-m-sherlock.github.io/yuri-classification-archive/works/mai_otome_tv_2005/
千绪的通学路,2018,TV 动画,2018 年电视动画《ちおちゃんの通学路》正篇第 1–12 话,主线,作品分类,缺席,非恋爱,所核未见,所核未见,当前版本,剧情／角色页,范围内无依据,副线,高,否,否,否,是,否,否,slapstick_violence_and_dangerous_stunts；crude_toilet_urine_underwear_and_partial_nudity_gags；student_has_unrequited_interest_in_an_adult_teacher；male_former_biker_pursuit_and_threat_gags；social_status_shaming_and_humiliation_comedy,3135,0.023368663006001787,2026-07-31,https://l-m-sherlock.github.io/yuri-classification-archive/works/chio_chan_no_tsuugakuro_tv_2018/
花舞少女,2014,TV 动画,2014 年电视动画《ハナヤマタ》正篇第 1–12 话,主线,作品分类,重要副线,潜在／明显但未确认,所核未见,所核未见,当前版本,剧情／角色页、可见作品宣传,只有关系推断,无,中,否,否,是,是,否,否,possessive_or_jealous_reactions_between_friends；verbal_conflict_and_friendship_rupture；family_pressure_over_a_girls_activity_and_school_commitments；sibling_conflict_and_teacher_student_role_tension；hot_spring_training_context_in_official_episode_synopsis,3161,0.1221287609187965,2026-07-31,https://l-m-sherlock.github.io/yuri-classification-archive/works/hanayamata_tv_2014/
Suite 光之美少女♪,2011,TV 动画,2011–2012 年播出的《スイートプリキュア♪》TV 正篇第 1–48 话,主线,作品分类,缺席,非恋爱,所核未见,所核未见,当前版本,剧情／角色页,范围内无依据,副线,高,否,否,否,是,否,否,fantasy_combat_and_injury；child_and_teen_characters_in_peril；coercive_manipulation_and_deception；family_separation_and_absence；villainy_targeting_emotional_vulnerability；world_endangerment_and_petrification,3172,0.07699443413729128,2026-07-31,https://l-m-sherlock.github.io/yuri-classification-archive/works/suite_precure_tv_2011/
狂赌之渊 双,2022,WEB 动画,"2022 Netflix animated WEB series, formal episodes 1–6",主线,作品分类,主线,潜在／明显但未确认,所核未见,所核未见,当前版本,可见作品宣传,只有关系推断,副线,中,否,否,是,是,否,否,compulsive_gambling_debt_financial_coercion_and_humiliation；institutional_pet_status_dehumanisation_and_bullying；heterosexual_coupling_game_and_overnight_stakes；arranged_marriage_and_gendered_power_pressure；manipulation_betrayal_and_psychological_intimidation；sexualised_harassment_and_coercive_contact_jokes,3173,0.06808055605061486,2026-07-31,https://l-m-sherlock.github.io/yuri-classification-archive/works/kakegurui_twin_web_2022/
樱花任务,2017,TV 动画,2017 television anime formal episodes 1–25,主线,作品分类,缺席,非恋爱,所核未见,所核未见,当前版本,剧情／角色页、可见作品宣传,范围内无依据,无,高,否,否,否,是,否,否,workplace_stress；career_setbacks；economic_decline_and_community_loss；interpersonal_conflict；illness；gendered_matchmaking_pressure,3238,0.006417228627365673,2026-07-31,https://l-m-sherlock.github.io/yuri-classification-archive/works/sakura_quest_tv_2017/
归宅部活动记录,2013,TV 动画,2013 TV anime formal episodes 1-12,主线,作品分类,局部,潜在／明显但未确认,所核未见,所核未见,当前版本,剧情／角色页、可见作品宣传,只有关系推断,无,中,否,否,是,是,否,否,comedic_violence_threats_and_death_jokes；sexualized_imagery_and_suggestive_dialogue；gender_role_comedy_and_social_mixer_roleplay；school_age_characters_in_comedic_embarrassment_scenarios,3256,0.0650730411686587,2026-07-31,https://l-m-sherlock.github.io/yuri-classification-archive/works/kitakubu_katsudou_kiroku_tv_2013/
影宅,2021,TV 动画,"2021 TV anime first-season formal broadcast episodes 1-13；first-season official introduction, episode-story, and character pages only as edition-specific paratext",主线,作品分类,缺席,非恋爱,所核未见,所核未见,当前版本,剧情／角色页、可见作品宣传,范围内无依据,副线,高,否,否,否,是,否,否,coercive_master_servant_hierarchy_and_dehumanizing_role_assignment；soot_induced_brainwashing_memory_erasure_and_forced_loyalty；threats_of_disposal_reuse_confinement_and_identity_loss；physical_danger_restraint_falls_and_violent_intimidation；class_hierarchy_abuse_and_childlike_characters_under_control,3275,0.032737404225679126,2026-07-31,https://l-m-sherlock.github.io/yuri-classification-archive/works/shadows_house_tv_2021/
MADLAX,2004,TV 动画,2004 television anime formal episodes 1–26,主线,作品分类,主线,潜在／明显但未确认,所核未见,所核未见,当前版本,剧情／角色页,只有关系推断,无,中,否,否,是,是,否,否,war_gunfire_assassination_and_violent_death；political_conspiracy_and_criminal_organization_control；memory_loss_identity_fragmentation_and_psychological_distress；kidnapping_captivity_and_coercive_manipulation；betrayal_and_threats_against_friends；civilian_harm_and_war_trauma,3310,0.09307135470527404,2026-07-31,https://l-m-sherlock.github.io/yuri-classification-archive/works/madlax_tv_2004/
幸腹涂鸦,2015,TV 动画,2015 broadcast television anime regular episodes 1-12；TBS official television-anime character and episode-story pages as paratext for the same edition；current public database entries only as classification context,主线,作品分类,主线,潜在／明显但未确认,所核未见,所核未见,当前版本,剧情／角色页,只有关系推断,无,高,否,否,是,是,否,否,bereavement_of_a_grandmother_and_loneliness_after_living_alone；parental_absence_and_middle_school_entrance_exam_stress；brief_illness_and_food_restriction_or_appetite_distress,3352,0.09980254891401903,2026-07-31,https://l-m-sherlock.github.io/yuri-classification-archive/works/koufuku_graffiti_tv_2015/
演剧星世界,2023,TV 动画,"2023 TV anime episodes 1-12, aired from 2023-04-09 through 2023-06-25",主线,作品分类,缺席,非恋爱,所核未见,所核未见,,,范围内无依据,无,高,否,否,否,是,否,否,"performance competition and rejection pressure；disappearance anxiety involving a personified Sense；childhood memory and self-recognition confusion；heterosexual romance, kissing and death inside plays-within-the-show；professional age-limit pressure",3363,0.10621407062688201,2026-07-30,https://l-m-sherlock.github.io/yuri-classification-archive/works/world_dai_star_tv_2023/
网球并不可笑嘛,2012,TV 动画,2012 television anime first-season formal episodes 1–12,主线,作品分类,缺席,非恋爱,所核未见,所核未见,当前版本,剧情／角色页,范围内无依据,无,中,否,否,否,是,否,否,"surreal slapstick, threats and property-destruction comedy；underwear, fetish-adjacent and body-boundary jokes；swimwear, bathing and partial-nudity comedy involving high-school-aged characters；sexualized or intimate-looking visual gags that do not establish romance；rapid-fire dialogue and sensory-overload comedy",3381,0.05223410950283197,2026-07-31,https://l-m-sherlock.github.io/yuri-classification-archive/works/teekyu_tv_2012/
宝石幻想：光芒重现,2020,TV 动画,2020 TV anime main broadcast episodes 1-12,主线,作品分类,缺席,非恋爱,所核未见,所核未见,当前版本,剧情／角色页、可见作品宣传,范围内无依据,无,高,否,否,否,是,否,否,fantasy_monster_attacks_and_peril；chronic_illness_and_loss_of_voice；family_separation_and_restrictive_royal_obligation；death_and_ghost_related_content；temporary_body_age_change_in_comedic_context,3390,0.08783216783216784,2026-07-31,https://l-m-sherlock.github.io/yuri-classification-archive/works/lapis_relights_tv_2020/
蓝海少女,2016,TV 动画,2016 年电视动画《あまんちゅ！》电视播出正篇第 1–12 话,主线,作品分类,缺席,非恋爱,所核未见,所核未见,当前版本,剧情／角色页、可见作品宣传,范围内无依据,无,高,否,否,否,是,否,否,scuba_diving_training_stress_and_breathing_difficulty；underwater_risk_and_anxiety；high_school_swimwear_scenes,3493,0.06056270863137816,2026-07-31,https://l-m-sherlock.github.io/yuri-classification-archive/works/amanatsu_tv_2016/
流汗吧！健身少女,2019,TV 动画,2019 TV anime broadcast main episodes 1-12,主线,作品分类,缺席,非恋爱,所核未见,所核未见,当前版本,HTML 元数据、剧情／角色页,范围内无依据,副线,中,否,否,否,是,否,否,weight_and_body_image_pressure；sexualized_body_fanservice_and_objectifying_muscle_gags；clothing_swimsuit_and_costume_comedy；exercise_overexertion_and_comedic_injury_risk；occasional_heterosexual_crush_or_dating_jokes,3502,0.04304598350468874,2026-07-31,https://l-m-sherlock.github.io/yuri-classification-archive/works/dumbbell_nan_kilo_moteru_tv_2019/
一杆青空,2025,TV 动画,2025 TV anime episodes 1-12,主线,作品分类,缺席,非恋爱,所核未见,所核未见,,,范围内无依据,无,高,否,否,否,是,否,否,competitive pressure and past loss of confidence；social-media attention and public-image pressure；minors participating in an adult recreational community；sports fatigue and weather exposure,3540,0.05481874447391689,2026-07-30,https://l-m-sherlock.github.io/yuri-classification-archive/works/sora_iro_utility_tv_2025/
这里是充满笑容的职场。,2025,TV 动画,2025 TV anime broadcast main episodes 1-13,主线,作品分类,局部,潜在／明显但未确认,所核未见,是,当前版本,HTML 元数据、剧情／角色页,只有关系推断,无,中,否,否,是,是,否,是,deadline_stress_and_career_anxiety；alcohol_intoxication_and_intrusive_comedy；self_deprecating_speech_and_workplace_pressure；weight_and_eating_jokes；adult_manga_and_sexual_topics_discussed_in_work_context,3554,0.09472008490315734,2026-07-31,https://l-m-sherlock.github.io/yuri-classification-archive/works/egao_no_taenai_shokuba_tv_2025/
.hack//时空,2002,TV 动画,2002 TV anime .hack//SIGN main story episodes 1-26,主线,作品分类,主线,潜在／明显但未确认,所核未见,所核未见,当前版本,可见作品宣传,只有关系推断,无,中,否,否,是,是,否,否,coma_and_hospitalization；family_control_and_fear_of_a_parent；memory_alteration_and_identity_confusion；coercive_confinement_in_virtual_world；virtual_combat_and_death_threats；isolation_and_severe_psychological_distress,3563,0.03481624758220503,2026-07-31,https://l-m-sherlock.github.io/yuri-classification-archive/works/hack_sign_tv_2002/
人马小姐不迷茫,2017,TV 动画,2017 TV anime broadcast main episodes 1-12,主线,作品分类,局部,潜在／明显但未确认,所核未见,是,当前版本,HTML 元数据、剧情／角色页,只有关系推断,副线,中,否,否,是,是,否,是,fanservice_and_nudity；body_image_and_anatomy_discussion；sexualized_or_objectifying_jokes；minors_in_suggestive_or_bathroom_contexts；fantasy_racial_discrimination_and_authoritarian_political_satire；war_and_mass_persecution_allusions；family_illness_and_child_care,3581,0.08854692230070636,2026-07-31,https://l-m-sherlock.github.io/yuri-classification-archive/works/centaur_no_nayami_tv_2017/
对我垂涎欲滴的非人少女,2025,TV 动画,2025 TV anime main episodes 1-13,主线,作品分类,主线,潜在／明显但未确认,是,是,当前版本,HTML 元数据、剧情／角色页,只有关系推断,无,中,否,否,是,是,是,是,suicidal_ideation_and_self_harm_threats；family_death_car_crash_fire_and_drowning；predation_cannibalism_and_body_horror_language；coercive_control_and_threats_to_bodily_autonomy；memory_and_identity_distress；emotional_manipulation_and_dependency；fantasy_violence_and_injury；isolation_and_severe_psychological_distress,3614,0.14384678076609617,2026-07-31,https://l-m-sherlock.github.io/yuri-classification-archive/works/watashi_wo_tabetai_hitodenashi_tv_2025/
Anne Happy♪,2016,TV 动画,2016 television anime broadcast main episodes 1-12,主线,作品分类,重要副线,潜在／明显但未确认,所核未见,是,当前版本,剧情／角色页、可见作品宣传,只有关系推断,无,中,否,否,是,是,否,是,comic_accidents_and_physical_harm；illness_and_medical_measurement_gags；school_stress_and_public_evaluation；possessive_reactions_and_hostility_played_for_comedy,3645,0.12300542215336949,2026-07-31,https://l-m-sherlock.github.io/yuri-classification-archive/works/an_happy_tv_2016/
女孩的钓鱼慢活,2022,TV 动画,2022 TV anime broadcast main episodes 1-12,主线,作品分类,局部,潜在／明显但未确认,所核未见,是,当前版本,剧情／角色页、可见作品宣传,只有关系推断,无,中,否,否,是,是,否,是,death_of_a_parent_and_grief；blended_family_adjustment；gender_stereotyping_and_peer_exclusion；alcohol_intoxication_and_adult_comedy；adult_character_fondness_for_young_women_stated_as_comedy；child_anxiety_and_family_conflict,3661,0.08986827526775822,2026-07-31,https://l-m-sherlock.github.io/yuri-classification-archive/works/slow_loop_tv_2022/
三者三叶,2016,TV 动画,2016 年电视动画《三者三葉》电视播出正篇第 1–12 话,主线,作品分类,缺席,非恋爱,所核未见,所核未见,当前版本,剧情／角色页、可见作品宣传,范围内无依据,无,中,否,否,否,是,否,否,food_insecurity_and_overeating_comedy；financial_decline_and_poverty_comedy；comic_insults_conflict_and_a_bloody_costume_gag,3671,0.10048553937090986,2026-07-31,https://l-m-sherlock.github.io/yuri-classification-archive/works/sansha_sanyou_tv_2016/
普通女高中生要做当地偶像,2014,TV 动画,2014 年电视动画《普通の女子校生が【ろこどる】やってみた。》播出正篇第 1–12 话,主线,作品分类,缺席,非恋爱,所核未见,所核未见,当前版本,出版载体、剧情／角色页、可见作品宣传,范围内无依据,无,高,否,否,否,是,否,否,school_age_characters_in_swimwear_and_hot_spring_contexts；body_image_embarrassment_and_costume_comedy；public_performance_pressure_and_broadcast_mistakes；brief_suspected_costume_theft_tension,3674,0.11186331399097356,2026-07-31,https://l-m-sherlock.github.io/yuri-classification-archive/works/locodol_tv_2014/
生存游戏社,2014,TV 动画,2014 年电视动画《さばげぶっ！》电视播出正篇 MISSION 1–12,主线,作品分类,重要副线,明确欲望,所核未见,是,当前版本、相邻版本,剧情／角色页、可见作品宣传,只有明确关系事实,无,中,否,是,是,是,否,是,sexual_harassment_premise_and_comic_response；airsoft_guns_gunfire_and_violent_fantasy_sequences；bullying_deception_and_cruel_slapstick_comedy；body_shaming_diet_and_weight_gags；aggressive_one_sided_affection_played_for_comedy,3697,0.09458239277652371,2026-07-31,https://l-m-sherlock.github.io/yuri-classification-archive/works/sabagebu_tv_2014/
再得一胜！,2023,TV 动画,2023 TV anime broadcast main episodes 1-13,主线,作品分类,重要副线,潜在／明显但未确认,所核未见,所核未见,当前版本,HTML 元数据、剧情／角色页、可见作品宣传,只有关系推断,无,中,否,否,是,是,否,否,contact_sport_and_competition_injuries；competition_pressure_and_defeat；academic_and_parental_expectation_pressure；gender_stereotyping_and_heteronormative_jokes,3699,0.05226480836236934,2026-07-31,https://l-m-sherlock.github.io/yuri-classification-archive/works/mou_ippon_tv_2023/
看得见的女孩,2021,TV 动画,"2021 TV anime formal broadcast episodes 1-12；edition-specific official marketing, story, and Blu-ray/DVD pages only as paratext for scope and official wording",主线,作品分类,缺席,非恋爱,所核未见,所核未见,当前版本,出版载体、剧情／角色页、可见作品宣传,范围内无依据,无,高,否,否,否,是,否,否,grotesque_ghost_and_body_horror_imagery；threatening_supernatural_presence_and_fear_responses；bullying_and_social_isolation_around_claims_of_seeing_ghosts；sexualized_comedic_dialogue_and_framing_involving_high_school_girls；family_bereavement_and_domestic_pressure；animal_harm_accusations_and_pet_bereavement_themes,3711,0.01577156138457707,2026-07-31,https://l-m-sherlock.github.io/yuri-classification-archive/works/mieruko_chan_tv_2021/
Urara迷路帖,2017,TV 动画,2017 年电视动画《うらら迷路帖》电视正篇一占至十二占,主线,作品分类,重要副线,潜在／明显但未确认,所核未见,所核未见,当前版本、相邻版本,其他、剧情／角色页、可见作品宣传,只有关系推断,无,中,否,否,是,是,否,否,bath_and_swimsuit_fanservice；alcohol_intoxication_played_for_comedy；occult_fortune_telling_and_fantasy_peril；childhood_separation_and_parent_search；childhood_same_gender_kiss_framed_as_a_magical_greeting,3722,0.12253556276516096,2026-07-31,https://l-m-sherlock.github.io/yuri-classification-archive/works/urara_meirochou_tv_2017/
空之音,2010,TV 动画,2010 TV anime broadcast main episodes 1-12,主线,作品分类,缺席,非恋爱,所核未见,所核未见,当前版本、相邻版本,剧情／角色页、可见作品宣传,范围内无依据,副线,中,否,否,否,是,否,否,war_and_military_occupation；firearms_artillery_and_combat_threat；war_trauma_child_soldier_history_and_bereavement；enemy_nationality_prejudice_and_dehumanising_language；serious_illness_and_child_endangerment；historical_adultery_and_unmarried_pregnancy_discussed,3758,0.020650095602294454,2026-07-31,https://l-m-sherlock.github.io/yuri-classification-archive/works/sora_no_woto_tv_2010/
加奈日记,2009,TV 动画,2009 TV anime episodes 1-13,主线,作品分类,重要副线,明确欲望,所核未见,是,当前版本,剧情／角色页、可见作品宣传,只有明确关系事实,无,中,否,是,是,是,否,是,bereavement_orphanhood_and_housing_precarity；sexual_harassment_and_sexualised_fantasies_about_minor_characters_used_as_recurring_comedy；adult_alcohol_use；teen_bathing_pool_and_service_imagery；workplace_pressure_and_child_labour_context,3780,0.12608305945622947,2026-07-31,https://l-m-sherlock.github.io/yuri-classification-archive/works/kanamemo_tv_2009/
不良少女,2025,TV 动画,2025 年电视动画《ばっどがーる》电视播出正篇第 1–12 话；随每一电视话一同播出的短单元与番外短段，作为该话内组成部分处理,主线,作品分类,主线,潜在／明显但未确认,是,是,当前版本、相邻版本,其他、剧情／角色页、可见作品宣传、访谈／评论,官方身份设定,无,高,否,否,是,是,是,是,stalking_like_pursuit_and_jealousy_played_for_comedy；unwanted_physical_proximity_and_dominance_submission_gags；sexual_innuendo_and_suggestive_wordplay；sibling_attachment_and_competitive_jealousy_gags；slapstick_violence_and_comic_threats,3795,0.1076158940397351,2026-07-31,https://l-m-sherlock.github.io/yuri-classification-archive/works/bad_girl_tv_2025/
"Wake Up, Girls!",2014,TV 动画,"2014 年电视动画《Wake Up, Girls!》正篇第 1–12 话；仅以该版本官网的可见宣传、逐话梗概和制作公司作品页核对范围、官方表述与剧情骨架",主线,作品分类,缺席,非恋爱,所核未见,所核未见,企划／系列、当前版本,剧情／角色页、可见作品宣传,范围内无依据,无,中,否,否,否,是,否,否,sexualized_work_requirements_and_escalating_demands_for_teenage_idols；corporate_exploitation_financial_instability_and_threats_of_dismissal；public_scandal_rumours_and_hostile_commentary；group_conflict_and_breakup_pressure；workplace_pressure_and_strict_training,3844,0.016360505166475317,2026-07-31,https://l-m-sherlock.github.io/yuri-classification-archive/works/wake_up_girls_tv_2014/
奇蛋物语,2021,TV 动画,"The numbered 2021 broadcast TV episodes 1-12, aired from 2021-01-13 through 2021-03-31；Broadcast episode 8 as the recap episode within the numbered TV run",主线,作品分类,重要副线,明确欲望,所核未见,所核未见,,,只有明确关系事实,副线,高,否,是,是,是,否,否,"suicide and self-harm involving minors；school bullying and social isolation；sexual violence, abuse and suspected teacher-student boundary violations；body horror, blood and fantasy violence；eating disorders and body shaming；family conflict and grief；pet death；transphobic harassment and misgendering；medical experimentation and manipulation",3844,0.04561861274190041,2026-07-30,https://l-m-sherlock.github.io/yuri-classification-archive/works/wonder_egg_priority_tv_2021/
江户前精灵,2023,TV 动画,2023 TV anime broadcast main episodes 1-12,主线,作品分类,缺席,非恋爱,所核未见,所核未见,当前版本、相邻版本,剧情／角色页、可见作品宣传,范围内无依据,无,中,否,否,否,是,否,否,longevity_related_grief_and_historical_loss；gambling_and_money_trouble_discussed_in_comedic_context；minor_anxiety_and_school_exam_pressure,3851,0.04871894409937888,2026-07-31,https://l-m-sherlock.github.io/yuri-classification-archive/works/edomae_elf_tv_2023/
终末的伊泽塔,2016,TV 动画,2016 TV anime episodes 1-12,主线,作品分类,主线,潜在／明显但未确认,所核未见,所核未见,,,只有关系推断,副线,高,否,否,是,是,否,否,war invasion and military occupation；gunfire bombing and battlefield injuries；soldier and civilian deaths；execution assassination and silencing of witnesses；torture inquisition and immolation narratives；human experimentation and cloning；potentially lethal self-sacrifice；political propaganda and instrumentalization of supernatural power；politically instrumental marriage proposal；body-focused comedy and bath or changing scenes,3914,0.12200619892927585,2026-07-30,https://l-m-sherlock.github.io/yuri-classification-archive/works/shuumatsu_no_izetta_tv_2016/
猫神八百万,2011,TV 动画,2011 年电视动画《猫神やおよろず》正篇第 1–12 话；该 TV 版官网的可见宣传、全话梗概、角色页和发行信息，以及注明为 TV 版的公开流媒体资料，仅用于范围、官方表述与剧情骨架,主线,作品分类,重要副线,明确交往,所核未见,是,当前版本,出版载体、剧情／角色页、可见作品宣传,只有明确关系事实,副线,中,是,是,是,是,否,是,sexualized_swimsuit_and_body_exposure_comedy；gambling_and_financial_irresponsibility_comedy；bereavement_parental_loss_and_pet_loss；arranged_marriage_context_and_separation_anxiety；supernatural_threats_and_comic_violence,3918,0.04647392596595515,2026-07-31,https://l-m-sherlock.github.io/yuri-classification-archive/works/nekogami_yaoyorozu_tv_2011/
SHOW BY ROCK!!,2015,TV 动画,2015 年电视动画《SHOW BY ROCK!!》第一期的电视播出正篇第 1–12 话；该第一期的开场、片尾与正篇内音乐表演，只在其能说明范围内关系或叙事位置时参考,主线,作品分类,重要副线,潜在／明显但未确认,所核未见,是,企划／系列、当前版本,剧情／角色页、可见作品宣传,范围内无依据,无,中,否,否,是,是,否,是,fantasy_monster_attacks_and_peril；coercive_corruption_or_mind_control；band_conflict_and_temporary_separation；emotional_distress_around_possible_parting,3999,0.05181159420289855,2026-07-31,https://l-m-sherlock.github.io/yuri-classification-archive/works/show_by_rock_tv_2015/
雏逻辑 ～from Luck & Logic～,2017,TV 动画,2017 TV anime broadcast main episodes 1-12,主线,作品分类,主线,明确欲望,所核未见,所核未见,当前版本、相邻版本,剧情／角色页、可见作品宣传,只有明确关系事实,无,中,否,是,是,是,否,否,fantasy_combat_and_threat；unexpected_kiss_between_students；magically_induced_affection_gag；school_setting_and_light_service_imagery,4010,0.13832720588235295,2026-07-31,https://l-m-sherlock.github.io/yuri-classification-archive/works/hina_log_tv_2017/
联盟空军航空魔法音乐队 光辉魔女,2022,TV 动画,2022 年电视动画《連盟空軍航空魔法音楽隊 ルミナスウィッチーズ》正篇第 1–12 话；该 TV 版官网的 ABOUT、全话梗概和 Blu-ray／DVD 发行页，以及与此精确 TV 条目对应的公开数据库和日文字幕，仅用于范围、公开表述与正篇文本判断,主线,作品分类,缺席,非恋爱,所核未见,所核未见,当前版本,出版载体、剧情／角色页、可见作品宣传,范围内无依据,无,高,否,否,否,是,否,否,"wartime setting, military hierarchy and alien attacks；displacement from home and civilian hardship；injury, illness, physical exhaustion and loss of magical ability；separation anxiety involving a magical familiar and temporary departure from a found-family group；occasional comic body-exposure and bathhouse-adjacent humor",4018,0.09412326803631152,2026-07-31,https://l-m-sherlock.github.io/yuri-classification-archive/works/luminous_witches_tv_2022/
CAROLE & TUESDAY,2019,TV 动画,2019 年电视动画《キャロル＆チューズデイ》正篇第 1–24 话；各话内的演唱、乐曲与舞台段落，仅在其属于正篇剧情语境时作为关系材料,主线,作品分类,缺席,非恋爱,所核未见,所核未见,当前版本,剧情／角色页、可见作品宣传,范围内无依据,无,中,否,否,否,是,否,否,unwanted_fan_pursuit_and_stalking；family_control_and_confinement；anti_immigrant_political_rhetoric_and_detention；career_exploitation_and_public_harassment；parent_child_conflict_illness_and_bereavement；threats_and_non_graphic_violence,4068,0.029145132593408455,2026-07-31,https://l-m-sherlock.github.io/yuri-classification-archive/works/carole_and_tuesday_tv_2019/
Re:Stage！Dream Days♪,2019,TV 动画,"2019 TV anime main episodes 1-12, broadcast from 2019-07-07 through 2019-09-29",主线,作品分类,主线,潜在／明显但未确认,所核未见,是,当前版本,HTML 元数据、剧情／角色页,只有关系推断,无,中,否,否,是,是,否,是,middle_school_idol_and_public_performance_pressure；school_club_abolition_and_competition_stress；parental_opposition_to_a_childs_performing_ambition；family_expectations_and_sibling_conflict；occasional_comedic_surveillance_or_infiltration,4105,0.0844671201814059,2026-07-31,https://l-m-sherlock.github.io/yuri-classification-archive/works/re_stage_dream_days_tv_2019/
踏切时间,2018,TV 动画,2018 TV anime broadcast main episodes 1-12,重要副线,作品分类,重要副线,明确欲望,所核未见,是,当前版本,剧情／角色页、可见作品宣传,只有明确关系事实,副线,中,否,是,是,否,否,是,unreciprocated_same_gender_confession_and_relationship_awkwardness；male_gaze_and_sexualized_commentary_about_a_female_high_school_student；school_age_characters,4111,0.048416751787538306,2026-07-31,https://l-m-sherlock.github.io/yuri-classification-archive/works/fumikiri_jikan_tv_2018/
骇客娃娃,2015,TV 动画,2015 television anime formal episodes 1–13,主线,作品分类,缺席,非恋爱,所核未见,所核未见,当前版本,出版载体、剧情／角色页,范围内无依据,副线,中,否,否,否,是,否,否,"sexualized fanservice and suggestive comedy；bathing, hot-spring and partial-nudity comedy；heterosexual-romance parody involving a male client；body transformation, bug-related harm and bodily-function jokes；workplace stress, otaku-culture satire and rapid parody references",4124,0.024390243902439025,2026-07-31,https://l-m-sherlock.github.io/yuri-classification-archive/works/hacka_doll_tv_2015/
初瓣,2007,TV 动画,2007 年电视动画《ひとひら》正篇第 1–12 话,主线,作品分类,主线,潜在／明显但未确认,所核未见,所核未见,当前版本,剧情／角色页、访谈／评论,只有关系推断,副线,中,否,否,是,是,否,否,severe_social_anxiety_and_speech_loss_under_attention；coercive_school_club_recruitment_and_physical_comedy；chronic_vocal_cord_condition_and_health_anxiety；school_club_conflict_and_verbal_aggression；friend_separation_and_study_abroad；unreciprocated_or_rejected_romantic_feelings,4191,0.08729139922978177,2026-07-31,https://l-m-sherlock.github.io/yuri-classification-archive/works/hitohira_tv_2007/
若叶女孩,2015,TV 动画,2015 年电视动画《わかば＊ガール》正式播出的第 1–13 叶（2015-07-03 至 2015-09-25）,主线,作品分类,缺席,非恋爱,所核未见,所核未见,当前版本,HTML 元数据、可见作品宣传,范围内无依据,副线,中,否,否,否,是,否,否,"school-aged characters in swimsuit and body-size comedy；gender-presentation, beauty-score and beauty-pageant jokes；brief boys-love-game and same-sex-romance discussion；minor slapstick and exaggerated school comedy",4237,0.10170997113035754,2026-07-31,https://l-m-sherlock.github.io/yuri-classification-archive/works/wakaba_girl_tv_2015/
D4DJ First Mix,2020,TV 动画,2020 年电视动画《D4DJ First Mix》正篇第 1–13 话,主线,作品分类,缺席,非恋爱,所核未见,所核未见,当前版本,剧情／角色页、可见作品宣传,范围内无依据,无,中,否,否,否,是,否,否,school_and_stage_performance_pressure；family_pressure_and_restrictions_on_a_student_character_career；temporary_friendship_rupture_and_argument；bath_or_sleepover_comedy_involving_high_school_characters；competitive_performance_and_public_failure_anxiety,4273,0.06716929403701165,2026-07-31,https://l-m-sherlock.github.io/yuri-classification-archive/works/d4dj_first_mix_tv_2020/
心跳！光之美少女,2013,TV 动画,2013-02-03 至 2014-01-26 首播的《ドキドキ！プリキュア》TV 正篇第 1–49 话,主线,作品分类,主线,潜在／明显但未确认,所核未见,是,当前版本,剧情／角色页,只有关系推断,副线,高,否,否,是,是,否,是,fantasy_combat_and_injury；child_and_teen_characters_in_peril；villainous_emotional_manipulation_and_possessiveness；coercive_control_and_memory_manipulation；family_separation_and_absence；death_and_farewell；isolated_male_female_romance_subplot,4285,0.07841981132075472,2026-07-31,https://l-m-sherlock.github.io/yuri-classification-archive/works/doki_doki_precure_tv_2013/
天翔少女,2007,TV 动画,2007 television anime formal episodes 1–26,主线,作品分类,缺席,非恋爱,所核未见,所核未见,当前版本,可见作品宣传,范围内无依据,未知,中,否,否,否,是,否,否,war_and_mass_casualty_backstory；military_recruitment_of_teenage_girls_and_combat_danger；alien_attack_gunfire_and_threat_of_death；fanservice_including_swimwear_bath_and_underwear_gags；gendered_jokes_and_objectifying_camera_or_dialogue_possible_in_unreviewed_visual_material；family_separation_and_grief,4355,0.06821963394342762,2026-07-31,https://l-m-sherlock.github.io/yuri-classification-archive/works/sky_girls_tv_2007/
选择感染者WIXOSS,2014,TV 动画,2014 TV anime main episodes 1-12,主线,作品分类,缺席,非恋爱,所核未见,所核未见,当前版本,剧情／角色页、可见作品宣传、访谈／评论,范围内无依据,副线,中,否,否,否,是,否,否,psychological_horror_and_despair；coercive_high_stakes_game_and_manipulation；memory_loss_and_social_isolation；bullying_and_public_humiliation；identity_and_body_swap；incestuous_desire；violence_and_self_endangerment,4400,0.08274865868757739,2026-07-31,https://l-m-sherlock.github.io/yuri-classification-archive/works/selector_infected_wixoss_tv_2014/
少女爱上姐姐,2006,TV 动画,2006 TV anime episodes 1-12,主线,读者解读,主线,明确欲望,所核未见,所核未见,当前版本,剧情／角色页、可见作品宣传,范围内无依据,主导,高,否,是,是,是,否,否,gender_presentation_and_sex_concealment；romantic_tension_created_by_hidden_sex；on_stage_and_accidental_intimate_contact_discussed_in_dialogue；attempted_robbery_and_threatened_violence；death_and_ghost_character,4416,0.08019441069258809,2026-07-31,https://l-m-sherlock.github.io/yuri-classification-archive/works/otome_wa_boku_ni_koishiteru_tv_2006/
动作女主 水果应援团,2017,TV 动画,2017 年电视动画《アクションヒロイン チアフルーツ》正篇第 1–12 话,主线,作品分类,缺席,非恋爱,所核未见,所核未见,当前版本,剧情／角色页,范围内无依据,无,中,否,否,否,是,否,否,stunt_rehearsal_injuries_and_stage_accident_risk；performance_pressure_and_self_doubt；rivalry_arguments_and_team_conflict；weather_and_transport_emergency_sequence,4432,0.07819905213270142,2026-07-31,https://l-m-sherlock.github.io/yuri-classification-archive/works/action_heroine_cheer_fruits_tv_2017/
稻荷恋之歌,2014,TV 动画,2014 年电视动画《いなり、こんこん、恋いろは。》正篇第 1–10 话（2014-01-15 至 2014-03-19）；制作委员会的 TV 动画官网首页、作品介绍、逐话梗概与新闻页的公开网页存档，以及发行／配信权利方的 TV 版资料；它们只用于版本边界、官方表述与可核对的剧情骨架；同期公开的动画评论与四个数据库的公开字段，只用于交叉核对和说明各字段的检索用途,主线,作品分类,重要副线,明确欲望,所核未见,所核未见,当前版本、相邻版本,出版载体、剧情／角色页、可见作品宣传,只有明确关系事实,主导,中,否,是,是,是,否,否,teenage_unrequited_romance_and_rejection；arranged_marriage_pressure_and_family_control；school_exclusion_and_peer_conflict；body_transformation_and_identity_confusion；supernatural_peril_loss_and_separation_anxiety；sexualized_comedy_and_gendered_stereotypes,4492,0.018211920529801324,2026-07-31,https://l-m-sherlock.github.io/yuri-classification-archive/works/inari_konkon_koi_iroha_tv_2014/
超次元游戏 海王星,2013,TV 动画,2013 television anime broadcast episodes 1-12,主线,作品分类,缺席,非恋爱,所核未见,所核未见,当前版本,可见作品宣传,范围内无依据,无,中,否,否,否,是,否,否,sexualised_fanservice_nudity_and_adult_gags；combat_war_and_attack_threats；confinement_kidnapping_and_hostage_danger；physical_humour_and_boundary_crossing_gags,4525,0.07436332767402377,2026-07-31,https://l-m-sherlock.github.io/yuri-classification-archive/works/hyperdimension_neptunia_tv_2013/
女恶魔人,1998,TV 动画,1998 TV anime broadcast main episodes 1-26,主线,作品分类,主线,明确交往,所核未见,是,当前版本,剧情／角色页、可见作品宣传,只有明确关系事实,副线,中,是,是,是,是,否,是,graphic_monster_violence_gore_and_death；abduction_confinement_and_institutional_coercion；physical_and_psychological_abuse；drugging_restraint_and_nonconsensual_sexual_touching；sexualized_nudity_and_ambiguous_consent_scenes；sexual_violence_or_assault_threats；bereavement_and_family_murder；dehumanization_and_mass_violence；severe_psychological_distress,4564,0.07584830339321358,2026-07-31,https://l-m-sherlock.github.io/yuri-classification-archive/works/devilman_lady_tv_1998/
在地下城寻求邂逅是否搞错了什么 外传 剑姬神圣谭,2017,TV 动画,2017 年 TV 动画正篇第 1 至 12 话（2017-04-14 至 2017-06-30 播出）,主线,作品分类,重要副线,潜在／明显但未确认,所核未见,所核未见,当前版本,HTML 元数据、剧情／角色页,只有关系推断,副线,中,否,否,是,是,否,否,fantasy_combat_weapons_and_monster_violence；injury_blood_and_life_threatening_dungeon_danger；attempted_murder_and_criminal_violence；occasional_body_focused_or_sexualised_comedic_dialogue；jealousy_and_one_sided_idealisation,4592,0.017472261191174596,2026-07-31,https://l-m-sherlock.github.io/yuri-classification-archive/works/sword_oratoria_tv_2017/
一个人的○○小日子,2019,TV 动画,"2019 TV anime episodes 1-12, aired from 2019-04-06 through 2019-06-22",主线,作品分类,缺席,非恋爱,所核未见,所核未见,,,范围内无依据,无,高,否,否,否,是,否,否,"severe social anxiety, panic and avoidance；vomiting and collapse used in comedy；a childhood friend's conditional break in contact；fear of abandonment and repeated friendship insecurity；school embarrassment and slapstick falls；a teacher whose intimidating appearance causes fear",4606,0.09645909645909646,2026-07-30,https://l-m-sherlock.github.io/yuri-classification-archive/works/hitoribocchi_no_marumaru_seikatsu_tv_2019/
NULL & PETA,2019,TV 动画,2019 television short anime broadcast main episodes 1–12,主线,作品分类,缺席,非恋爱,所核未见,所核未见,企划／系列、当前版本,剧情／角色页、可见作品宣传、访谈／评论,范围内无依据,无,中,否,否,否,是,否,否,death_of_a_sibling_and_grief；loneliness_repeated_disappearance_and_memory_loss_or_identity_anxiety；robot_replica_of_a_dead_family_member；child_protagonist_school_avoidance_and_endangerment；cartoon_science_fiction_violence_explosions_and_bug_attacks,4613,0.08,2026-07-31,https://l-m-sherlock.github.io/yuri-classification-archive/works/null_and_peta_tv_2019/
虎子,2008,TV 动画,2008 television anime formal episodes 1–13,主线,作品分类,缺席,非恋爱,所核未见,所核未见,当前版本,剧情／角色页,明确身份自述,副线,中,否,否,否,是,否,否,"slapstick, pranks and physical-comedy violence；school-age-character photography, appearance-check and costume-related gags；a local one-sided male infatuation and romantic-comedy teasing；family conflict and runaway-from-home material",4628,0.10692375109553023,2026-07-31,https://l-m-sherlock.github.io/yuri-classification-archive/works/hyakko_tv_2008/
Happy Sugar Life,2018,TV 动画,2018 TV anime episodes 1-12,主线,作品分类,主线,明确交往,所核未见,是,当前版本,剧情／角色页、可见作品宣传,只有明确关系事实,副线,中,是,是,是,是,否,是,"a romanticized relationship between a high-school student and a young child；a severe age, care and information power imbalance；child abduction, concealment from family and restriction from leaving the home；family violence, child abuse and abandonment；sexual coercion and sexualized desire directed at minors；blackmail, stalking and manipulation；physical violence, murder and concealment of bodies；arson and building collapse；a joint-death proposal, fatal fall and death；traumatic attachment, grief and social isolation",4686,0.15406715747890107,2026-07-30,https://l-m-sherlock.github.io/yuri-classification-archive/works/happy_sugar_life_tv_2018/
白沙的水族馆,2021,TV 动画,2021 年 TV 动画《白い砂のアクアトープ》正篇第 1–24 话；范围内 TV 版官网的简介、角色页与分集故事页，仅作为公开表述与版本核对材料；当前可访问的数据库类型、题材与社区标签字段，仅作为外部标签资料,主线,作品分类,缺席,非恋爱,所核未见,所核未见,当前版本,可见作品宣传,范围内无依据,无,高,否,否,否,是,否,否,childhood_bereavement_and_parental_death；loss_of_home_and_aquarium_closure；career_disillusionment_and_workplace_pressure；family_illness_and_hospitalization；emotional_isolation_and_distress；alcohol_use,4711,0.06997786119934546,2026-07-31,https://l-m-sherlock.github.io/yuri-classification-archive/works/shiroi_suna_no_aquatope_tv_2021/
战国Collection,2012,TV 动画,"2012 TV anime formal broadcast episodes 1-26；edition-specific official television marketing, character profiles, and episode synopses used only to establish the television text's public wording and episode scope",主线,作品分类,重要副线,潜在／明显但未确认,所核未见,是,当前版本,剧情／角色页、可见作品宣传,范围内无依据,无,中,否,否,是,是,否,是,violence_weapons_and_revenge_conflict；murder_investigation_and_crime_storylines；confinement_deception_gambling_and_power_abuse；surveillance_hidden_camera_and_stalking_by_a_male_fan；betrayal_memory_loss_and_jealousy_driven_conflict；childlike_character_depictions_in_a_kindergarten_parody_episode,4734,0.0778371954842543,2026-07-31,https://l-m-sherlock.github.io/yuri-classification-archive/works/sengoku_collection_tv_2012/
末日列车去哪里？,2024,TV 动画,2024 TV anime episodes 1-12,主线,作品分类,缺席,非恋爱,所核未见,所核未见,,,范围内无依据,无,高,否,否,否,是,否,否,post-apocalyptic disaster；prolonged disappearance of a minor；dangerous travel and combat；body transformation and body horror；mushroom parasitism；zombies；blood and threats of death；memory alteration and coercive control；crude jokes；family conflict,4741,0.05987878787878788,2026-07-30,https://l-m-sherlock.github.io/yuri-classification-archive/works/shuumatsu_train_doko_e_iku_tv_2024/
爆裂天使,2004,TV 动画,2004 television anime broadcast main episodes 1-24,主线,作品分类,主线,潜在／明显但未确认,所核未见,所核未见,当前版本,剧情／角色页,只有关系推断,无,中,否,否,是,是,否,否,frequent_gunfights_explosions_mecha_combat_and_violent_death；kidnapping_hostages_detention_restraint_and_coercive_threats；human_experimentation_bioweapons_body_horror_and_medical_confinement；authoritarian_policing_criminal_organizations_and_political_violence；teenage_characters_in_recurrent_life_threatening_danger；a_coercive_political_marriage_demand,4781,0.12004801920768307,2026-07-31,https://l-m-sherlock.github.io/yuri-classification-archive/works/burst_angel_tv_2004/
天体的秩序,2014,TV 动画,2014 年 TV 动画《天体のメソッド》正篇第 1–13 话；范围内 TV 版官网的简介、角色页与分集故事页，仅作为公开表述与版本核对材料；当前可访问的数据库类型、题材与社区标签字段，仅作为外部标签资料,主线,作品分类,缺席,非恋爱,所核未见,所核未见,当前版本,剧情／角色页、可见作品宣传,范围内无依据,无,中,否,否,否,是,否,否,parental_death_and_grief；memory_loss_and_identity_confusion；friendship_conflict_and_reconciliation；physical_slap；emotional_distress_and_separation；temporary_character_disappearance,4841,0.1010464010146919,2026-07-31,https://l-m-sherlock.github.io/yuri-classification-archive/works/sora_no_method_tv_2014/
暗与帽子与书之旅人,2003,TV 动画,the 2003 television anime formal episodes 1–13,主线,作品分类,主线,明确欲望,所核未见,是,当前版本,剧情／角色页、可见作品宣传,只有明确关系事实,未知,中,否,是,是,是,否,是,"non-blood-related-sister desire and a kiss directed toward a sleeping person；separation, adolescent longing, jealousy and unreciprocated-feeling uncertainty；fantasy violence, threats, death, sacrifice and dark themes；sexualized and ecchi-oriented presentation; this archive did not independently review every visual scene",4851,0.15605999189298744,2026-07-31,https://l-m-sherlock.github.io/yuri-classification-archive/works/yami_to_boushi_to_hon_no_tabibito_tv_2003/
夏色奇迹,2012,TV 动画,2012 年 TV 动画《夏色キセキ》正篇第 1–12 话；范围内 TV 版官网的新闻、分话宣传和影碟发行页，仅用于版本核对及官方实际表述；当前可访问的数据库类型与社区标签字段，仅作为外部检索资料,主线,作品分类,缺席,非恋爱,所核未见,所核未见,当前版本,可见作品宣传,范围内无依据,副线,中,否,否,否,是,否,否,"friendship conflict, separation anxiety and an impending move；magic-caused body swap, duplication, forced physical proximity and other loss-of-control comedy；a one-sided girl-to-boy crush and body-swap-related romantic misunderstanding；storms, near-drowning danger, falls and other light adventure peril；child and teen characters",4885,0.07078738137984099,2026-07-31,https://l-m-sherlock.github.io/yuri-classification-archive/works/natsuiro_kiseki_tv_2012/
人渣的本愿,2017,TV 动画,2017 television anime broadcast main episodes 1-12,重要副线,作品分类,重要副线,明确欲望,所核未见,是,当前版本,剧情／角色页、可见作品宣传,只有明确关系事实,主导,高,否,是,是,否,否,是,sexual_content_and_nudity_involving_high_school_age_characters；teacher_student_and_former_tutor_student_romantic_or_sexual_boundary_crossing；emotional_manipulation_and_use_of_unreciprocated_affection；ambiguous_or_unequal_consent_in_intimate_scenes；multiple_overlapping_romantic_or_sexual_relationships_and_infidelity；verbal_sexual_harassment_and_gendered_derogatory_language；unrequited_love_rejection_and_emotional_distress,4915,0.007162775438788343,2026-07-31,https://l-m-sherlock.github.io/yuri-classification-archive/works/kuzu_no_honkai_tv_2017/
BLUE DROP 天使们的戏曲,2007,TV 动画,2007 television anime formal episodes 1–13,主线,作品分类,主线,明确交往,所核未见,所核未见,当前版本,剧情／角色页、可见作品宣传,只有明确关系事实,无,高,是,是,是,是,否,否,"science-fiction invasion, warfare and weapons；mass death and disaster backstory；threats, physical assault and early choking scene；grief, survivor trauma and mourning；separation, sacrifice and an unresolved character fate",4937,0.18945634266886327,2026-07-31,https://l-m-sherlock.github.io/yuri-classification-archive/works/blue_drop_tv_2007/
女子高中生,2006,TV 动画,"the 2006 television anime formal episodes 1–12；archived original production-committee story and on-air pages, used only for the in-scope television edition's actual presentation and boundary；current licensed distribution episode summaries and database fields, used only as source-specific evidence",主线,作品分类,缺席,非恋爱,所核未见,所核未见,当前版本,剧情／角色页、可见作品宣传,范围内无依据,副线,中,否,否,否,是,否,否,"teen characters, underwear, physical-exam, swimsuit and body-related sexual comedy；heterosexual dating, group date, romantic-comedy and a bathroom-following scare；adult teachers accidentally or deliberately approaching their own students in a dating context；rumours, friendship conflict, family conflict and deceptive pranks；maid-cafe, appearance and gendered-school-life jokes",4948,0.047268262737875995,2026-07-31,https://l-m-sherlock.github.io/yuri-classification-archive/works/girls_high_tv_2006/
转生成为了只有乙女游戏破灭Flag的邪恶大小姐,2020,TV 动画,2020 television anime first season formal main episodes 1-12,重要副线,作品分类,重要副线,明确欲望,所核未见,是,当前版本,剧情／角色页、可见作品宣传,只有明确关系事实,并列,高,否,是,是,否,否,是,class_based_bullying_and_discrimination；kidnapping_unlawful_confinement_and_magic_coercion；threats_of_execution_exile_and_false_accusation；physical_assault_and_magic_danger；possessiveness_and_jealousy_played_as_comedy；adoptive_sibling_romance_candidate,4955,0.03673895681022302,2026-07-31,https://l-m-sherlock.github.io/yuri-classification-archive/works/hamefura_tv_2020/
你遭难了吗？,2019,TV 动画,2019 television anime broadcast main episodes 1–12,主线,作品分类,缺席,非恋爱,所核未见,所核未见,当前版本,可见作品宣传,范围内无依据,无,中,否,否,否,是,否,否,survival_peril_dehydration_near_drowning_and_rescue；hunting_trapping_killing_and_eating_animals_or_insects；bodily_fluid_hygiene_and_unconventional_hydration_related_survival_comedy；school_age_characters_body_and_clothing_related_survival_gags_including_a_skirt_lifting_scene_in_an_official_episode_summary；isolation_heat_exposure_and_food_or_water_scarcity,4956,0.09406392694063927,2026-07-31,https://l-m-sherlock.github.io/yuri-classification-archive/works/sounan_desu_ka_tv_2019/
伯纳德小姐说。,2016,TV 动画,2016 television short anime broadcast main episodes 1–12,重要副线,读者解读,缺席,非恋爱,所核未见,所核未见,当前版本,剧情／角色页、可见作品宣传,范围内无依据,副线,中,否,否,否,否,否,否,"rapid dialogue and dense literary-reference humor；fictional violence, death and disturbing material discussed as literature；slapstick physical comedy and harsh verbal retorts；a minor one-sided heterosexual interest",4985,0.04472843450479233,2026-07-31,https://l-m-sherlock.github.io/yuri-classification-archive/works/bernard_jou_iwaku_tv_2016/
群花绽放，彷如修罗,2025,TV 动画,2025 television anime main broadcast episodes 1-12,主线,作品分类,主线,潜在／明显但未确认,所核未见,所核未见,当前版本,剧情／角色页、可见作品宣传,只有关系推断,副线,中,否,否,是,是,否,否,family_control_and_temporary_confinement；family_separation_and_emotional_distress；school_competition_and_performance_pressure；interpersonal_conflict_and_harsh_criticism；a_local_heterosexual_unrequited_love_thread,5023,0.055538382277176716,2026-07-31,https://l-m-sherlock.github.io/yuri-classification-archive/works/hana_wa_saku_shura_no_gotoku_tv_2025/
战姬绝唱SYMPHOGEAR,2012,TV 动画,2012 年 1 月至 3 月播出的《戦姫絶唱シンフォギア》TV 正篇第 1–13 话,主线,作品分类,主线,潜在／明显但未确认,所核未见,所核未见,当前版本,剧情／角色页、可见作品宣传,只有关系推断,无,高,否,否,是,是,否,否,fantasy_combat_and_blood；death_bereavement_and_grief；physical_injury_and_medical_risk；coercive_institutional_control_and_conspiracy；psychological_distress_and_isolation；school_attack_and_teen_characters_in_peril；threat_of_mass_casualties,5078,0.08956602031394276,2026-07-31,https://l-m-sherlock.github.io/yuri-classification-archive/works/senki_zesshou_symphogear_tv_2012/
LoveLive! Sunshine!!,2016,TV 动画,2016 年 TV 动画第一季正式第 1–13 话,主线,作品分类,主线,潜在／明显但未确认,所核未见,所核未见,当前版本,可见作品宣传,只有关系推断,无,高,否,否,是,是,否,否,学校废校压力与升学去向焦虑；旧友沟通失灵、疏离、嫉妒与自责；角色对能力、身体条件和舞台表现的焦虑；喜剧化肢体碰撞、泳装与更衣相关画面,5105,0.051073183346263255,2026-07-31,https://l-m-sherlock.github.io/yuri-classification-archive/works/love_live_sunshine_tv_2016/
长骑美眉,2016,TV 动画,2016 年 TV 动画《ろんぐらいだぁす！》正篇第 1–12 话；第 1–10 话于 2016 年播出，第 11–12 话于 2017-02-05 播出,主线,作品分类,缺席,非恋爱,所核未见,所核未见,当前版本,HTML 元数据、剧情／角色页,范围内无依据,无,高,否,否,否,是,否,否,long_distance_cycling_exertion_fatigue_and_hunger；cycling_safety_risk_and_weather_exposure,5116,0.08547008547008547,2026-07-31,https://l-m-sherlock.github.io/yuri-classification-archive/works/long_riders_tv_2016/
斯特拉的魔法,2016,TV 动画,2016 年电视动画《ステラのまほう》正式播出的第 1–12 话（2016-10-03 至 2016-12-19）,主线,作品分类,缺席,非恋爱,所核未见,所核未见,当前版本,剧情／角色页、可见作品宣传,范围内无依据,无,中,否,否,否,是,否,否,"creative-deadline pressure and self-doubt；illness, public-event anxiety and school-age caregiving；light school comedy and physical-gag framing",5118,0.10425,2026-07-31,https://l-m-sherlock.github.io/yuri-classification-archive/works/stella_no_mahou_tv_2016/
地下城里的人们,2024,TV 动画,2024 年 TV 动画《ダンジョンの中のひと》正篇第 1–12 话；范围内 TV 版官网主页、人物页及第 1 至 12 话故事页，仅用于版本与官方表述核对；当前可访问的数据库类型、题材与社区标签字段，仅作为外部标签资料,主线,作品分类,缺席,非恋爱,所核未见,所核未见,当前版本,剧情／角色页、可见作品宣传,范围内无依据,无,高,否,否,否,是,否,否,fantasy_violence_and_dungeon_combat；death_resurrection_and_injury_mechanics；missing_parent_and_childhood_bereavement；criminal_violence_and_party_killing；workplace_hierarchy_and_employment_power_imbalance,5132,0.049311341608569974,2026-07-31,https://l-m-sherlock.github.io/yuri-classification-archive/works/dungeon_no_naka_no_hito_tv_2024/
贫穷姐妹物语,2006,TV 动画,2006 年电视播出的《貧乏姉妹物語》TV 正篇第 1–10 话,主线,作品分类,缺席,非恋爱,所核未见,所核未见,当前版本,剧情／角色页、可见作品宣传,范围内无依据,无,高,否,否,否,是,否,否,child_poverty_and_children_taking_on_work_and_household_responsibilities；parental_abandonment_gambling_debt_and_death_of_a_parent；illness_hospitalization_and_fear_of_family_separation；anxiety_about_being_a_burden_and_losing_a_caregiver,5165,0.05561122244488978,2026-07-31,https://l-m-sherlock.github.io/yuri-classification-archive/works/binbou_shimai_monogatari_tv_2006/
魔法纪录 魔法少女小圆外传,2020,TV 动画,2020-01-04 至 2020-03-28 首播的《マギアレコード 魔法少女まどか☆マギカ外伝》TV 1st Season 正篇第 1–13 话,主线,作品分类,缺席,非恋爱,所核未见,所核未见,当前版本,剧情／角色页,范围内无依据,无,高,否,否,否,是,否,否,"fantasy combat, injury and characters in mortal danger；illness, family separation, disappearance and grief；memory manipulation, identity erasure and coercive institutional recruitment；death, survivor guilt and discussion of self-sacrifice；family neglect, social isolation and emotional distress",5243,0.062255358807082946,2026-07-31,https://l-m-sherlock.github.io/yuri-classification-archive/works/magia_record_tv_2020/
4个人各自有着自己的秘密,2022,TV 动画,2022 television anime broadcast main episodes 1–11,主线,作品分类,缺席,非恋爱,所核未见,是,当前版本,出版载体、剧情／角色页、可见作品宣传,范围内无依据,无,高,否,否,否,是,否,是,gender_presentation_and_sex_concealment；repeated_memory_manipulation_and_erasure；cartoon_science_fiction_violence_and_threats；schoolchildren_in_danger；sexualised_and_puberty_related_comedy,5246,0.04755909917470975,2026-07-31,https://l-m-sherlock.github.io/yuri-classification-archive/works/yonin_wa_sorezore_uso_wo_tsuku_tv_2022/
灼热乒乓妹,2016,TV 动画,2016 年 TV 动画《灼熱の卓球娘》正篇第 1–12 话；范围内 TV 版官网、电视东京分集资料与角色页中可核对的公开表述，仅作为版本与关系资料；当前可访问的数据库类型、题材与社区标签字段，仅作为外部标签资料,主线,作品分类,缺席,非恋爱,所核未见,所核未见,当前版本,剧情／角色页、可见作品宣传,范围内无依据,无,中,否,否,否,是,否,否,sports_competition_pressure_and_defeat；sports_injury_and_pain；body_and_underwear_jokes；body_shaming_or_breast_jokes,5292,0.1220817120622568,2026-07-31,https://l-m-sherlock.github.io/yuri-classification-archive/works/shakunetsu_no_takkyuu_musume_tv_2016/
裤袜视界,2019,WEB 动画,2019 年网络动画《みるタイツ》正篇第 1–12 话；官网首页、分集故事页和蓝光页中能核对这十二话范围及人物／故事表述的内容；覆盖正篇第 1–12 话的日文定时字幕，仅用于核对对话、时间位置与语境,主线,作品分类,缺席,非恋爱,所核未见,所核未见,当前版本,出版载体、剧情／角色页、可见作品宣传,范围内无依据,无,中,否,否,否,是,否,否,tights_and_feet_fetish_framing；sexualised_schoolgirl_and_body_fanservice；sexual_innuendo_and_double_entendre；physical_contact_and_boundary_blurring_comedy；teacher_student_suggestive_fantasy_comedy,5300,0.0314025597044465,2026-07-31,https://l-m-sherlock.github.io/yuri-classification-archive/works/miru_tights_web_2019/
Love Live! Superstar!!,2021,TV 动画,"The 2021 first TV season, episodes 1-12, aired from 2021-07-11 through 2021-10-17",主线,作品分类,主线,潜在／明显但未确认,所核未见,所核未见,,,只有关系推断,无,高,否,否,是,是,否,否,"stage fright and panic responses；childhood bullying；school closure and financial insecurity；parental bereavement；family pressure regarding study and returning abroad；online evaluation and competitive disappointment；overtraining, exhaustion and heat illness risk",5323,0.05895249695493301,2026-07-30,https://l-m-sherlock.github.io/yuri-classification-archive/works/love_live_superstar_season_1_tv_2021/
刀剑神域外传 Gun Gale Online,2018,TV 动画,2018 年 TV 动画正篇第 1 至 12 话,主线,作品分类,重要副线,明确欲望,所核未见,所核未见,当前版本,剧情／角色页、可见作品宣传,只有明确关系事实,副线,中,否,是,是,是,否,否,virtual_gun_combat_and_repeated_simulated_deaths；threats_of_real_world_self_harm_and_suicide_ideation；stalking_restraint_coercion_and_intimate_partner_violence_discussed_in_episode_12；sexualised_teasing_and_ambiguous_intimate_boundaries；emotional_manipulation_and_extreme_competitive_violence,5326,0.013263772216818463,2026-08-01,https://l-m-sherlock.github.io/yuri-classification-archive/works/sword_art_online_alternative_gun_gale_online_tv_2018/
时光碎片,2019,剧场 OVA,the single approximately 60-minute theatrical OVA first released in Japanese cinemas on 2019-11-22,主线,作品分类,主线,明确交往,所核未见,是,当前版本,剧情／角色页、可见作品宣传,只有明确关系事实,副线,高,是,是,是,是,否,是,non-consensual skirt lifting and underwear voyeurism；pressure through threatened disclosure of a secret；kissing and undressing without prior explicit boundary negotiation；public bodily exposure；sexualized gossip and harassment by classmates；a former boyfriend's infidelity；social isolation and self-denial；an intense argument and unilateral public disclosure,5409,0.18908341915550977,2026-07-30,https://l-m-sherlock.github.io/yuri-classification-archive/works/fragtime_theatrical_ova_2019/
森田同学很沉默,2011,TV 动画,"the 2011 television short anime broadcast main episodes 1–13；the current licensed-distribution work page and public episode synopses for those thirteen episodes, used only to establish the in-scope edition's stated setup, episode boundary and listed actions",主线,作品分类,局部,潜在／明显但未确认,所核未见,所核未见,当前版本,剧情／角色页、可见作品宣传,只有关系推断,未知,中,否,否,是,是,否,否,"male classmates' sexualized fantasies about a teenage girl；schoolgirl body, pool and yukata-adjustment comedy；an adult-marriage quarrel and reference to a cabaret club；misunderstandings, discomfort humor and jokes about silence or staring",5444,0.0630891950688905,2026-08-01,https://l-m-sherlock.github.io/yuri-classification-archive/works/morita_san_wa_mukuchi_tv_2011/
本田小狼与我,2021,TV 动画,2021 年 TV 动画《スーパーカブ》正篇第 1–12 话,主线,作品分类,缺席,非恋爱,所核未见,所核未见,当前版本,HTML 元数据、剧情／角色页,范围内无依据,无,高,否,否,否,是,否,否,motorcycle_riding_and_road_safety_risk；winter_weather_exposure_and_falling_into_an_icy_stream；teenager_living_without_parents_and_financial_constraint,5478,0.025397674107739607,2026-08-01,https://l-m-sherlock.github.io/yuri-classification-archive/works/super_cub_tv_2021/
放学后的昴星团 网络放送版,2011,WEB 动画,2011 年由官方 YouTube 频道 sbrxgx 公开的网络动画《放課後のプレアデス》第 1–4 夜；四夜官方上传页中可见的标题、上传者与简介；它们只用于锁定版本与官方公开表述；与这四夜精确对应的公开数据库条目及 2011 年当代逐话综述；它们只用于外部标签、版本信息和有限的剧情交叉核对,主线,作品分类,未知,未知,所核未见,所核未见,当前版本,可见作品宣传,范围内无依据,未知,中,否,否,否,是,否,否,minor_characters_in_magic_action_and_cosmic_peril；threats_to_a_school_and_world；friendship_conflict_and_harsh_dialogue；short_form_narrative_with_limited_context,5491,0.05953693495038589,2026-08-01,https://l-m-sherlock.github.io/yuri-classification-archive/works/houkago_no_pleiades_web_2011/
机动战士高达 水星的魔女,2022,TV 动画,2022 TV anime season 1 episodes 1-12,主线,作品分类,主线,明确交往,所核未见,是,当前版本,剧情／角色页,只有明确关系事实,副线,高,是,是,是,是,否,是,arranged marriage and a duel-based ownership system；school bullying and class discrimination；corporate coercion and political violence；human experimentation and disposable test subjects；parental manipulation；armed conflict and death；graphic crushing death in the season finale；traumatic rupture between the central pair,5503,0.0760013501350135,2026-07-30,https://l-m-sherlock.github.io/yuri-classification-archive/works/gundam_witch_from_mercury_season_1_tv_2022/
轮回的拉格朗日,2012,TV 动画,2012 television anime broadcast main episodes 1–12,主线,作品分类,未知,未知,所核未见,所核未见,当前版本,出版载体、剧情／角色页、可见作品宣传,范围内无依据,未知,中,否,否,否,是,否,否,"robot combat, weapons and attacks on a town；civilian danger, loss and disaster-scale threat；fear, betrayal, separation and grief；childhood peril and drowning-related memory",5528,0.08569388240895025,2026-08-01,https://l-m-sherlock.github.io/yuri-classification-archive/works/rinne_no_lagrange_tv_2012/
诗片,2004,TV 动画,2004 年 TV 实际播出的《うた∽かた》正篇第 1–12 话,主线,作品分类,未知,未知,所核未见,所核未见,当前版本、相邻版本,剧情／角色页、可见作品宣传,范围内无依据,未知,中,否,否,否,是,否,否,"teen characters subjected to coercive supernatural testing, manipulation and loss of control；psychological distress, jealousy, social shame, eating difficulty and references to self-erasure；threats, blood, injury, dangerous supernatural events and a climactic sacrifice；adult-minor power imbalance and a middle-school protagonist's admiration for an older tutor；sexualized or revealing transformation and bath imagery involving underage characters",5606,0.1400804289544236,2026-08-01,https://l-m-sherlock.github.io/yuri-classification-archive/works/uta_kata_tv_2004/
犬神同学和猫山同学,2014,TV 动画,2014 television anime broadcast episodes 1–12,主线,作品分类,主线,潜在／明显但未确认,是,是,企划／系列、当前版本,HTML 元数据、剧情／角色页、可见作品宣传,范围内无依据,未知,中,否,否,是,是,是,是,sexualized comedy and innuendo involving high-school-age characters；a boundary-ambiguous catnip-tea premise involving a classmate；illness and care of a supporting character,5669,0.16830601092896175,2026-08-01,https://l-m-sherlock.github.io/yuri-classification-archive/works/inugami_san_to_nekoyama_san_tv_2014/
CROSS ANGE 天使与龙的轮舞,2014,TV 动画,2014 年 10 月 4 日至 2015 年 3 月 28 日播出的电视动画《クロスアンジュ 天使と竜の輪舞》正篇第 1–25 话；制作委员会 TV 官网首页、角色页与逐话梗概，以及 Sunrise World 的作品页；它们只用于版本边界、官方表述和剧情骨架；覆盖第 1–25 话的第三方日文定时字幕与四个数据库的公开字段；字幕用于台词定位，不用于推断无台词的画面动作、触碰或镜头安排,主线,作品分类,重要副线,明确欲望,所核未见,所核未见,当前版本,剧情／角色页、可见作品宣传,只有明确关系事实,主导,高,否,是,是,是,否,否,systemic_discrimination_and_dehumanization；military_conscription_war_mecha_combat_and_character_deaths；bullying_harassment_and_public_humiliation；sexualized_dialogue_and_power_imbalance_or_body_boundary_context；coercive_marriage_or_pursuit_by_male_antagonist；imprisonment_physical_violence_torture_and_execution_threats；grief_loss_and_family_rejection,5690,0.028001486804609094,2026-08-01,https://l-m-sherlock.github.io/yuri-classification-archive/works/cross_ange_tv_2014/
不受欢迎之家,2018,TV 动画,2018 年 TV 动画《ひもてはうす》电视播出正篇第 1–12 话；官网首页、人物资料与播出页中用于核对 TV 版范围及官方实际措辞的内容；正版配信方 Video Market 公开的第 1–12 话标题与梗概，仅用于核对文字可见的剧情层次、版本边界和内容提示；当前可访问的 MyAnimeList、Anime-Planet、AniList 与 Bangumi 精确条目字段，仅作为外部分类资料,主线,作品分类,未知,非恋爱,所核未见,所核未见,当前版本,出版载体、剧情／角色页、可见作品宣传,范围内无依据,无,中,否,否,否,是,否,否,adult_romance_and_sexuality_conversation_comedy；dating_lounge_and_fictitious_ex_boyfriend_comedy；alcohol_intoxication_and_hangover_mystery_comedy；bathhouse_nudity_back_washing_and_massage_comedy；surreal_meta_and_performer_improvisation_comedy,5713,0.04752206381534284,2026-08-01,https://l-m-sherlock.github.io/yuri-classification-archive/works/himote_house_tv_2018/
桃华月惮,2007,TV 动画,the 2007 television anime formal episodes 1–26,未知,证据不足,未知,未知,所核未见,是,当前版本,HTML 元数据、剧情／角色页、可见作品宣传,范围内无依据,未知,中,否,否,否,否,否,是,"fantasy violence, threats, supernatural harm, death and loss；sexualized character presentation and bathing or swimwear-related situations; this archive did not conduct a frame-by-frame visual review；coercion, fear, confinement and loss of agency in supernatural plot situations；a main character whose gender is not fixed by the in-scope official synopses; do not use database gender fields as a substitute for television-text evidence",5726,0.053246753246753244,2026-08-01,https://l-m-sherlock.github.io/yuri-classification-archive/works/touka_gettan_tv_2007/
机甲少女 FRAME ARMS GIRL,2017,TV 动画,2017 年 4 月 3 日至 6 月 19 日播出的 TV 动画《フレームアームズ・ガール》正篇第 1–12 话；TV 官网的 Introduction、角色入口和逐话故事页；仅用来核对版本范围、制作方实际表述与剧情骨架；制作方为 TV 动画发布的新闻稿；仅用来核对作品设定和公开营销措辞；四个数据库的当前公开字段；只用来记录各站的分类入口与社区标签状态；SubtitleCat 列出的 [Drag] BD 1080p x264 10-bit FLAC 字幕第 1–12 话；英文与日语罗马字对照文本仅用于核对有对白的关系表述和时间码，不替代日文原文、画面、镜头或无对白动作,主线,读者解读,重要副线,潜在／明显但未确认,所核未见,所核未见,当前版本,剧情／角色页、可见作品宣传,范围内无依据,未知,高,否,否,是,是,否,否,toy_robot_battles_and_weapons；fanservice_body_and_underwear_gags；comedic_nonconsensual_or_boundary_ambiguous_kiss_between_artificial_personas；sexualized_or_objectifying_marketing_context；illness_care_and_light_horror_gags,5729,0.06245407788390889,2026-08-01,https://l-m-sherlock.github.io/yuri-classification-archive/works/frame_arms_girl_tv_2017/
转生王女与天才千金的魔法革命,2023,TV 动画,2023 TV anime main episodes 1-12,主线,作品分类,主线,明确欲望,所核未见,是,当前版本,剧情／角色页,明确身份自述,副线,高,否,是,是,是,否,是,public_humiliation_and_political_engagement_breaking；coercive_succession_pressure_and_political_manipulation；fantasy_battles_injury_and_threatened_death；emotional_distress_family_conflict_and_self_worth_crisis；kiss_without_a_preceding_spoken_consent_request_in_the_subtitle_context,5774,0.18775136180827776,2026-08-01,https://l-m-sherlock.github.io/yuri-classification-archive/works/tensei_oujo_to_tensai_reijou_no_mahou_kakumei_tv_2023/
莉可丽丝,2022,TV 动画,"2022 TV anime episodes 1-13, aired from 2022-07-02 through 2022-09-24",主线,作品分类,主线,潜在／明显但未确认,所核未见,所核未见,,,只有关系推断,无,高,否,否,是,是,否,否,gun violence and terrorist attacks；a secret organization exploiting teenage girls；near-death and an artificial-heart plot；kidnapping and hostage situations；familial manipulation；conflict over killing and refusal to kill；physical fights between characters,6602,0.13039385682437454,2026-07-30,https://l-m-sherlock.github.io/yuri-classification-archive/works/lycoris_recoil_tv_2022/
citrus～柑橘味香气～,2018,TV 动画,2018 TV anime episodes 1-12,主线,作品分类,主线,明确交往,是,是,当前版本,HTML 元数据、可见作品宣传,只有明确关系事实,副线,高,是,是,是,是,是,是,unasked_and_resisted_kissing；ambiguous_or_nonverbal_consent_in_intimate_scenes；sexualized_body_boundary_violations；teacher_student_power_imbalance；instrumental_arranged_engagement；sexual_blackmail_and_threatened_contact_with_unknown_adults；step_sibling_romance_after_parental_remarriage；jealousy_deception_and_manipulation；stigmatizing_language_about_same_sex_desire；sexual_dialogue_involving_minor_characters,6657,0.18534618534618535,2026-07-29,https://l-m-sherlock.github.io/yuri-classification-archive/works/citrus_tv_2018/
恶魔之谜,2014,TV 动画,2014 broadcast TV anime episodes 1-12,主线,作品分类,主线,明确欲望,所核未见,是,当前版本,可见作品宣传,只有明确关系事实,无,高,否,是,是,是,否,是,"repeated attempted murder and assassination；stabbing, shooting, explosions and blood；teenagers placed in a coerced death game；family deaths and survivor trauma；psychological manipulation and institutional abuse；child abuse and exploitation in backstories；self-sacrificial violence；a staged apparent death and medically implausible survival reveal",7170,0.14668062200956938,2026-07-30,https://l-m-sherlock.github.io/yuri-classification-archive/works/akuma_no_riddle_tv_2014/
突击莉莉 BOUQUET,2020,TV 动画,2020 Assault Lily BOUQUET TV anime episodes 1-12,主线,作品分类,主线,明确欲望,所核未见,所核未见,,,只有明确关系事实,无,高,否,是,是,是,否,否,minor combatants and militarized schooling；monster attacks combat injuries and blood；death of important characters and prolonged grief；weapon-induced loss of control and fear of harming others；artificial life experimentation and dehumanization；military pursuit arrest and detention threats；death of a child-presenting artificial life character；hallucinations trauma and self-hatred；body-focused comedy and communal bath scenes,7626,0.1438327526132404,2026-07-30,https://l-m-sherlock.github.io/yuri-classification-archive/works/assault_lily_bouquet_tv_2020/
靠死亡游戏混饭吃。,2026,TV 动画,"2026 TV anime formal episodes 1-11, aired from 2026-01-07 through 2026-03-18",主线,作品分类,主线,明确欲望,所核未见,所核未见,,,只有明确关系事实,无,高,否,是,是,是,否,否,"graphic death-game violence and repeated killing；body horror, dismemberment and severe injury；suicidal behavior and coerced self-sacrifice；child abuse and intrafamilial killing in backstory；psychological manipulation, intimidation and betrayal；exploitative mentor-disciple attachment；grief, survivor guilt and dissociation",9664,0.01569018683112643,2026-07-30,https://l-m-sherlock.github.io/yuri-classification-archive/works/shibou_yuugi_de_meshi_wo_kuu_tv_2026/
夜晚的水母不会游泳,2024,TV 动画,"2024 TV anime episodes 1-12, aired on natural dates from 2024-04-07 through 2024-06-23",主线,作品分类,主线,潜在／明显但未确认,所核未见,所核未见,,,只有关系推断,无,高,否,否,是,是,否,否,online attacks and identity exposure；idol-industry pressure and parental control；public humiliation and school exclusion；mockery targeting gender presentation；exploitation of creative labor；severe conflict between friends；intimate behavior in a drinking context,9727,0.10934682428371068,2026-07-30,https://l-m-sherlock.github.io/yuri-classification-archive/works/yoru_no_kurage_wa_oyogenai_tv_2024/
