作品名称,slug,年份／媒介,女女关系位置,女女恋爱位置,女女关系最高明确度,明确女女交往,明确女女欲望,接受未确认方向,女女关系主线,官方字面百合／GL,官方女女恋爱表述,官方来源层级,官方来源位置,男性恋爱线,内容提示,Bangumi 条目状态,Bangumi Rank,Bangumi 百合标签比例
白箱,shirobako_tv_2014,2014 TV,重要副线,缺席,非恋爱,否,否,否,否,所核未见,所核未见,—,—,无,工作压力、过劳、职业挫折、制作事故、言语冲突与饮酒场面；无画面复核。,有精确条目,14,0.010696839219169354
莉兹与青鸟,liz_to_aoi_tori_movie_2018,2018 剧场动画,主线,主线,明显但未确认,否,否,是,是,所核未见,所核未见,—,—,无,曾经不告而别造成离别恐惧；一方把继续演奏和升学选择绑定于留在另一方身边；才能比较、自我贬低、哭泣与关系冲突。,有精确条目,27,0.13712636368083753
魔法少女小圆,mahou_shoujo_madoka_magica_tv_2011,2011 TV,主线,主线,明显但未确认,否,否,是,是,所核未见,所核未见,范围内版本,故事／角色页,副线,未成年人遭致命暴力与死亡、遗体与葬礼、欺骗性契约及对未成年人危机的利用、身体与灵魂分离、绝望导致的异变、自毁式牺牲、同伴请求阻止自己变成怪物、家庭谋杀后自杀的回忆、失恋与嫉妒、灾害和群体伤亡威胁。,有精确条目,34,0.029318272123517057
剧场版 魔法少女小圆 [新篇] 叛逆的物语,mahou_shoujo_madoka_magica_rebellion_movie_2013,2013 剧场动画,主线,主线,明确欲望,否,是,是,是,所核未见,是,范围内版本,访谈／评论、出版渠道、故事／角色页,无,心理恐怖、身体与记忆变形、死亡与暴力、囚禁与世界重写、情感操控、宗教意象、强烈占有性语言。,有精确条目,35,0.0671594888217161
剧场版 少女☆歌剧 Revue Starlight,shoujo_kageki_revue_starlight_movie_2021,2021 剧场动画,主线,主线,明确欲望,否,是,是,是,所核未见,所核未见,范围内版本,可见宣传,无,毕业与别离、舞台竞争、占有性措辞、歌曲与日常语言需区分。,有精确条目,43,0.11950405340963281
日常,nichijou_tv_2011,2011 TV,主线,缺席,非恋爱,否,否,否,是,所核未见,所核未见,—,—,副线,夸张肢体冲突、枪炮与爆炸笑料，校园捉弄与公开出丑，机器人身体改造及对身体差异暴露的焦虑，BL 漫画与暗恋受挫笑料。,有精确条目,49,0.001063657177883142
吹响吧！上低音号 第二季,hibike_euphonium_2_tv_2016,2016 TV,主线,主线,明显但未确认,否,否,是,是,所核未见,所核未见,范围内版本,故事／角色页、可见宣传,副线,未成年学生对成年教师的单方爱恋、失恋与拒绝、社团选拔冲突、关系依赖、家庭离别和竞赛压力。,有精确条目,50,0.05547812386377409
轻音少女 第二季,k_on_second_season_tv_2010,2010 TV,主线,缺席,非恋爱,否,否,否,是,所核未见,所核未见,相邻版本、范围内版本、原作,出版渠道、可见宣传,副线,毕业与暂时分离、社团与学业压力、成人教师让学生穿表演服装并以身体尴尬制造笑料、舞台剧角色扮演中的恋爱台词、将暧昧词语用于玩笑或歌词。,有精确条目,56,0.008633886473577858
少女革命,shoujo_kakumei_utena_tv_1997,1997 TV,主线,主线,明确欲望,否,是,是,是,所核未见,所核未见,—,—,并行,校园年龄角色卷入成人性权力结构、诱骗与同意不对等、兄妹乱伦性虐待、占有与亲密暴力、受害者自责及厌女污名、身体和心理暴力、自杀念头与坠落意象。,有精确条目,60,0.07642039317347159
轻音少女 剧场版,k_on_movie_2011,2011 剧场动画,主线,缺席,非恋爱,否,否,否,是,所核未见,所核未见,范围内版本,可见宣传,未知,毕业与离别压力、旅行中的喜剧性尴尬、歌曲的强烈友情用语。,有精确条目,66,0.04424778761061947
英雄联盟：双城之战,arcane_season_1_web_2021,2021 WEB,主线,重要副线,明显但未确认,否,否,是,是,所核未见,所核未见,—,—,副线,战争与阶级压迫、枪械爆炸、死亡及儿童死亡、家庭分离、精神创伤与幻觉、自杀意念／尝试、囚禁与暴力审讯、药物依赖和人体实验、妓院场景、异性性场面。,有精确条目,69,0.01152624940193989
赛马娘 Pretty Derby 第二季,uma_musume_pretty_derby_season_2_tv_2021,2021 TV,主线,主线,明显但未确认,否,否,是,是,所核未见,所核未见,范围内版本,故事／角色页、可见宣传,无,多次腿部骨折与赛场伤病、长期复健和复发恐惧、竞技压力、失去奔跑未来的痛苦。,有精确条目,71,0.05301931666569987
孤独摇滚！,bocchi_the_rock_tv_2022,2022 TV,主线,局部,明确欲望,否,是,是,是,所核未见,所核未见,—,—,无,严重社会焦虑与回避、反复自我贬低、夸张身体崩坏或死亡意象、成年人酒精依赖与醉酒、借钱不还和人际利用、公开出丑、危险跳台及轻伤。,有精确条目,72,0.028872709013306554
偶像大师,the_idolmaster_tv_2011,2011 TV,主线,局部,明确欲望,否,是,是,是,所核未见,所核未见,—,—,副线,未成年偶像的泳装／写真／身体话题与婚礼模特工作，娱乐行业过劳和排期压力，造谣、偷拍与事业破坏，儿童照护与家庭经济压力，父母离异、手足死亡与创伤反应，舞台事故和住院，性别角色期待。,有精确条目,83,0.0027421847733958217
摇曳露营△ 第二季,yuru_camp_season_2_tv_2021,2021 TV,主线,缺席,非恋爱,否,否,否,是,所核未见,所核未见,范围内版本,出版渠道、故事／角色页、可见宣传,无,夜间独行、低温、交通与露营安全风险；少量公共浴池或泡澡场景；本季未确认女女恋爱。,有精确条目,89,0.04719649296471753
少女与战车 剧场版,girls_und_panzer_movie_2015,2015 剧场动画,主线,缺席,非恋爱,否,否,否,是,所核未见,所核未见,范围内版本,可见宣传,无,学校存续危机、战车竞技险情、竞争，以及局部异性恋笑料。,有精确条目,91,0.05824167712408651
幸运星,lucky_star_tv_2007,2007 TV,主线,缺席,非恋爱,否,否,否,是,所核未见,所核未见,—,—,副线,对未成年角色的性化及“萝莉控”笑料、把同学画入带性意味同人构想的笑料、亲人早逝与丧亲、病弱和体型笑料、危险驾驶喜剧。,有精确条目,93,0.004589992389649924
吹响吧！上低音号,hibike_euphonium_tv_2015,2015 TV,主线,主线,明显但未确认,否,否,是,是,所核未见,所核未见,—,—,副线,学生对成年教师的单方恋爱、失恋与拒绝、社团派系冲突、流言与偏袒指控、公开竞争和表演压力。,有精确条目,95,0.05392701074760836
水星领航员 The AVVENIRE,aria_the_avvenire_ova_2015,2015 剧场 OVA,主线,缺席,非恋爱,否,否,否,是,所核未见,所核未见,范围内版本,出版渠道、故事／角色页、可见宣传,未知,离职、毕业和告别带来的失落；前后辈与职业制度的权力差异；未具名男性背景台词（关系性质未明）。,有精确条目,102,0.013020833333333334
轻音少女,k_on_tv_2009,2009 TV,主线,缺席,非恋爱,否,否,否,是,所核未见,所核未见,—,—,副线,成人教师强迫学生更换表演服装、学生身体和服装被用于笑料、表演事故后的身体尴尬与公开笑料、打闹、成人配角的失恋与交往笑料。,有精确条目,103,0.008612993883286494
百变之星,kaleido_star_tv_2003_part1,2003 TV,主线,缺席,非恋爱,否,否,否,是,所核未见,所核未见,—,—,副线,高风险杂技、严苛训练、过劳与运动损伤、职业竞争、企业夺权。,有精确条目,112,0.03942783788740143
摇曳露营△,yuru_camp_tv_2018,2018 TV,主线,缺席,非恋爱,否,否,否,是,所核未见,所核未见,—,—,无,未成年人夜间迷路与受寒；明火、燃气、低温、独行及交通等露营风险；成年教师大量饮酒并醉倒；少量泡澡场面；没有本季女性恋爱确认。,有精确条目,118,0.09432360212771271
少女革命 思春期默示录,shoujo_kakumei_utena_adolescence_movie_1999,1999 剧场动画,主线,主线,明确欲望,否,是,是,是,所核未见,所核未见,企划,出版渠道,并行,制度性订婚、亲属／权力关系中的性化暗示、死亡与创伤、身体变形和汽车碰撞意象。,有精确条目,125,0.09624344787419918
悠哉日常大王 Nonstop,non_non_biyori_nonstop_tv_2021,2021 TV,主线,重要副线,明显但未确认,否,否,是,是,所核未见,所核未见,范围内版本,故事／角色页、可见宣传,无,未成年角色的成长笑料、玩偶与手作喜剧、饮酒与照护场景。,有精确条目,130,0.02277163305139883
比宇宙更远的地方,sora_yori_mo_tooi_basho_tv_2018,2018 TV,主线,缺席,非恋爱,否,否,否,是,所核未见,所核未见,范围内版本,访谈／评论,副线,亲人失踪与长期哀伤，校园排挤与背叛，嫉妒、散播流言及破坏出行，晕船和呕吐，海上及极地旅行风险。,有精确条目,148,0.033242716151527685
少女终末旅行,shoujo_shuumatsu_ryokou_tv_2017,2017 TV,主线,缺席,非恋爱,否,否,否,是,所核未见,所核未见,—,—,无,文明崩溃与战争遗迹、枪械及以武器争夺食物、生存物资短缺、高处坠落等危险、死亡与孤独议题；有共同沐浴等身体接近场景，但所核台词未把它们命名为恋爱或性行为。,有精确条目,162,0.08985463202147596
斩服少女,kill_la_kill_tv_2013,2013 TV,主线,重要副线,明显但未确认,否,否,是,是,所核未见,所核未见,—,—,副线,高频裸露与性化变身、未成年人被性化展示、带性意味的强制身体接触与亲属间侵犯、家庭虐待、人体实验、精神操控、校园霸凌、严重暴力、身体恐怖及角色死亡。,有精确条目,186,0.019052344331431405
电脑线圈,dennou_coil_tv_2007,2007 TV,主线,缺席,非恋爱,否,否,否,是,所核未见,所核未见,—,—,副线,儿童死亡与丧亲、交通事故、内疚与哀伤、校园排斥和欺凌、儿童被利用及陷入危险、意识分离与昏迷、惊悚追逐、虚拟宠物受损与离别。,有精确条目,187,0.008486658972095865
剧场版 魔法少女小圆 [后篇] 永远的物语,mahou_shoujo_madoka_magica_eternal_movie_2012,2012 剧场动画,主线,主线,明显但未确认,否,否,是,是,所核未见,所核未见,范围内版本,出版渠道、可见宣传,副线,死亡与身体／灵魂异化、绝望与自我牺牲、时间循环、记忆重置、心理恐怖和悲剧性结局。,有精确条目,188,0.047012415933781686
超时空辉夜姬！,chou_kaguya_hime_web_film_2026,2026 WEB 动画电影,主线,主线,明确欲望,否,是,是,是,所核未见,所核未见,—,—,无,家庭冲突与疏离、过劳、生存式战斗、离别与幻想性死亡、长时间跨度、AI／人格连续性议题。,有精确条目,192,0.14994096812278632
琉璃的宝石,ruri_no_houseki_tv_2025,2025 TV,主线,缺席,非恋爱,否,否,否,是,所核未见,所核未见,—,—,无,户外采集中的陡坡、河流、海岸与废弃设施风险；锤击取样、酸液及实验操作；少量温泉洗浴场景；本次 TV 范围没有女女恋爱确认。,有精确条目,193,0.01886115320200973
Heart Catch 光之美少女！,heartcatch_precure_tv_2010,2010 TV,主线,局部,明确欲望,否,是,是,是,所核未见,所核未见,—,—,副线,幻想战斗、受伤与角色死亡、亲人离世和失踪、反派利用人物心理痛苦、误认性别引发的恋爱笑点。,有精确条目,199,0.019153225806451613
剧场版 吹响吧！上低音号～誓言的终章～,hibike_euphonium_chikai_no_finale_movie_2019,2019 剧场动画,主线,重要副线,明显但未确认,否,否,是,是,所核未见,所核未见,范围内版本,出版渠道、故事／角色页、可见宣传,副线,异性告白与关系暂缓、低音部选拔冲突、孤立和哭泣、比赛压力、对重要关系终将分离的焦虑。,有精确条目,201,0.032102805987389904
剧场版 吹响吧！上低音号～想要传达的旋律～,hibike_euphonium_todoketai_melody_movie_2017,2017 剧场动画,主线,主线,明显但未确认,否,否,是,是,所核未见,所核未见,范围内版本,可见宣传,副线,家庭冲突、退部危机、前后辈依恋、毕业离别和把音乐仰慕读成恋爱的风险。,有精确条目,203,0.03319375713741911
悠哉日常大王 Repeat,non_non_biyori_repeat_tv_2015,2015 TV,主线,重要副线,明显但未确认,否,否,是,是,所核未见,所核未见,范围内版本,出版渠道、故事／角色页、可见宣传,无,主要角色为小学生和中学生；含夜间迷路、泳池清扫、泳装及儿童成长笑料；萤对小鞠的对象固定倾慕以玩偶、礼物和害羞的喜剧节奏呈现，本季没有女女交往确认。,有精确条目,204,0.03529758397171479
向山进发 Next Summit,yama_no_susume_next_summit_tv_2022,2022 TV,主线,重要副线,明显但未确认,否,否,是,是,所核未见,所核未见,范围内版本,故事／角色页、可见宣传,无,登山、恶劣天气与高山反应风险；童年坠落造成的恐高；第 4 话的吃醋与分离不安不等于已交往。,有精确条目,205,0.10247442511148028
悠哉日常大王,non_non_biyori_tv_2013,2013 TV,主线,重要副线,明确欲望,否,是,是,是,所核未见,所核未见,—,—,无,主要人物多为儿童；含未成年角色的泳装／体型笑料、萤对小鞠的同床想象与单方倾慕。,有精确条目,228,0.03566686999892354
飞跃巅峰2！,top_wo_nerae_2_ova_2004,2004 OVA,主线,主线,明显但未确认,否,否,是,是,所核未见,所核未见,范围内版本,故事／角色页,副线,宇宙战争、组织排挤、能力丧失、胁迫性冲突、高风险战斗与分离。,有精确条目,229,0.042883710753746855
剧场版 悠哉日常大王 Vacation,non_non_biyori_vacation_movie_2018,2018 剧场动画,主线,局部,明显但未确认,否,否,是,是,所核未见,所核未见,范围内版本,可见宣传,无,未成年角色旅行、浮潜与皮艇活动、离别哭泣；萤—小鞠的浪漫化阅读未在本片确认。,有精确条目,232,0.03162016642192854
百变之星 不死鸟传说 ～蕾拉・汉密尔顿物语～,kaleido_star_legend_phoenix_ova_2006,2006 OVA,主线,主线,明显但未确认,否,否,是,是,所核未见,所核未见,范围内版本、原作,出版渠道、故事／角色页,未知,母亲死亡与哀伤。,有精确条目,249,0.052564102564102565
BanG Dream! It's MyGO!!!!!,bang_dream_its_mygo_tv_2023,2023 TV,主线,局部,明显但未确认,否,否,是,是,所核未见,所核未见,—,—,无,关系操控、强烈依赖与排斥、公开情绪崩溃、激烈争执、家庭困境,有精确条目,271,0.10567622152145413
向阳素描 沙英・寻 毕业篇,hidamari_sketch_sae_hiro_graduation_ova_2013,2013 OVA,主线,局部,明显但未确认,否,否,是,是,所核未见,所核未见,范围内版本、原作,故事／角色页、可见宣传,无,升学考试压力、毕业与离别、共同体变化、日常喜剧中的身体与饮食玩笑。,有精确条目,280,0.07605177993527508
剧场版 魔法少女小圆 [前篇] 起始的物语,mahou_shoujo_madoka_magica_beginnings_movie_2012,2012 剧场动画,主线,主线,明显但未确认,否,否,是,是,所核未见,所核未见,范围内版本,出版渠道、可见宣传,副线,死亡与战斗暴力、遗体与葬礼、欺骗性契约、身体／灵魂异化、绝望与自我牺牲、失恋与嫉妒、心理恐怖和悲剧性结尾。,有精确条目,286,0.04654341414286742
少女☆歌剧 Revue Starlight,shoujo_kageki_revue_starlight_tv_2018,2018 TV,主线,主线,明显但未确认,否,否,是,是,所核未见,所核未见,—,—,无,舞台化武器战斗、嫉妒与依存、离别、牺牲、时间循环,有精确条目,296,0.13177938882261173
幸运星 OVA,lucky_star_ova_2008,2008 OVA,主线,局部,明确欲望,否,是,是,是,所核未见,所核未见,范围内版本,可见宣传,无,幻想段中的强迫变装、强迫式羞耻台词和单向新娘角色扮演；身体与服装笑料、宠物闹剧和迷路。,有精确条目,301,0.004547454892181312
圣母在上 第3季,maria_sama_ga_miteru_ova_2006,2006 OVA,主线,主线,明确欲望,否,是,是,是,所核未见,是,范围内版本,故事／角色页、可见宣传,副线,姊妹制度中的名分与权力压力、祥子对男性接触的强烈抗拒、婚约及家庭期待、单向执着、学园祭冲突与群体压力。,有精确条目,307,0.1597069597069597
玉响～毕业写真～,tamayura_sotsugyou_shashin_theatrical_ova_2015,2015 剧场 OVA,主线,缺席,非恋爱,否,否,否,是,所核未见,所核未见,范围内版本,访谈／评论、故事／角色页,副线,毕业与分别、升学／职业选择的不确定性、对已故父亲和遗物相机的回忆；没有范围内确认的女女恋爱。,有精确条目,312,0.03467029231815092
妖精森林的小不点,hakumei_to_mikochi_tv_2018,2018 TV,主线,缺席,非恋爱,否,否,否,是,所核未见,所核未见,—,—,副线,野外遇险、受伤与中毒；绑架、帮派威胁及打斗；酒精和烟草；狩猎、捕鱼、屠宰与食用动物；泡澡／裸身相关台词；本范围没有确认的女女恋爱。,有精确条目,329,0.029162462159434913
蓦然回首,look_back_movie_2024,2024 剧场动画,主线,缺席,非恋爱,否,否,否,是,所核未见,所核未见,范围内版本,故事／角色页、可见宣传,未知,校园暴力袭击与角色死亡、创伤和幸存者内疚、武器伤害、社会退缩与孤独、后段重现性叙事（仅字幕无法界定其现实或假设层级）。,有精确条目,356,0.002608468828797496
悠哉日常大王 Nonstop OAD,non_non_biyori_nonstop_oad_2022,2022 OVA,主线,缺席,非恋爱,否,否,否,是,所核未见,所核未见,范围内版本,故事／角色页、可见宣传,无,主要角色为小学生和中学生；含作业、羽毛球活动、轻微运动事故、照看幼童、蜡笔涂墙、轻度责备与照护者落泪；未作完整视听复核。,有精确条目,365,0.027475567029319563
终将成为你,yagate_kimi_ni_naru_tv_2018,2018 TV,主线,主线,明确交往,是,是,是,是,是,是,范围内版本、原作,出版渠道、故事／角色页,副线,突发且未事先询问的接吻、一处在拒绝主动接吻后继续发生的亲密行为、针对女性同性欲望的贬抑言论、丧亲与强烈自我否定。,有精确条目,384,0.168993993993994
佐贺偶像是传奇 复仇,zombieland_saga_revenge_tv_2021,2021 TV,主线,重要副线,明显但未确认,否,否,是,是,所核未见,所核未见,范围内版本,故事／角色页、可见宣传,副线,僵尸身体恐怖与血腥、洪水及灾害意象、历史政治暴力与处刑、工作压力、死亡与哀伤。,有精确条目,387,0.013341449804697408
少女与战车 最终章 第4话,girls_und_panzer_saishuushou_4_ova_2023,2023 剧场 OVA,主线,缺席,非恋爱,否,否,否,是,所核未见,所核未见,范围内版本,可见宣传,未知,战车炮击、爆炸、碰撞、翻覆与竞技险情；开局失去核心队伍造成的压力；学校竞争与高风险比赛语境,有精确条目,397,0.049209932279909704
街角魔族 2丁目,machikado_mazoku_tv_2022,2022 TV,主线,主线,明显但未确认,否,否,是,是,所核未见,所核未见,范围内版本,故事／角色页、可见宣传,无,喜剧化魔法战斗与受伤、梦境侵入、诅咒和记忆操控、魔法契约、家庭失踪与可能消失的威胁，以及未成年角色相关的身体变形笑料。,有精确条目,402,0.12972830387760487
魔法少女奈叶 The MOVIE 2nd A's,mahou_shoujo_lyrical_nanoha_movie_2nd_as_2012,2012 剧场动画,主线,缺席,非恋爱,否,否,否,是,所核未见,所核未见,范围内版本,故事／角色页、可见宣传,无,魔法战斗、儿童卷入危险、监护与病痛、牺牲与告别、家人式“爱”的语境区分,有精确条目,404,0.08369704749679076
佐贺偶像是传奇,zombieland_saga_tv_2018,2018 TV,主线,缺席,非恋爱,否,否,否,是,所核未见,所核未见,—,—,副线,交通事故与死亡、僵尸身体恐怖和肢解／枪击、强制管理与言语羞辱、跨性别角色被旧名称呼及青春期焦虑、儿童死亡与亲子哀伤、偶像行业压力、雷击创伤、危险摩托车特技、失忆和抑郁退缩、舞台坍塌。,有精确条目,405,0.0030954812356395202
玲音,serial_experiments_lain_tv_1998,1998 TV,重要副线,缺席,非恋爱,否,否,否,否,所核未见,所核未见,—,—,副线,自杀、枪击与死亡、未成年人性内容、隐私侵犯、记忆操纵、身体恐怖、家庭离弃、邪教式控制及药物。,有精确条目,414,0.009178117708063262
Go! Princess 光之美少女,go_princess_precure_tv_2015,2015 TV,主线,局部,明显但未确认,否,否,是,是,所核未见,所核未见,—,—,副线,幻想战斗与未成年人遇险、反派操控情绪、家庭分离、短暂失忆、职业与家庭期待冲突、单向婚约笑料,有精确条目,419,0.028409090909090908
向阳素描×蜂窝,hidamari_sketch_honeycomb_tv_2012,2012 TV,主线,重要副线,明显但未确认,否,否,是,是,所核未见,所核未见,范围内版本,故事／角色页、可见宣传,未知,升学考试与毕业焦虑、同住伙伴的离别、夏目的害羞推拉、日常身体和饮食玩笑。,有精确条目,421,0.07996406109613657
圣母在上 第4季,maria_sama_ga_miteru_tv_2009,2009 TV,主线,主线,明确欲望,否,是,是,是,所核未见,是,范围内版本,故事／角色页、可见宣传,副线,姊妹制度中的名分与权力压力、领养与失亲创伤、害怕被抛弃、家出、选举竞争、误解与拒绝、男性婚约背景。,有精确条目,424,0.14867388868135972
草莓棉花糖,ichigo_mashimaro_tv_2005,2005 TV,主线,缺席,非恋爱,否,否,否,是,所核未见,所核未见,—,—,无,成年人频繁吸烟与饮酒、夸张肢体冲突和捉弄、围绕小学生角色的洗浴／身体与穿衣笑料。,有精确条目,453,0.044583333333333336
《ray 超かぐや姫！Version》MV,ray_chou_kaguya_hime_version_mv_2026,2026 音乐动画,未知,未知,未知,否,否,否,否,所核未见,所核未见,范围内版本,可见宣传,未知,快速音乐剪辑、舞台／表演意象及与长篇电影相连的语境。,有精确条目,458,0.12304526748971194
少女与战车 最终章 第1话,girls_und_panzer_saishuushou_1_ova_2018,2018 剧场 OVA,主线,缺席,非恋爱,否,否,否,是,所核未见,所核未见,范围内版本,可见宣传,无,战车炮击、爆炸、碰撞与竞技险情；升学压力；粗鲁笑料；跨校竞争。,有精确条目,466,0.057230597431602456
圣母在上 春,maria_sama_ga_miteru_haru_tv_2004,2004 TV,主线,主线,明确欲望,否,是,是,是,所核未见,是,范围内版本,故事／角色页、可见宣传,副线,姊妹制度中的名分和选择压力、毕业分离、亲吻请求、嫉妒、校内传闻、年龄差与师生权力风险。,有精确条目,478,0.16810792113455553
摇曳百合♪♪,yuru_yuri_second_season_tv_2012,2012 TV,主线,重要副线,明确欲望,否,是,是,是,是,所核未见,范围内版本、原作,HTML 元数据、故事／角色页、可见宣传,无,中学生角色的亲吻、婚姻和恋爱想象被用于喜剧，部分肢体接触与恋爱台词属于角色扮演或幻想。,有精确条目,481,0.11923764145324597
少女与战车 最终章 第2话,girls_und_panzer_saishuushou_2_ova_2020,2020 剧场 OVA,主线,缺席,非恋爱,否,否,否,是,所核未见,所核未见,范围内版本,出版渠道、可见宣传,无,战车炮击、爆炸、碰撞与竞技险情；留级、升学与家庭压力；女子学园之间的竞赛；本话为未完结系列的一部分,有精确条目,492,0.05286269211281878
悠哉日常大王 Repeat OAD,non_non_biyori_repeat_oad_2016,2016 OVA,主线,缺席,非恋爱,否,否,否,是,所核未见,所核未见,范围内版本,出版渠道、故事／角色页、可见宣传,无,未成年女学生、雪地跌落、恶梦与追逐的轻度喜剧场面；未作视听复核。,有精确条目,495,0.039713440274100606
凡尔赛玫瑰,versailles_no_bara_tv_1979,1979 TV,重要副线,重要副线,明确欲望,否,是,是,否,所核未见,所核未见,—,—,主导,战争与革命暴力、处决与死亡、自杀、强迫婚姻、阶级压迫、明确拒绝后仍持续的身体控制与亲密边界侵犯。,有精确条目,506,0.055663117134559535
兽娘动物园,kemono_friends_tv_2017,2017 TV,主线,缺席,非恋爱,否,否,否,是,所核未见,所核未见,—,—,无,追逐与捕食玩笑、怪物袭击和持续生命危险、失忆与人格消失威胁、身份及物种不确定、世界背景谜团、短暂分离、温泉脱衣与身体差异喜剧。,有精确条目,516,0.05450183671939426
向山进发 第三季,yama_no_susume_third_season_tv_2018,2018 TV,主线,重要副线,明显但未确认,否,否,是,是,所核未见,是,范围内版本,故事／角色页、可见宣传,无,登山与天气风险、恐高焦虑、朋友冲突和分离不安。,有精确条目,518,0.1208324009845603
向阳素描×365,hidamari_sketch_x365_tv_2008,2008 TV,主线,未知,未知,否,否,否,是,所核未见,所核未见,范围内版本,出版渠道、故事／角色页、可见宣传,未知,未记录,有精确条目,527,0.07757296466973887
圣母在上,maria_sama_ga_miteru_tv_2004,2004 TV,主线,主线,明确欲望,否,是,是,是,所核未见,是,范围内版本,故事／角色页,副线,家族婚约与婚姻压力、亲属间姊妹关系、心脏手术、未成年出走计划、宗教志愿与同性爱恋冲突、分离及强烈情绪困扰。,有精确条目,530,0.15332757130509939
魔法少女奈叶A's,mahou_shoujo_lyrical_nanoha_as_tv_2005,2005 TV,主线,缺席,非恋爱,否,否,否,是,所核未见,所核未见,范围内版本,故事／角色页、可见宣传,副线,儿童战斗与重伤、住院与身体障碍、主从制度、牺牲与告别、家庭式“爱”需与恋爱区分,有精确条目,535,0.0891025641025641
悠哉日常大王 OAD,non_non_biyori_okinawa_oad_2014,2014 OVA,主线,未知,未知,否,否,否,是,所核未见,所核未见,范围内版本、原作,出版渠道、可见宣传,未知,主要角色包括小学生和中学生；旅行准备、乘机与泳衣赠与的英语字幕文字已审阅，未作视频复核。,有精确条目,557,0.033028720626631855
剧场版 吹响吧！上低音号～欢迎来到北宇治高中吹奏乐部～,hibike_euphonium_kitauji_movie_2016,2016 剧场动画,主线,主线,明显但未确认,否,否,是,是,所核未见,所核未见,范围内版本,可见宣传,副线,总集篇压缩、浪漫化对白与音乐仰慕并置、师生权力差异、独奏选拔和竞赛压力。,有精确条目,576,0.026168224299065422
时光流逝，饭菜依旧美味,hibi_wa_sugiredo_meshi_umashi_tv_2025,2025 TV,主线,缺席,非恋爱,否,否,否,是,所核未见,所核未见,—,—,无,社交孤立与焦虑；减重、体重焦虑和运动；短暂行车故障与户外烹饪风险；轻度怪谈喜剧和被锁在校舍；本次 TV 范围没有女女恋爱确认。,有精确条目,579,0.026497937495630286
摇曳百合,yuru_yuri_tv_2011,2011 TV,主线,重要副线,明确欲望,否,是,是,是,是,所核未见,原作,出版渠道,无,中学生角色的性化玩笑与幻想、拒绝和逃开后仍被追逐求吻、洗浴情节、夸张肢体冲突与纠缠。,有精确条目,606,0.1309183202584218
小魔女学园,little_witch_academia_tv_2017,2017 TV,主线,缺席,非恋爱,否,否,否,是,所核未见,所核未见,—,—,副线,校园排斥与嘲弄、魔法造成的非自愿情感变化、情绪操纵与抽取、幻想战斗和生命危险、梦境／身体异变画面、导弹危机。,有精确条目,607,0.05393546027973307
向阳素描×☆☆☆,hidamari_sketch_hoshimittsu_tv_2010,2010 TV,主线,缺席,非恋爱,否,否,否,是,所核未见,所核未见,范围内版本,出版渠道、故事／角色页,副线,升学与前辈离开、饮食和身体玩笑、男性关注及嫉妒话题、手机小说中的恋爱词汇。,有精确条目,617,0.08472432979261507
草莓棉花糖 OVA 第1期,ichigo_mashimaro_ova_2007,2007 剧场 OVA,主线,缺席,非恋爱,否,否,否,是,所核未见,所核未见,范围内版本,故事／角色页、可见宣传,无,成年人吸烟饮酒、夸张肢体冲突与恶作剧、小学生角色的洗浴／身体／穿衣笑料、远行与公共场所安全风险。,有精确条目,631,0.04582743988684583
淡岛百景,awajima_hyakkei_tv_2026,2026 TV,主线,重要副线,明确欲望,否,是,是,是,所核未见,所核未见,—,—,并行,校园排挤与集体孤立、性化流言和辱骂、以死亡表达绝望及自杀意念、丧亲与病逝、家庭语言虐待、职业竞争与权力不对等、公开受害经历的伦理争议。,有精确条目,632,0.07548187087208519
草莓棉花糖 OVA 第2期,ichigo_mashimaro_encore_ova_2009,2009 剧场 OVA,主线,重要副线,明显但未确认,否,否,是,是,所核未见,所核未见,范围内版本,出版渠道、可见宣传,无,成年人吸烟与饮酒、夸张恶作剧和肢体冲突、小学生角色的身体与穿衣笑料、关于成长和分别的轻度感伤。,有精确条目,635,0.042278332354668234
少女与战车,girls_und_panzer_tv_2012,2012 TV,主线,缺席,非恋爱,否,否,否,是,所核未见,所核未见,—,—,无,被迫选修；学校存续压力；军事装备竞技、炮击和车辆遇险；以男性恋爱为对象的喜剧台词,有精确条目,642,0.08788348654336028
摇曳百合 3☆High!,yuru_yuri_san_hai_tv_2015,2015 TV,主线,重要副线,明确欲望,否,是,是,是,是,所核未见,范围内版本、原作,HTML 元数据、故事／角色页、可见宣传,无,中学生角色的约会、亲吻与“女朋友”语汇常处于喜剧或排练情境；欲望方向并不对称。,有精确条目,646,0.13335855480942022
少女与战车 最终章 第3话,girls_und_panzer_saishuushou_3_ova_2021,2021 剧场 OVA,主线,缺席,非恋爱,否,否,否,是,所核未见,所核未见,范围内版本,出版渠道、可见宣传,无,战车炮击、爆炸、碰撞、翻覆与夜战；升学、毕业与学校延续压力；本篇为未完结系列的一部分,有精确条目,651,0.04658516020236088
少女乐队的呐喊,girls_band_cry_tv_2024,2024 TV,主线,主线,明确欲望,否,是,是,是,所核未见,所核未见,—,—,副线,校园霸凌与校方淡化、家庭冲突与离家、激烈争执及肢体冲突、酒精、职场种族歧视、丧亲与被父母遗弃、职业及财务压力。,有精确条目,661,0.05447726405899055
灰羽联盟,haibane_renmei_tv_2002,2002 TV,主线,缺席,非恋爱,否,否,否,是,所核未见,所核未见,—,—,副线,死亡与离别、创伤记忆、血与身体疼痛、疑似自杀及自伤意象、儿童／少女受险、嫉妒与操控性坦白、宗教与赎罪意象,有精确条目,663,0.02593346911065852
RWBY Volume 1-3: The Beginning,rwby_volume_1_3_the_beginning_tv_2017,2017 TV,主线,重要副线,明显但未确认,否,否,是,是,所核未见,所核未见,范围内版本,HTML 元数据、可见宣传,并行,幻想枪械与近战暴力、角色死亡与肢体创伤、对 Faunus 的歧视、心理操控与嫁祸、前男性盟友的胁迫占有和暴力,有精确条目,673,0.03308090872857712
向阳素描×365 特别篇,hidamari_sketch_x365_special_ova_2009,2009 OVA,主线,缺席,非恋爱,否,否,否,是,所核未见,所核未见,范围内版本,出版渠道、故事／角色页、可见宣传,无,自行车练习与楼梯险情、针线和衣物破损、未成年角色胸罩带笑料、教师要求学生脱下待修衣物的越界式喜剧,有精确条目,679,0.08437240232751454
来玩游戏吧,asobi_asobase_tv_2018,2018 TV,主线,局部,明显但未确认,否,否,是,是,所核未见,所核未见,—,—,副线,高频肢体暴力与羞辱式搞笑、欺骗和胁迫、涉及未成年人的身体／生殖器／性知识笑话、窥视裙底企图、围绕身体与性别的猜测及带偏见玩笑、排泄物与体液笑料,有精确条目,682,0.024156916724019272
宝石之国,houseki_no_kuni_tv_2017,2017 TV,主线,未知,未知,否,否,否,是,所核未见,所核未见,—,—,无,战斗与绑架、身体碎裂／肢解及重组、身体替换与记忆缺失、求死／自我消失语言、创伤与噩梦、背叛及胁迫交易。,有精确条目,687,0.014727540500736377
请问您今天要来点兔子吗？BLOOM,gochuumon_wa_usagi_desu_ka_bloom_tv_2020,2020 TV,主线,缺席,非恋爱,否,否,否,是,所核未见,所核未见,范围内版本,故事／角色页、可见宣传,无,校园与升学压力、离别焦虑、咖啡因反应与轻度身体喜剧。,有精确条目,695,0.10005254071905727
向阳素描×☆☆☆ 特别篇,hidamari_sketch_hoshimittsu_special_ova_2010,2010 OVA,主线,局部,明显但未确认,否,否,是,是,所核未见,所核未见,相邻版本、范围内版本,出版渠道、故事／角色页、可见宣传,无,入学日受阻、返乡、轻度嫉妒、烧烤烟雾误会,有精确条目,696,0.07847744360902256
向山进发 第二季,yama_no_susume_second_season_tv_2014,2014 TV,主线,重要副线,明显但未确认,否,否,是,是,所核未见,是,范围内版本,故事／角色页、可见宣传,无,登山与天气风险、高原反应、恐高焦虑、朋友争吵、裙子恶作剧、温泉／泳装场面,有精确条目,707,0.1212404065546567
别当欧尼酱了！,onii_chan_wa_oshimai_tv_2023,2023 TV,重要副线,未知,未知,否,否,否,否,所核未见,所核未见,—,—,无,未经事先同意用药并改变身体、青春期身体与如厕喜剧、未成年人身体的性化表现、成年意识处于中学生身体、性别刻板印象。,有精确条目,721,0.08140186688113865
魔法少女奈叶 The MOVIE 1st,mahou_shoujo_lyrical_nanoha_movie_1st_2010,2010 剧场动画,主线,缺席,非恋爱,否,否,否,是,所核未见,所核未见,范围内版本,故事／角色页、可见宣传,无,儿童卷入魔法战斗、重伤与灾害、亲子控制与创伤、丧亲、替代身份、使魔契约和保护性用语可能被误读为恋爱,有精确条目,736,0.07982875849911861
某科学的超电磁炮T,toaru_kagaku_no_railgun_t_tv_2020,2020 TV,主线,重要副线,明确欲望,否,是,是,是,所核未见,所核未见,范围内版本,故事／角色页、可见宣传,未知,未成年角色受伤、组织阴谋、人体／机械实验、战斗威胁，以及黑子对美琴含身体接近意味的喜剧式追求。,有精确条目,750,0.034053331457116726
向山进发 回忆的礼物,yama_no_susume_omoide_present_ova_2018,2018 OVA,主线,重要副线,明显但未确认,否,否,是,是,所核未见,所核未见,范围内版本,出版渠道、故事／角色页、可见宣传,副线,亲子失约、童年走失与分离、纪念物遗失、歉疚。,有精确条目,755,0.10865800865800866
小魔女学园,little_witch_academia_movie_2013,2013 剧场动画,主线,缺席,非恋爱,否,否,否,是,所核未见,所核未见,范围内版本,HTML 元数据、可见宣传,无,校园嘲弄、地牢怪物、古龙危机和幻想战斗。,有精确条目,757,0.01275352050305553
女高中生的无所事事,joshikousei_no_mudazukai_tv_2019,2019 TV,主线,局部,明确欲望,否,是,是,是,所核未见,所核未见,—,—,副线,未成年角色之间的性化身体笑话与隔衣触摸、未经同意的摸胸／摸臀及脱衣起哄、男性过敏与性别错认笑料、成人教师与未成年学生的单向迷恋、成人教师关于高中生／大学生的性与交往笑话、跟踪式观察、羞辱和肢体闹剧、排泄物／体液／死亡意象笑料,有精确条目,761,0.023134267887529373
某科学的超电磁炮S,toaru_kagaku_no_railgun_s_tv_2013,2013 TV,主线,重要副线,明确欲望,否,是,是,是,所核未见,所核未见,范围内版本,故事／角色页、可见宣传,副线,人体实验、克隆体死亡、恐怖袭击与受伤；黑子对美琴的越界式性追求和身体笑料；未成年角色受害。,有精确条目,778,0.05106885101945611
西蒙,simoun_tv_2006,2006 TV,主线,主线,明确欲望,否,是,是,是,是,是,范围内版本,访谈／评论,副线,战争与死亡、青少年被军事与宗教机构利用、被迫作出性别选择、悲伤与幸存者负担、未经同意的亲吻／亲密边界侵犯、姐妹关系中的性意味、年龄差与指导关系中的权力不对称。,有精确条目,786,0.13662171753016322
食灵-零-,ga_rei_zero_tv_2008,2008 TV,主线,缺席,非恋爱,否,否,否,是,所核未见,所核未见,—,—,副线,血腥战斗、死亡、严重身体伤害、精神操纵、家庭与继承压力、未成年人参与高风险除灵。,有精确条目,789,0.1174924924924925
明日同学的水手服,akebi_chan_no_sailor_fuku_tv_2022,2022 TV,主线,主线,明显但未确认,否,否,是,是,所核未见,所核未见,—,—,无,初中女生身体与服装的摄影／舞台凝视、意外露出笑话、共同淋浴与互相冲洗、戏谑脱衣、身体自卑、轻微运动碰撞。,有精确条目,793,0.09012718932443703
青兰圆舞曲,oniisama_e_tv_1991,1991 TV,主线,主线,明确欲望,否,是,是,是,所核未见,是,范围内版本,故事／角色页,并行,校园排斥与欺凌、占有和控制、自伤、相约自杀、死亡、药物依赖与烟草、持刀伤人、绝症、亲属间越界依恋。,有精确条目,795,0.12016129032258065
向阳素描×SP,hidamari_sketch_x_sp_ova_2011,2011 OVA,主线,缺席,非恋爱,否,否,否,是,所核未见,所核未见,范围内版本,出版渠道、故事／角色页、可见宣传,无,校园日常、泳池活动、共同留宿与家务喜剧。,有精确条目,806,0.07330827067669173
红白黑黄 第二季,rwby_volume_2_web_2014,2014 WEB,主线,重要副线,明显但未确认,否,否,是,是,所核未见,所核未见,范围内版本,可见宣传,并行,战斗、怪物袭击、爆炸、Faunus 歧视、犯罪组织、男性单恋和求舞、反派胁迫与列车灾难。,有精确条目,809,0.03278688524590164
小林家的龙女仆S,kobayashi_san_chi_no_maid_dragon_s_tv_2021,2021 TV,主线,主线,明确欲望,否,是,是,是,所核未见,是,范围内版本,故事／角色页、可见宣传,副线,单方面婚礼笑料、儿童角色的喜欢与结婚语言、露科亚—翔太支线的性化诱惑与抵触、龙族暴力。,有精确条目,816,0.0602936978654572
向阳素描,hidamari_sketch_tv_2007,2007 TV,主线,缺席,非恋爱,否,否,否,是,所核未见,所核未见,—,—,无,教师服装与身体笑话、集体入浴、体重与节食笑话、轻微内衣／泳装笑话、疾病照护、客座角色对男性的单相思。,有精确条目,820,0.0752059925093633
大室家 亲爱的姐妹们,ohmuro_ke_dear_sisters_movie_2024,2024 剧场动画,主线,重要副线,明确交往,是,是,是,是,是,是,企划、范围内版本、原作,访谈／评论、出版渠道、故事／角色页、可见宣传,无,姐妹争吵、校园竞争、恋人身份谜题与未成年角色的喜剧化身体笑料。,有精确条目,834,0.13704918032786886
某科学的超电磁炮,toaru_kagaku_no_railgun_tv_2009,2009 TV,主线,重要副线,明确欲望,否,是,是,是,所核未见,所核未见,—,—,副线,未获同意的性追求与亲吻尝试、疑似下药企图、窃取贴身衣物、反复掀裙与内衣笑料、未成年角色的泳装和身体性笑料、肢体惩罚、暴力与爆炸、昏迷、儿童人体实验及生命危险。,有精确条目,837,0.06072122286969006
小魔女学园 魔法游行,little_witch_academia_movie_2015,2015 剧场动画,主线,缺席,非恋爱,否,否,否,是,所核未见,所核未见,范围内版本,HTML 元数据、故事／角色页、可见宣传,未知,魔女受迫害历史再现、校园惩罚和嘲弄、同伴争吵与绝交措辞、巨人出现与魔法危机。,有精确条目,838,0.021580102414045354
歌剧少女!!,kageki_shoujo_tv_2021,2021 TV,主线,缺席,非恋爱,否,否,否,是,所核未见,所核未见,—,—,副线,儿童时期遭成年男性性侵害与强迫亲吻、监护人忽视并否定求助、跟踪与越界粉丝、饮食障碍及催吐、体重羞辱和身体凝视、严苛竞争压力。,有精确条目,843,0.04775499610692967
少女☆歌剧 Revue Starlight RONDO·RONDO·RONDO,shoujo_kageki_revue_starlight_rondo_rondo_rondo_movie_2020,2020 剧场动画,主线,主线,明显但未确认,否,否,是,是,所核未见,所核未见,范围内版本,可见宣传,无,舞台竞争、象征性武器战斗、失去闪耀、强制分离与反复演出,有精确条目,865,0.06429124709527498
天才麻将少女,saki_tv_2009,2009 TV,主线,主线,明显但未确认,否,否,是,是,是,所核未见,范围内版本,HTML 元数据,副线,性化评论、洗浴换衣喜剧、家庭分离与竞赛威胁。,有精确条目,868,0.1305908154449392
摇曳百合、,yuru_yuri_comma_ova_2019,2019 OVA,主线,重要副线,明确欲望,否,是,是,是,所核未见,所核未见,范围内版本、原作,出版渠道、故事／角色页、可见宣传,无,包含求婚式想象、亲吻拟声、相思病角色扮演、鼻血与身体话题笑料；这些内容不等于现实层双方交往。,有精确条目,871,0.104503926911364
摇曳百合 夏日时光！,yuru_yuri_nachuyachumi_ova_2015,2015 OVA,主线,重要副线,明显但未确认,否,否,是,是,是,所核未见,范围内版本、原作,HTML 元数据、故事／角色页、可见宣传,无,中学生群像喜剧、角色妄想中的恋爱化想象、澡堂场景、夸张肢体笑料和整蛊。,有精确条目,881,0.11731391585760517
Love Live! 虹咲学园校园偶像同好会,love_live_nijigasaki_tv_2020,2020 TV,主线,主线,明显但未确认,否,否,是,是,所核未见,所核未见,—,—,无,害怕分离、嫉妒和占有性语言；“没有对方就无法前进”的依赖表述；过劳与睡眠不足；泳装情节。,有精确条目,883,0.10941110845485696
赛马娘 Pretty Derby 新时代之门,uma_musume_pretty_derby_shin_jidai_no_tobira_movie_2024,2024 剧场动画,主线,缺席,非恋爱,否,否,否,是,所核未见,所核未见,范围内版本,故事／角色页、可见宣传,无,赛场伤病与退赛、过度训练、竞争压力、自我否定、不可见的朋友及心理困扰。,有精确条目,885,0.018283451729358333
特别篇 吹响吧！上低音号～合奏比赛～,hibike_euphonium_ensemble_contest_movie_2023,2023 剧场动画,主线,主线,明显但未确认,否,否,是,是,所核未见,所核未见,范围内版本,可见宣传,无,社团分组与公开投票、前后辈压力、竞赛压力和第一顺位玩笑。,有精确条目,905,0.02416237113402062
大室家 亲爱的朋友们,ohmuro_ke_dear_friends_movie_2024,2024 剧场动画,主线,重要副线,明确交往,是,是,是,是,是,是,范围内版本、原作,访谈／评论、出版渠道、可见宣传,无,姐妹争吵、恋人身份谜题、朋友间情绪波动、校园喜剧。,有精确条目,918,0.1435041041607699
BanG Dream! 少女乐团派对！☆PICO,bang_dream_garupa_pico_2018,2018 TV,主线,缺席,非恋爱,否,否,否,是,所核未见,所核未见,范围内版本、原作,故事／角色页、可见宣传,无,Q 版夸张事故与灾害喜剧、身体互换和变形笑点、轻度惊吓、食物与旅行危险玩笑、多乐队角色快速切换。,有精确条目,922,0.0170261066969353
紫罗兰永恒花园 外传 - 永远与自动手记人偶 -,violet_evergarden_gaiden_movie_2019,2019 剧场动画,主线,缺席,非恋爱,否,否,否,是,所核未见,是,范围内版本,故事／角色页、可见宣传,副线,贫困与童年分离、家庭契约、女校纪律、长期失联、战争创伤与离别。,有精确条目,925,0.009022625263350738
花开伊吕波,hanasaku_iroha_tv_2011,2011 TV,重要副线,缺席,非恋爱,否,否,否,否,所核未见,所核未见,—,—,并行,亲职失责与家庭冲突、职场权力压力、绑架与非自愿束缚、性骚扰／窥视、强迫脱衣与未成年角色性化玩笑、言语攻击和肢体冲突。,有精确条目,930,0.001770525950355841
请问您今天要来点兔子吗？？,gochuumon_wa_usagi_desu_ka_2nd_tv_2015,2015 TV,主线,缺席,非恋爱,否,否,否,是,所核未见,所核未见,范围内版本,出版渠道、故事／角色页、可见宣传,无,校园日常、姐姐／妹妹式玩笑、制服与咖啡因笑料，以及朋友分开时的寂寞。,有精确条目,934,0.11544631306597672
剧场总集篇孤独摇滚！ Re:Re:,bocchi_the_rock_rere_movie_2024,2024 剧场动画,主线,主线,明显但未确认,否,否,是,是,所核未见,所核未见,范围内版本,可见宣传,无,严重社交焦虑、自我否定、文化祭公开表演压力、未经同意提交报名表后的边界协商、舞台事故、成年角色饮酒与总集篇剪辑压缩。,有精确条目,944,0.04401826484018265
街角魔族,machikado_mazoku_tv_2019,2019 TV,主线,主线,明显但未确认,否,否,是,是,所核未见,所核未见,—,—,无,贫困与食物不足、喜剧化伤害及战斗威胁、侵入梦境并试图用暗示促使对方献血、15 岁角色暴露度较高的变身服装及相关玩笑、家人失踪／被封印与角色可能消失的恐惧。,有精确条目,945,0.11087612109818666
赛马娘 Pretty Derby 巅峰之路,uma_musume_pretty_derby_road_to_the_top_web_2023,2023 WEB,主线,缺席,非恋爱,否,否,否,是,所核未见,所核未见,—,—,无,未出生双胞胎妹妹死亡与哀悼、幸存者内疚和反复自责、与逝者的梦／幻视对话、自我责罚式过量训练、腿痛及明知可能受伤仍继续参赛、强烈竞技压力与哭泣。,有精确条目,948,0.013504176873311978
红白黑黄,rwby_volume_1_web_2013,2013 WEB,主线,缺席,非恋爱,否,否,否,是,所核未见,所核未见,—,—,副线,枪械与冷兵器战斗、怪物袭击、校园霸凌与勒索、针对 Faunus 的歧视及暴力叙述。,有精确条目,959,0.025168006324944
魔法使光之美少女！,mahou_tsukai_precure_tv_2016,2016 TV,主线,主线,明显但未确认,否,否,是,是,所核未见,所核未见,—,—,副线,幻想战斗、未成年人遇险、分离与失落、反派操纵、单向青春期告白与被拒,有精确条目,965,0.09911242603550297
玉响～more aggressive～,tamayura_more_aggressive_tv_2013,2013 TV,主线,缺席,非恋爱,否,否,否,是,所核未见,所核未见,范围内版本,出版渠道、故事／角色页,副线,父亲去世与遗物相机的回忆、摄影部建立和加奈惠毕业带来的离别情绪。,有精确条目,976,0.0533210756148012
明天，美食广场见。,food_court_de_mata_ashita_tv_2025,2025 TV,主线,主线,明显但未确认,否,否,是,是,所核未见,所核未见,—,—,副线,性骚扰与掀裙回忆、未成年年龄差性化玩笑、身体笑话、占有欲及以自伤威胁作笑料、网络攻击、抽卡与打赏情节、种族化夸张想象,有精确条目,991,0.05749500333111259
摇曳百合 夏日时光！+,yuru_yuri_nachuyachumi_plus_tv_2015,2015 TV 特别篇,主线,重要副线,明显但未确认,否,否,是,是,是,所核未见,范围内版本、原作,HTML 元数据、故事／角色页、可见宣传,无,中学生群像喜剧、水球和湿身笑料、恶作剧、留宿，以及为了拍睡脸而临时哄睡同伴。,有精确条目,993,0.11365302830327027
向阳素描 特别篇,hidamari_sketch_special_ova_2007,2007 OVA,主线,缺席,非恋爱,否,否,否,是,所核未见,所核未见,范围内版本、原作,出版渠道、故事／角色页,副线,泳装与公共泳池、不会游泳的安全话题、校园情书及对恋爱事件的群体讨论。,有精确条目,998,0.07886290692342962
此花绮谭,konohana_kitan_tv_2017,2017 TV,主线,主线,明确欲望,否,是,是,是,所核未见,所核未见,—,—,无,来客未经同意触碰角色、温泉裸露与身体笑料、冒充熟人诱导亲密、死亡与离别主题,有精确条目,1002,0.13032750112157918
我们不可能成为恋人！绝对不行。 (※似乎可行？),watanare_tv_2025,2025 TV,主线,主线,明确欲望,否,是,是,是,是,是,范围内版本,可见宣传,无,口头拒绝后仍继续亲吻与身体压制；浴室、温泉中的裸露和性化情节；未成年角色间的性话题；掌掴；焦虑及反复自我贬低,有精确条目,1036,0.13822093653950462
糖果男孩,candy_boy_web_2008,2008 WEB,主线,主线,明确欲望,否,是,是,是,所核未见,是,范围内版本,出版渠道、可见宣传,无,高中年龄亲生双胞胎姐妹间的恋爱指向、床铺与亲密暗示笑料、嫉妒和关系误会、咲夜对奏的单向追求及照片相关表述。,有精确条目,1037,0.19650804519000342
道子与哈金,michiko_to_hatchin_tv_2008,2008 TV,主线,重要副线,明显但未确认,否,否,是,是,所核未见,所核未见,—,—,并行,儿童虐待与忽视、强行带走与不稳定照料、持枪暴力、犯罪组织、监禁与逃亡、绑架、以未成年人为威胁对象,有精确条目,1040,0.027339642481598318
轻拍翻转小魔女,flip_flappers_tv_2016,2016 TV,主线,主线,明显但未确认,否,否,是,是,所核未见,所核未见,—,—,副线,奇幻暴力与未成年人遇险、组织操控和实验、记忆改写、控制型亲子冲突、身体变化、年龄回退式回忆及校园恐怖情境。,有精确条目,1049,0.11936877369302654
猫头鹰魔法社,the_owl_house_season_1_tv_2020,2020 TV,主线,重要副线,明显但未确认,否,否,是,是,所核未见,所核未见,—,—,无,奇幻暴力与未成年人遇险、校园欺凌和排斥、受制状态下的强迫约会要求、诅咒变形、精神／记忆改动、控制型家长与家庭分离、监禁及公开石化未遂。,有精确条目,1052,0.11513859275053305
小林家的龙女仆,kobayashi_san_chi_no_maid_dragon_tv_2017,2017 TV,主线,主线,明确欲望,否,是,是,是,所核未见,是,范围内版本,故事／角色页,无,涉及小学生角色的性化笑料、成年外形角色对小学生反复作出令其抗拒的身体接近、裸露与身体笑料、嫉妒和占有欲笑料、饮酒、奇幻暴力与死亡威胁。,有精确条目,1071,0.09084266403043133
强袭魔女 通往柏林之路,strike_witches_road_to_berlin_tv_2020,2020 TV,主线,重要副线,明显但未确认,否,否,是,是,所核未见,所核未见,范围内版本,故事／角色页、可见宣传,无,战争、未成年参战、负伤与死亡威胁、裸体及内衣式服装取景、第7话身体笑料与带性意味的接触。,有精确条目,1082,0.09822601839684625
Love Live! 虹咲学园校园偶像同好会 第二季,love_live_nijigasaki_season_2_tv_2022,2022 TV,主线,重要副线,明显但未确认,否,否,是,是,所核未见,所核未见,范围内版本,故事／角色页、可见宣传,无,分离焦虑、依赖与排他表达；竞争与误解；同好会重组；偶像演出和轻度服务性镜头。,有精确条目,1092,0.09057301293900184
请问您今天要来点兔子吗？？～Dear My Sister～,gochuumon_wa_usagi_desu_ka_dear_my_sister_movie_2017,2017 剧场动画,主线,缺席,非恋爱,否,否,否,是,所核未见,所核未见,范围内版本,故事／角色页、可见宣传,无,暂时离开共同生活场所造成的失落与想念，家庭团聚与姐妹称呼，未成年角色的泳装、换装和身材笑料；英文字幕未同步画面复核。,有精确条目,1102,0.10386473429951691
NEW GAME!! 第二季,new_game_second_season_tv_2017,2017 TV,主线,重要副线,明确欲望,否,是,是,是,所核未见,所核未见,范围内版本,故事／角色页、可见宣传,无,职场加班与留宿、成人饮酒、身体与换装笑话、恋爱式误会主要以喜剧方式呈现。,有精确条目,1120,0.1223780487804878
玉响～hitotose～,tamayura_hitotose_tv_2011,2011 TV,主线,缺席,非恋爱,否,否,否,是,所核未见,所核未见,范围内版本,出版渠道、故事／角色页,无,父亲去世和遗物照片带来的回忆、迁居与旧友重逢、日常活动中的离别情绪。,有精确条目,1121,0.046534017971758664
BanG Dream! 少女乐团派对！☆PICO～大份～,bang_dream_garupa_pico_oomori_2020,2020 WEB,主线,缺席,非恋爱,否,否,否,是,所核未见,所核未见,范围内版本,出版渠道、故事／角色页、可见宣传,未知,Q 版夸张事故和灾害喜剧、身体变形笑点、快速切换角色、三分钟短篇结构。,有精确条目,1151,0.042879019908116385
NEW GAME!,new_game_tv_2016,2016 TV,主线,重要副线,明显但未确认,否,否,是,是,所核未见,所核未见,—,—,无,长期加班与留宿公司、内衣与换装笑话、游戏角色裙底笑话、成人职场饮酒、仿真枪与气枪笑话。,有精确条目,1154,0.11589308115410596
少女与战车 这次是真正的安齐奥战！,girls_und_panzer_anzio_ova_2014,2014 OVA,主线,缺席,非恋爱,否,否,否,是,所核未见,所核未见,范围内版本,可见宣传,无,战车炮击、追击、车辆损伤、比赛压力与夸张队长敬称,有精确条目,1159,0.0640207075064711
BanG Dream! FILM LIVE 2nd Stage,bang_dream_film_live_2nd_stage_movie_2021,2021 剧场动画,主线,局部,明显但未确认,否,否,是,是,所核未见,所核未见,范围内版本,出版渠道、可见宣传,无,演唱会音量与闪光、舞台竞争、大量歌曲表演、关系推进有限,有精确条目,1173,0.03605227579990987
剧场版 黄金拼图 谢谢你!!,kin_iro_mosaic_thank_you_movie_2021,2021 剧场动画,主线,主线,明显但未确认,否,否,是,是,所核未见,所核未见,范围内版本,故事／角色页、可见宣传,无,毕业与分离焦虑、恋爱话题和暧昧配对笑料、旅行中的更衣与身体话题笑料。,有精确条目,1177,0.11784386617100372
剧场总集篇孤独摇滚！ Re:,bocchi_the_rock_re_movie_2024,2024 剧场动画,主线,局部,明确欲望,否,是,是,是,所核未见,所核未见,范围内版本,可见宣传,无,严重社交焦虑、公开演出压力、夸张出丑笑料、成年角色饮酒及借钱笑料。,有精确条目,1182,0.036727616645649434
天才麻将少女 全国篇,saki_zenkoku_hen_tv_2014,2014 TV,主线,重要副线,明显但未确认,否,否,是,是,所核未见,所核未见,范围内版本,故事／角色页、可见宣传,未知,高中生麻将比赛中的高压、晕厥与身体危险；超能力化的竞技表现和夸张身体反应；家庭分离、姊妹矛盾与全国赛压力；部分喜剧段落包含对高中女生身体的性化评论。,有精确条目,1197,0.126960503720664
侦探歌剧 少女福尔摩斯 第二幕,tantei_opera_milky_holmes_dai_2_maku_tv_2012,2012 TV,主线,缺席,非恋爱,否,否,否,是,所核未见,所核未见,范围内版本,出版渠道、故事／角色页、可见宣传,副线,贫困与学院处分、能力丧失、夸张战斗和身体笑料、女性对手之间的操控与崇拜、怪盗帝国男性成员对亚森的单向爱慕。,有精确条目,1199,0.0594390958560067
魔法少女奈叶,mahou_shoujo_lyrical_nanoha_tv_2004,2004 TV,主线,缺席,非恋爱,否,否,否,是,所核未见,所核未见,—,—,副线,儿童虐待、替代身份危机、儿童战斗与空间灾害,有精确条目,1200,0.08210645526613816
亲吻那片花瓣「恋人的羁绊」,sono_hanabira_ni_kuchizuke_wo_anata_to_koibito_tsunagi_ova_2010,2010 OVA,主线,主线,明确交往,是,是,是,是,是,是,相邻版本、范围内版本、原作,HTML 元数据、故事／角色页、可见宣传,无,18+成人内容；照护与亲密发展交错,有精确条目,1211,0.21427589052399945
大剑,claymore_tv_2007,2007 TV,主线,缺席,非恋爱,否,否,否,是,所核未见,所核未见,—,—,并行,大量肢解与流血、食人和身体恐怖、儿童受虐与遇险、性暴力威胁、人体改造、酷刑、死亡、自杀／请求他人结束生命,有精确条目,1223,0.030613239738715024
Princess Principal,princess_principal_tv_2017,2017 TV,主线,主线,明显但未确认,否,否,是,是,所核未见,所核未见,—,—,无,枪击与死亡、暗杀和政变、自尽、儿童遭殴打及人体实验、家庭暴力、贫困与阶级歧视、战争与革命、身份互换和长期冒名。,有精确条目,1227,0.1096974145665117
BanG Dream! 第三季,bang_dream_3rd_season_tv_2020,2020 TV,主线,重要副线,明显但未确认,否,否,是,是,所核未见,所核未见,范围内版本、原作,故事／角色页、可见宣传,未知,竞赛压力与失败、团队冲突与排斥、成员离队和寻找失联伙伴、学校与舞台压力。,有精确条目,1249,0.056579783852511126
BanG Dream! 少女乐团派对！☆PICO FEVER！,bang_dream_garupa_pico_fever_2021,2021 WEB,主线,缺席,非恋爱,否,否,否,是,所核未见,所核未见,范围内版本,出版渠道、故事／角色页、可见宣传,未知,Q 版夸张事故和灾害喜剧、身体变形笑点、快速切换角色、三分钟短篇结构。,有精确条目,1276,0.028441105446740004
请问您今天要来点兔子吗？,gochuumon_wa_usagi_desu_ka_tv_2014,2014 TV,主线,重要副线,明确欲望,否,是,是,是,所核未见,所核未见,—,—,无,未成年角色的更衣、内衣、泳装与身材笑料，兔女郎式制服，枪械和刀具笑料，咖啡因醉态，患病及死亡／哀伤提及。,有精确条目,1280,0.11722647156634519
旋转少女,rolling_girls_tv_2015,2015 TV,主线,缺席,非恋爱,否,否,否,是,所核未见,所核未见,—,—,副线,夸张战斗与爆炸、绑架和人质危机、重伤住院、地区武装冲突、温泉裸露与身体笑料、控制型亲子关系。,有精确条目,1319,0.0718169174358326
HELLO!! 黄金拼图,kin_iro_mosaic_hello_tv_2015,2015 TV,主线,主线,明显但未确认,否,否,是,是,所核未见,所核未见,范围内版本,出版渠道、故事／角色页、可见宣传,无,高中女生的泳装、身高和身体笑料；跨文化和金发刻板笑点；占有式反应、追逐和夸张肢体喜剧；朋友暂时分别带来的寂寞。,有精确条目,1325,0.13396639883126368
校园乌托邦 学美向前冲！,gakuen_utopia_manabi_straight_tv_2007,2007 TV,主线,缺席,非恋爱,否,否,否,是,所核未见,所核未见,—,—,副线,学校合并与活动取消压力、小学时期被同学工具化的回忆、生徒会室火灾、可疑成年男性进入女子校学园祭、喜剧性碰撞与受伤。,有精确条目,1335,0.07054545454545455
Front Innocent,front_innocent_ova_2005,2005 OVA,重要副线,重要副线,明确欲望,否,是,是,否,所核未见,所核未见,范围内版本,可见宣传,并行,成人性内容、三人结构、姐妹称呼与主仆权力差；字幕含拒绝、请求回家与被带走的台词，完整画面与语境未核实。,有精确条目,1339,0.050552599263200985
安达与岛村,adachi_to_shimamura_tv_2020,2020 TV,主线,主线,明确欲望,否,是,是,是,所核未见,是,范围内版本,访谈／评论,无,逃课、社会孤立、嫉妒与独占愿望；未经事先确认的突然拉手与拥抱，随后出现明确制止或许可对话。,有精确条目,1343,0.16506470493475808
青之花,aoi_hana_tv_2009,2009 TV,主线,主线,明确交往,是,是,是,是,所核未见,是,范围内版本,可见宣传,并行,列车性骚扰、与年长女性亲属的过往恋爱及年龄／家庭关系差、家人盘问同性关系与性行为、对女高中生身体的评论、学生对成年教师的未获回应爱恋、婚约安排、失恋与分手。,有精确条目,1353,0.16045673076923078
战姬绝唱SYMPHOGEAR XV,senki_zesshou_symphogear_xv_tv_2019,2019 TV,主线,主线,明显但未确认,否,否,是,是,所核未见,所核未见,范围内版本,故事／角色页、可见宣传,无,超自然战斗、爆炸与重伤、死亡和创伤、神经操控与身体夺取、战争与大规模伤亡威胁。,有精确条目,1365,0.08390177353342429
Smile 光之美少女！,smile_precure_tv_2012,2012 TV,主线,缺席,非恋爱,否,否,否,是,所核未见,所核未见,—,—,副线,幻想战斗与受伤、未成年人遇险、反派操控绝望情绪、亲人离世回忆、世界毁灭威胁、离别悲伤、未确认的青春期异性初恋。,有精确条目,1371,0.031476997578692496
冰雪奇缘,frozen_movie_2013,2013 剧场动画,主线,缺席,非恋爱,否,否,否,是,所核未见,所核未见,范围内版本、原作,出版渠道、可见宣传,副线,姐妹长期隔离、失去父母、严寒与魔法失控、角色短暂濒危、求婚表象与背叛。,有精确条目,1374,0.03713877595868586
花物语,hanamonogatari_tv_2014,2014 TV,主线,局部,明确欲望,否,是,是,是,所核未见,所核未见,范围内版本,故事／角色页、可见宣传,无,自杀意念与不幸经历、身体异变、欺骗式助人、女性同性爱表达。,有精确条目,1375,0.019860174472560787
玉响,tamayura_ova_2010,2010 OVA,主线,缺席,非恋爱,否,否,否,是,所核未见,所核未见,范围内版本,出版渠道、故事／角色页、可见宣传,无,父亲去世和遗物相机带来的回忆、迁居与重新交友、创作焦虑和长途步行。,有精确条目,1384,0.05271398747390397
天使降临到了我身边！,watashi_ni_tenshi_ga_maiorita_tv_2019,2019 TV,主线,主线,明确欲望,否,是,是,是,是,是,范围内版本、原作,出版渠道、可见宣传,无,大学生对小学五年级儿童的一见钟情式迷恋；甜点换穿服装及拍照；拒绝或限制后继续请求、连拍与偷拍；警察询问；成人同龄人持续观察、尾随和在住处周边活动。,有精确条目,1386,0.11340920697453856
深夜重拳,mayonaka_punch_tv_2024,2024 TV,主线,主线,明显但未确认,否,否,是,是,所核未见,所核未见,—,—,无,网络炎上与围攻、直播中的肢体冲突、反复追求吸血及身体边界协商、痛感描写、强制转化为吸血鬼的回忆、死亡与长期哀悼、酒精与赌博、欺骗式大型恶作剧。,有精确条目,1393,0.08632523759239705
魔法少女奈叶 Detonation,mahou_shoujo_lyrical_nanoha_detonation_movie_2018,2018 剧场动画,主线,缺席,非恋爱,否,否,否,是,所核未见,所核未见,范围内版本,访谈／评论、故事／角色页、可见宣传,未知,魔法战斗、重伤、亲友背叛、复仇、家庭病痛、身份控制与暴力画面,有精确条目,1394,0.08073303615651313
魔法少女奈叶StrikerS,mahou_shoujo_lyrical_nanoha_strikers_tv_2007,2007 TV,主线,未知,未知,否,否,否,是,所核未见,所核未见,范围内版本,故事／角色页、可见宣传,未知,军事组织、未成年队员战斗与重伤、人工生命、保护责任、拷问囚禁、牺牲和创伤。,有精确条目,1395,0.09116076725331224
我们不可能成为恋人！绝对不行。 (※似乎可行？) 〜再次闪耀！〜,watanare_next_shine_tv_2026,2026 TV,主线,主线,明确交往,是,是,是,是,是,是,范围内版本、原作,故事／角色页、可见宣传,无,多名女性围绕同一主角的告白和嫉妒；同时与两人交往及“二股”的讨论；对同性恋爱是否“普通”的自我怀疑；cosplay、旅馆女子会、浴室和身体暴露相关情节；强烈自责与自我贬低。,有精确条目,1408,0.13622452301881877
公主大人“拷问”的时间到了 第二季,himesama_goumon_second_season_tv_2026,2026 TV,主线,缺席,非恋爱,否,否,否,是,所核未见,所核未见,范围内版本,故事／角色页、可见宣传,无,拘禁与喜剧化拷问、阵营冲突、魔法失控、轻度身体危险和以友情修复敌对关系。,有精确条目,1418,0.01583069488418597
黄金拼图,kin_iro_mosaic_tv_2013,2013 TV,主线,主线,明显但未确认,否,否,是,是,所核未见,所核未见,—,—,无,高中女生胸围、体型、泳装和脱衣笑话，入浴与内衣段落，对金发与国籍差异的反复夸张笑料。,有精确条目,1445,0.1290381791483113
Love Live! 学园偶像 电影,love_live_school_idol_movie_2015,2015 剧场动画,主线,主线,明显但未确认,否,否,是,是,所核未见,所核未见,范围内版本,可见宣传,无,毕业与团体解散压力、异国舞台的不适应、成员离别和未来选择、不对等的偶像凝视笑料。,有精确条目,1447,0.05772658713835185
结城友奈是勇者 -鹫尾须美之章-/-勇者之章-,yuuki_yuuna_washio_yuusha_tv_2017,2017 TV,主线,主线,明显但未确认,否,否,是,是,所核未见,所核未见,范围内版本,故事／角色页、可见宣传,无,战斗、牺牲与死亡风险、身体衰弱、自伤表述、强烈情绪依存,有精确条目,1448,0.12296841459674947
BanG Dream! 第二季,bang_dream_2nd_season_tv_2019,2019 TV,主线,缺席,非恋爱,否,否,否,是,所核未见,所核未见,范围内版本,故事／角色页、可见宣传,未知,竞赛压力与失败、成员时间冲突、能力差异与临场失误、学校与舞台压力。,有精确条目,1464,0.07489626556016597
玛纳利亚的密友,manaria_friends_tv_2019,2019 TV,主线,主线,明确欲望,否,是,是,是,所核未见,所核未见,—,—,无,奇幻战斗与校园灾害演习、对身体变化和换装的喜剧性言谈、嫉妒、短暂争执与分离焦虑、以爱情魔药制造的喜剧桥段；本次材料没有确认接吻、交往或性描写。,有精确条目,1468,0.14480692410119841
请问您今天要来点兔子吗？？～Sing for You～,gochuumon_wa_usagi_desu_ka_sing_for_you_ova_2019,2019 OVA,主线,缺席,非恋爱,否,否,否,是,所核未见,所核未见,范围内版本,出版渠道、故事／角色页、可见宣传,无,公开演出焦虑、对亡母的追忆、日常喜剧、自动转写准确度限制,有精确条目,1471,0.09809986743261158
读或死 OVA,rod_read_or_die_ova_2001,2001 OVA,主线,主线,明显但未确认,否,否,是,是,所核未见,所核未见,范围内版本,出版渠道、故事／角色页、可见宣传,副线,间谍行动、枪战、爆炸、克隆与身份置换；南希与男性首领的明确恋爱、操纵和死亡；女女搭档含背叛、牺牲与失去。,有精确条目,1474,0.05360230547550432
风灵玉秀,feng_ling_yu_xiu_web_2017,2017 WEB,主线,主线,明显但未确认,否,否,是,是,所核未见,所核未见,—,—,副线,武打与武器、流血和重伤、绑架与囚禁、下药和中毒、死亡威胁、人体与内力操控、饮酒。,有精确条目,1480,0.15590332805071316
暴力宇宙海贼,mouretsu_uchuu_kaizoku_tv_2012,2012 TV,重要副线,重要副线,明确交往,是,是,是,否,所核未见,所核未见,—,—,无,强迫政治婚约、父权式家族与企业控制、绑架伪装和追捕、公司贪腐与武器走私、宇宙战斗和未成年角色受险。,有精确条目,1500,0.06904122956818737
魍魉之匣,mouryou_no_hako_tv_2008,2008 TV,重要副线,重要副线,明确欲望,否,是,是,否,所核未见,所核未见,—,—,并行,未成年人受险与死亡、推落站台、连环杀人与肢解、身体恐怖、活体切割与医学实验、亲子虐待与宗教操控、近亲性关系、成年人对未成年人的爱恋、战时人体实验、自杀言行。,有精确条目,1501,0.013780337309749074
Love Live! 第二季,love_live_school_idol_project_season_2_tv_2014,2014 TV,主线,主线,明显但未确认,否,否,是,是,所核未见,所核未见,范围内版本、原作,可见宣传,无,毕业与团体解散、失去共同体的焦虑、校园偶像竞争和表演压力、性别气质取笑、泳装／洗浴／更衣相关场景。,有精确条目,1512,0.056422239021373104
六翼天使之声,seraphim_call_tv_1999,1999 TV,重要副线,重要副线,明确欲望,否,是,是,否,所核未见,所核未见,—,—,并行,双胞胎姐妹接吻与近亲指向、依存和身份融合、梦境中的持刀及自杀表述、未成年裸体绘画模特与施压、偷窥式隐藏摄像、亲人死亡与哀伤、爆炸及事故。,有精确条目,1529,0.0562531391260673
结城友奈是勇者 -鹫尾须美之章- 第3章 约定,yuuki_yuuna_washio_sumi_ch3_movie_2017,2017 剧场动画,主线,缺席,非恋爱,否,否,否,是,所核未见,所核未见,范围内版本,故事／角色页、可见宣传,无,儿童死亡与葬礼、遗属哀伤、激烈战斗、身体机能及记忆丧失、制度性利用与强制存活。,有精确条目,1552,0.09401709401709402
舞-HiME,mai_hime_tv_2004,2004 TV,重要副线,重要副线,明确欲望,否,是,是,否,所核未见,是,范围内版本,故事／角色页,主导,睡眠中未经同意的亲吻、占有和强制控制、因恋爱执念伤害第三者、针对女性同性亲密的侮辱性措辞、精神操控与灌输、战斗伤害、暂时性死亡与哀恸、性化画面与裸露。,有精确条目,1565,0.11375249944456788
邪神与厨二病少女’,jashin_chan_dropkick_dash_tv_2020,2020 TV,主线,主线,明显但未确认,否,否,是,是,所核未见,所核未见,企划、范围内版本,故事／角色页、可见宣传,无,肢解与出血黑色喜剧、强制同居、谋杀企图、赌博与借贷、跟踪和权力滥用、饥饿及性化笑料,有精确条目,1607,0.07025478667269712
对圣母玛利亚保密喔,maria_sama_niwa_naisho_ova_2004,2004 OVA,主线,重要副线,明显但未确认,否,否,是,是,所核未见,所核未见,—,—,副线,片场／NG 恶搞、摔打与失态笑料、贬损性称呼、酒精与醉酒笑话、裙装／内衣／换装笑料，以及局部男友与婚姻假设。,有精确条目,1607,0.15083798882681565
电影 摇曳露营△,yuru_camp_movie_2022,2022 剧场动画,主线,缺席,非恋爱,否,否,否,是,所核未见,所核未见,范围内版本,故事／角色页、可见宣传,未知,成年工作压力、项目中止、露营施工与户外安全风险。,有精确条目,1633,0.06387043945045946
少女手工,do_it_yourself_tv_2022,2022 TV,重要副线,重要副线,明显但未确认,否,否,是,否,所核未见,所核未见,—,—,无,工具误操作与反复轻伤的喜剧化表现、丧亲回忆、短暂离别,有精确条目,1641,0.05814876908144357
随风舞月影兰,tsukikage_ran_tv_2000,2000 TV,主线,缺席,非恋爱,否,否,否,是,所核未见,所核未见,—,—,副线,刀剑与拳脚暴力、绑架及人口贩卖、婴儿遇险、药物依赖与死亡、宗教诈骗和纵火、诬告与未遂处刑、喜剧性裸露及偷窥,有精确条目,1644,0.07389162561576355
百合熊风暴,yuri_kuma_arashi_tv_2015,2015 TV,主线,主线,明确交往,是,是,是,是,所核未见,是,范围内版本,故事／角色页,无,死亡、枪击与食人意象，校园欺凌和集体排除，性化裸露与暗示，成年人对未成年学生的捕食性接近及强迫接吻未遂，嫉妒、背叛、丧亲、童年伤害、记忆抹除与身体变形。,有精确条目,1656,0.1379544682296976
电影 Love Live! 虹咲学园校园偶像同好会 完结篇 第2章,love_live_nijigasaki_final_chapter_part_2_movie_2025,2025 剧场动画,主线,未知,未知,否,否,否,是,所核未见,所核未见,范围内版本,故事／角色页、可见宣传,未知,校园偶像比赛、公开表演、跨城市活动与竞争压力；公开简介不等于完整正片。,有精确条目,1681,0.06490179333902647
强袭魔女 剧场版,strike_witches_movie_2012,2012 剧场动画,主线,重要副线,明显但未确认,否,否,是,是,所核未见,所核未见,范围内版本,故事／角色页、可见宣传,无,战争、空战、负伤和牺牲风险；部队解散与重组压力；频繁裸体、内衣式服装和身体凝视笑料；前后辈崇拜、守护和分离情绪。,有精确条目,1687,0.10546334716459198
英雄联盟：双城之战 第二季,arcane_season_2_web_2024,2024 WEB,主线,重要副线,明确交往,是,是,是,是,所核未见,所核未见,范围内版本,访谈／评论、可见宣传,未知,战争、死亡与儿童受伤威胁、姐妹创伤、监禁与政治暴力、酒精滥用、地下格斗、自我毁灭／自杀意念、背叛，以及 Vi／Caitlyn 的冲突与高强度情感对话。,有精确条目,1695,0.006850736973219846
天才麻将少女 阿知贺篇,saki_achiga_hen_tv_2012,2012 TV,主线,重要副线,明显但未确认,否,否,是,是,是,所核未见,范围内版本,HTML 元数据,无,对高中女生胸部的性化台词、洗浴对话、严重晕厥与住院、丧母回忆和高压竞赛。,有精确条目,1725,0.12530259365994237
强袭魔女2,strike_witches_2_tv_2010,2010 TV,主线,重要副线,明显但未确认,否,否,是,是,所核未见,所核未见,范围内版本,出版渠道、故事／角色页、可见宣传,无,战争与空战、青少年参战、负伤与死亡威胁、频繁裸体及内衣式服装、身体凝视与浴室笑料、带性意味的接触、牺牲式守护。,有精确条目,1745,0.10875390799464046
忍者与杀手二人组的日常生活,ninja_to_koroshiya_no_futarigurashi_tv_2025,2025 TV,主线,主线,明确交往,是,是,是,是,所核未见,是,范围内版本,可见宣传,无,频繁的喜剧化杀人、肢解与尸体处理，流血和重伤，绑架与监禁，强制人体实验和身体改造，年龄倒退，家庭谋杀与创伤，跟踪监视，性化身体笑料，赌博成瘾与经济利用。,有精确条目,1750,0.10005273864235667
蔷薇少女 序曲,rozen_maiden_ouverture_ova_2006,2006 TV 特别篇,主线,缺席,非恋爱,否,否,否,是,所核未见,所核未见,范围内版本,出版渠道、故事／角色页,未知,人偶身份与未完成状态、父亲承认焦虑、身体衰弱与行走练习、战斗、关系破裂及虐待性言语。,有精确条目,1764,0.02965235173824131
AIURA,aiura_tv_2013,2013 TV,主线,缺席,非恋爱,否,否,否,是,所核未见,所核未见,—,—,无,喜剧化肘击、敲打、假死与死亡玩笑；心肺复苏假设；拍摄未成年女高中生裸腿的笑话,有精确条目,1766,0.06973532796317607
偶像大师 灰姑娘女孩 第二季,the_idolmaster_cinderella_girls_second_season_tv_2015,2015 TV,主线,缺席,非恋爱,否,否,否,是,所核未见,所核未见,范围内版本,出版渠道、可见宣传,无,项目解体威胁、竞争性选拔、工作压力、失去自信、组合路线冲突。,有精确条目,1778,0.022269353128313893
魔女之旅,majo_no_tabitabi_tv_2020,2020 TV,重要副线,重要副线,明确欲望,否,是,是,否,所核未见,所核未见,—,—,副线,反复求婚与共同生活要求被喜剧化处理、魔法导致的非自愿情感暴露、姐妹间欲望、身体互换、家庭虐待暗示、奴役、怀孕与亲人或恋人被杀、较强暴力和血腥场面、身体边界侵犯。,有精确条目,1790,0.08717894902536925
小鸟之翼 高尔夫少女,birdie_wing_season_1_tv_2022,2022 TV,主线,主线,明确欲望,否,是,是,是,所核未见,是,范围内版本,可见宣传,无,地下赌博与犯罪组织胁迫、枪击与致命暴力、贫困和强制拆迁、带性意味的威吓与身体边界侵犯、未成年角色处于高风险环境、少量裸露与性化玩笑,有精确条目,1807,0.12496604183645749
穷神,binbougami_ga_tv_2012,2012 TV,主线,缺席,非恋爱,否,否,否,是,所核未见,所核未见,—,—,副线,未经同意的触摸与女浴区侵入、偷窥／性骚扰笑料、胸部和身体羞辱、性化服装、暴力与强制夺取能力、校园排斥与背叛回忆、家庭缺席、身体及人格变化危机。,有精确条目,1816,0.033490509007375165
Love Live!,love_live_school_idol_project_tv_2013,2013 TV,主线,主线,明显但未确认,否,否,是,是,所核未见,所核未见,—,—,无,过度训练后病倒、朋友隐瞒离别计划与关系破裂、未经同意的胸部触碰笑料、泳装与洗浴场景、外貌及体型笑料。,有精确条目,1820,0.058780523468343324
恋爱研究所,renai_laboratory_tv_2013,2013 TV,主线,局部,明显但未确认,否,否,是,是,所核未见,所核未见,—,—,副线,喜剧化敲打与轻度身体冲突；校规对男女交往的惩戒威胁；性别气质、胸部和外貌玩笑；深色妆容及模仿表演构成的肤色／种族刻板笑料,有精确条目,1828,0.11274753706836502
天使特警,kiddy_grade_tv_2002,2002 TV,主线,主线,明显但未确认,否,否,是,是,所核未见,所核未见,—,—,副线,科幻战斗与死亡、阶级压迫、记忆操控、身体更替与复制人、自杀意念、药物与医疗危机、儿童受威胁、少量性化画面及骚扰式玩笑。,有精确条目,1840,0.11144130757800892
竹剑少女,bamboo_blade_tv_2007,2007 TV,重要副线,重要副线,明确欲望,否,是,是,否,所核未见,所核未见,—,—,副线,跟踪、反复拍摄及制作等身人像，利用他人制造嫉妒；另有对手队友冒充家属、把参赛者骗离赛场并反锁，校园斗殴、欺凌、比赛受伤及师长失职。,有精确条目,1852,0.05349276274386407
神推偶像登上武道馆我就死而无憾,oshi_ga_budoukan_ittekuretara_shinu_tv_2020,2020 TV,主线,主线,明确欲望,否,是,是,是,是,是,范围内版本、原作,出版渠道、故事／角色页,并行,把全部收入投入唱片及付费接触、带病工作与观演、鼻血／骨折／声带受损等夸张伤病笑料、窥视或共浴等未实行的越界幻想、偶像恋爱禁忌与绯闻压力。,有精确条目,1855,0.12339157524041718
房间露营△,heya_camp_tv_2020,2020 TV,主线,缺席,非恋爱,否,否,否,是,所核未见,所核未见,范围内版本,故事／角色页、可见宣传,无,短篇节奏压缩关系细节；旅行、骑行和道路活动风险；地方传说带来的短暂惊吓。,有精确条目,1864,0.04707985697258641
前桥魔女,maebashi_witches_tv_2025,2025 TV,主线,缺席,非恋爱,否,否,否,是,所核未见,所核未见,—,—,无,校园排斥与身体羞辱、家庭压力和丧亲、对记忆的消除与身份动摇、顾客遭遇的单恋和关系欺瞒、愿望被替人决定、社交媒体比较、经济／学业压力、青少年被成年人操纵参与魔法劳动。,有精确条目,1865,0.04797475013150973
玛利亚狂热,maria_holic_tv_2009,2009 TV,主线,主线,明确欲望,否,是,是,是,是,是,范围内版本,故事／角色页,无,以女同性欲望和鼻血作反复笑料、对女学生身体的性化凝视、胁迫与秘密威胁、被迫同住和持续监视、羞辱性称呼与校园排斥、性别表达被用于欺骗与揭露笑料、宗教学校意象的戏仿。,有精确条目,1867,0.09292412617220801
光之美少女,futari_wa_precure_tv_2004,2004 TV,主线,缺席,非恋爱,否,否,否,是,所核未见,所核未见,范围内版本,故事／角色页,副线,幻想战斗与未成年人遇险、敌方胁迫和身份消失、离别与哀伤、校园冲突。,有精确条目,1883,0.04456571168713051
夜樱四重奏 花之歌,yozakura_quartet_hana_no_uta_tv_2013,2013 TV,重要副线,局部,明确欲望,否,是,是,否,所核未见,是,范围内版本,故事／角色页,副线,奇幻战斗与未成年人遇险、附身和强制送往异界的威胁、青少年角色的泳装／身体笑料、姐妹死亡与家庭创伤、人类—妖怪歧视和牺牲政策、饮酒笑料。,有精确条目,1929,0.018857758620689655
Endro~！,endro_tv_2019,2019 TV,主线,重要副线,明确欲望,否,是,是,是,所核未见,是,范围内版本,故事／角色页,无,奇幻战斗与怪物威胁、时间回溯和记忆改写、朋友策划的虚假绑架、泳装与面向年轻角色的服务性画面、学校及师生权力结构,有精确条目,1930,0.10121611350392704
回忆中的玛妮,omoide_no_marnie_movie_2014,2014 剧场动画,主线,主线,明显但未确认,否,否,是,是,所核未见,所核未见,范围内版本,访谈／评论、可见宣传,副线,哮喘与慢性病、童年忽视与女仆欺凌、寄养与家庭遗弃焦虑、发烧与筒仓相关恐惧、父母死亡与哀伤、跨代家庭创伤和记忆混淆。,有精确条目,1934,0.03550784475639967
侦探歌剧 少女福尔摩斯 ～逆袭的少女福尔摩斯～,tantei_opera_milky_holmes_gyakushu_movie_2016,2016 剧场动画,主线,缺席,非恋爱,否,否,否,是,所核未见,所核未见,范围内版本,出版渠道、故事／角色页、可见宣传,无,夸张战斗、温泉与身体笑料、能力丧失、团队挫败、催眠操控、侦探／怪盗／警察多方冲突。,有精确条目,1940,0.06367041198501873
上伊那牡丹，酒醉身姿似百合花般,kamiina_botan_tv_2026,2026 TV,主线,主线,明确交往,是,是,是,是,所核未见,所核未见,—,—,无,贯穿全季的饮酒与醉态、吸烟、夜间酒吧及俱乐部、醉后判断能力降低、穿耳洞与亲密行动中的边界确认、关系不确定与嫉妒。,有精确条目,1962,0.1481464079312127
轻声密语,sasameki_koto_tv_2009,2009 TV,主线,主线,明确交往,是,是,是,是,所核未见,是,范围内版本,故事／角色页,副线,单恋、拒绝与失去友谊焦虑、同性倾向带来的孤立与污名压力、以喜剧处理的暴露隐私和胁迫、女装及性别表达喜剧、涉及青少年角色的泳装／服务性画面、空手道暴力与肢体喜剧,有精确条目,1966,0.17697919481221291
库拉乌 幻之记忆,kurau_phantom_memory_tv_2004,2004 TV,主线,缺席,非恋爱,否,否,否,是,所核未见,所核未见,—,—,副线,追捕与拘禁、人体与能源实验、身体分解及身份置换、战争与恐怖活动、死亡和哀伤、儿童受伤、强制结对。,有精确条目,1978,0.08806818181818182
魔法使光之美少女！！～未来之日～,mahou_tsukai_precure_mirai_days_tv_2025,2025 TV,主线,主线,明显但未确认,否,否,是,是,所核未见,所核未见,范围内版本,故事／角色页、可见宣传,无,幻想战斗与受伤、时间停止、记忆丧失、世界范围危机、家庭式照护、分离与重逢。,有精确条目,2010,0.07311500380807312
荒野的寿飞行队,kouya_no_kotobuki_hikoutai_tv_2019,2019 TV,主线,局部,明显但未确认,否,否,是,是,所核未见,所核未见,—,—,副线,空战、枪炮与坠机，受伤和死亡危险，政治强迫与宣传，反复饮酒，异性调情、求婚及失败婚姻笑料,有精确条目,2018,0.020525657071339173
莉可丽丝：友谊是时间的窃贼,lycoris_recoil_friends_are_thieves_of_time_web_2025,2025 WEB,主线,主线,明显但未确认,否,否,是,是,所核未见,所核未见,范围内版本,故事／角色页、可见宣传,无,轻度枪械与秘密组织设定、幽灵恶作剧、留宿与换制服桥段。,有精确条目,2025,0.057626287395782246
Fate/kaleid liner 魔法少女☆伊莉雅 2wei Herz!,fate_kaleid_liner_prisma_illya_2wei_herz_tv_2015,2015 TV,主线,重要副线,明显但未确认,否,否,是,是,所核未见,所核未见,范围内版本,故事／角色页、可见宣传,副线,未成年角色之间围绕亲吻／唾液补给的台词与尴尬玩笑、角色犹豫的补给台词、男性恋爱药剂、魔法战斗与生命危险,有精确条目,2037,0.09819480261852807
牵牛花与加濑同学。,asagao_to_kase_san_ova_2018,2018 剧场 OVA,主线,主线,明确交往,是,是,是,是,所核未见,是,范围内版本,访谈／评论、可见宣传,无,初次交往中的不安、嫉妒与沟通困难，毕业／升学带来的未来压力。,有精确条目,2055,0.1853222718570517
糖果男孩,candy_boy_side_story_for_archive_web_2007,2007 WEB,主线,主线,明确欲望,否,是,是,是,所核未见,所核未见,范围内版本,故事／角色页、可见宣传,未知,亲生双胞胎姐妹之间的恋爱方向；日语字幕为低可靠度自动转写，未作视听复核。,有精确条目,2060,0.18002081165452655
Fate/kaleid liner 魔法少女☆伊莉雅 2wei!,fate_kaleid_liner_prisma_illya_2wei_tv_2014,2014 TV,主线,缺席,非恋爱,否,否,否,是,所核未见,所核未见,范围内版本,故事／角色页、可见宣传,副线,未成年角色性化喜剧、补给魔力时的亲吻与身体边界问题、义兄恋爱笑点、魔法战斗与生命危险,有精确条目,2063,0.09941990182954039
代号17,figure_17_tv_2001,2001 TV,主线,主线,明显但未确认,否,否,是,是,所核未见,所核未见,—,—,副线,儿童死亡与长期哀伤、怪物暴力和身体恐怖、儿童陷入战斗、人工生命体死亡与被迫分离、复制／操纵／消除记忆、姐妹身份与恋爱方向叠加、强烈依赖及分离焦虑、丧亲。,有精确条目,2094,0.0672782874617737
剧场版 BanG Dream! Poppin'Dream！,bang_dream_poppin_dream_movie_2022,2022 剧场动画,主线,缺席,非恋爱,否,否,否,是,所核未见,所核未见,范围内版本,出版渠道、可见宣传,无,承接 TV 第三季、海外旅行、舞台压力、临场受伤与完整剧透,有精确条目,2103,0.05832147937411095
结城友奈是勇者 -鹫尾须美之章- 第2章 魂,yuuki_yuuna_washio_sumi_ch2_movie_2017,2017 剧场动画,主线,重要副线,明显但未确认,否,否,是,是,所核未见,所核未见,范围内版本,故事／角色页、可见宣传,无,未成年少女战斗、受伤、角色死亡、同伴哀伤与未完成约定。,有精确条目,2104,0.09078163336838416
mono女孩,mono_tv_2025,2025 TV,主线,主线,明显但未确认,否,否,是,是,所核未见,所核未见,—,—,无,网络恶评与传言扩散、危险驾驶及下坡滑板、暴食与肠胃不适笑料、幽灵及伪纪录恐怖、短暂绝望时的随口轻生表达、动物遇险。,有精确条目,2110,0.05045476304451891
向山进发,yama_no_susume_tv_2013,2013 TV,主线,缺席,非恋爱,否,否,否,是,所核未见,所核未见,—,—,无,童年坠落骨折与恐高、初学登山风险、坏鞋下山。,有精确条目,2112,0.10874755806381593
黑街二人组,noir_tv_2001,2001 TV,主线,主线,明显但未确认,否,否,是,是,所核未见,所核未见,—,—,副线,暗杀、枪击、刺伤与死亡，犯罪组织和政治暴力，儿童杀手训练、失忆与身份操纵，邪教式控制与强迫仪式，家人被杀与复仇，要求对方杀死自己，强迫性的“死亡之吻”威胁和身体控制，火灾、溺水及心理崩溃。,有精确条目,2171,0.10193452380952381
结城友奈是勇者,yuuki_yuuna_wa_yuusha_de_aru_tv_2014,2014 TV,主线,主线,明显但未确认,否,否,是,是,所核未见,所核未见,—,—,无,制度对未成年人的欺瞒与利用、儿童战斗和重度奇幻暴力、身体献祭及感觉／运动功能丧失、失忆与身份操纵、自毁式牺牲和长期昏迷、自杀念头与毁灭世界的行动、末世威胁、内疚与情绪崩溃。,有精确条目,2172,0.10342828151047329
爱杀宝贝,kill_me_baby_tv_2012,2012 TV,主线,缺席,非恋爱,否,否,否,是,所核未见,所核未见,—,—,无,频繁喜剧化击打、关节技、刀枪与暗杀笑话；意外身体接触；公共浴室与身体笑点；情人节恋爱惯例及误认,有精确条目,2182,0.04344033496161898
珈百璃的堕落,gabriel_dropout_tv_2017,2017 TV,主线,局部,明确欲望,否,是,是,是,所核未见,所核未见,—,—,无,女性间性化骚扰、索取内衣与窥视／拍摄企图，换衣／内衣／胸臀笑料，未经同意入室、捆绑和打闹，流浪犬可能被处置，毁灭世界威胁作喜剧。,有精确条目,2185,0.10404951503943843
SSSS.古立特,ssss_gridman_tv_2018,2018 TV,重要副线,重要副线,明显但未确认,否,否,是,否,所核未见,所核未见,—,—,并行,怪兽暴力与城市破坏、死亡被抹除和记忆改写、刺伤及流血、失忆与身份置换、创造者对他人情感的预设、操纵与孤立、梦境诱导、自我否定及要求他人杀死自己。,有精确条目,2188,0.0022111894530435147
樱Trick,sakura_trick_tv_2014,2014 TV,主线,主线,明确欲望,否,是,是,是,所核未见,是,范围内版本,故事／角色页,无,未成年角色的性化呈现、突然发起的接吻与喜剧化边界越过、嫉妒和排他、亲戚间恋爱方向、家族安排婚约、未经邀请的身体触碰、泳池与身体笑料。,有精确条目,2201,0.18042160962703763
Re: 甜心战士,re_cutie_honey_ova_2004,2004 OVA,主线,重要副线,明显但未确认,否,否,是,是,所核未见,所核未见,范围内版本,出版渠道、可见宣传,未知,成人向性化台词语境、暴力、强制同化；未作逐镜视觉判断,有精确条目,2214,0.07368421052631578
我家也有外星人,niea_7_tv_2000,2000 TV,主线,缺席,非恋爱,否,否,否,是,所核未见,所核未见,—,—,副线,贫困与食物不安全、居住和劳动不对等、异族／阶层歧视用语、族裔 caricature、性骚扰笑料、丧亲与家园可能消失。,有精确条目,2220,0.04343329886246122
影宅 第二季,shadows_house_2nd_season_tv_2022,2022 TV,主线,重要副线,明显但未确认,否,否,是,是,所核未见,所核未见,范围内版本,故事／角色页、可见宣传,副线,主从等级、洗脑与人格剥夺、强制融合、共同跳楼与处分威胁、馆邸监视、单向恋爱与权力不平等,有精确条目,2232,0.041592394533571005
玛利亚狂热 ALIVE,maria_holic_alive_tv_2011,2011 TV,主线,主线,明确欲望,否,是,是,是,是,是,范围内版本,故事／角色页,未知,女同性欲望、鼻血与身体凝视被反复用于喜剧；女学生身体、气味与梦境场景被性化；鞠也和茉莉花的捉弄与辛辣言辞；梦境和夸张想象不能单独当作现实交往证据。,有精确条目,2235,0.07647938474684897
放学后海堤日记,houkago_teibou_nisshi_tv_2020,2020 TV,主线,缺席,非恋爱,否,否,否,是,所核未见,所核未见,—,—,无,捕捉、宰杀、处理和食用鱼类及海洋生物，活饵与昆虫，利用主人公恐惧促成入部，成人教师饮酒后向学生说结婚与亲吻笑话并遭拒绝，泳装与身体笑料，水上安全风险。,有精确条目,2278,0.07047738693467337
黄金拼图 Pretty Days,kin_iro_mosaic_pretty_days_movie_2016,2016 剧场 OVA,主线,重要副线,明显但未确认,否,否,是,是,所核未见,所核未见,范围内版本,出版渠道、故事／角色页、可见宣传,无,文化祭压力、争宠和暧昧配对笑料、跨文化误解、校园身体话题。,有精确条目,2293,0.11807498601007274
漫画女孩,comic_girls_tv_2018,2018 TV,主线,重要副线,明确欲望,否,是,是,是,所核未见,所核未见,—,—,无,未成年人物的身体／内衣／泳装／沐浴与胸部笑料、剧中 TL 与成人性内容讨论、尾随和惊吓式边界侵犯、成人醉酒、体重与节食笑料、强烈自我否定和退稿压力、恐怖与血迹意象,有精确条目,2301,0.11549266465508272
BanG Dream! 少女乐团派对！5周年纪念动画 -CiRCLE THANKS PARTY!-,bang_dream_circle_thanks_party_2022,2022 TV,主线,缺席,非恋爱,否,否,否,是,所核未见,所核未见,范围内版本,出版渠道、故事／角色页、可见宣传,无,群像切换频繁、场地受天气损坏后的紧急修复与演出压力。,有精确条目,2312,0.06439674315321983
顶点!!!!!!!!!!!!!!!,teppen_tv_2022,2022 TV,主线,缺席,非恋爱,否,否,否,是,所核未见,所核未见,—,—,副线,暗杀误会、伪造自杀与诅咒故事、跟踪与偷窥误会、喜剧性暴力和武器、VR 战斗、身体与胸部笑料、泳装／洗浴节目笑话、诈骗和网络攻击。,有精确条目,2324,0.05515587529976019
魔法少女奈叶 Reflection,mahou_shoujo_lyrical_nanoha_reflection_movie_2017,2017 剧场动画,主线,未知,未知,否,否,否,是,所核未见,所核未见,范围内版本,故事／角色页、可见宣传,未知,星球毁灭、父亲患病、姐妹冲突、控制与复仇、儿童魔法战斗、悬念式结局,有精确条目,2326,0.09155937052932761
魔法少女小圆 新作概念视频,mahou_shoujo_madoka_magica_concept_movie_2015,2015 剧场动画,主线,主线,明显但未确认,否,否,是,是,所核未见,所核未见,企划、范围内版本,出版渠道、可见宣传,未知,碎片化概念叙事、抽象神性意象、魔法少女战斗与不安氛围；未作本地画面复核。,有精确条目,2366,0.04836272040302267
侦探歌剧 少女福尔摩斯,tantei_opera_milky_holmes_tv_2010,2010 TV,主线,缺席,非恋爱,否,否,否,是,所核未见,所核未见,范围内版本,故事／角色页、可见宣传,副线,饥饿与居住惩罚、频繁打闹和险境、非自愿拥抱／脱衣／胸部触碰、男性性骚扰与暴露、未成年外观角色的身体笑料、安排婚姻和局部男女恋爱。,有精确条目,2382,0.05602623667668762
强袭魔女,strike_witches_tv_2008,2008 TV,主线,重要副线,明显但未确认,否,否,是,是,所核未见,所核未见,—,—,副线,战争与空战、青少年参战、负伤与死亡回忆、频繁裸体及内衣式服装取景、胸部与身体凝视笑料、带侵入性的身体接触、偷窥和浴室服务性场面。,有精确条目,2389,0.09622886866059818
结城友奈是勇者 -鹫尾须美之章- 第1章 朋友,yuuki_yuuna_washio_sumi_ch1_movie_2017,2017 剧场动画,主线,局部,明确欲望,否,是,是,是,所核未见,所核未见,范围内版本,故事／角色页、可见宣传,无,小学六年级少女承担战斗职责、受伤与组织压力；含未成年角色的温泉和身体发育玩笑。,有精确条目,2392,0.09784031413612565
读或死 TV,rod_read_or_die_tv_2003,2003 TV,主线,重要副线,明显但未确认,否,否,是,是,所核未见,所核未见,企划、范围内版本,出版渠道、可见宣传,未知,超能力战斗、枪击、爆炸、记忆与身份被操纵；校园离别与创伤。,有精确条目,2420,0.05602477477477477
天体的秩序 另一个愿望,sora_no_method_mou_hitotsu_no_negai_web_2019,2019 WEB,主线,主线,明确欲望,否,是,是,是,所核未见,所核未见,范围内版本,可见宣传,无,离别焦虑、排斥朋友的尝试、情绪痛苦、归属冲突、暂时消失与重逢,有精确条目,2428,0.08081285444234404
百合星人奈绪子 OVA,yuri_seijin_naoko_san_ova_2012,2012 OVA,主线,主线,明确欲望,否,是,是,是,是,是,范围内版本,故事／角色页、可见宣传,无,露骨性双关、色情书与性工作笑料、对未成年少女的性化凝视、冒充亲属、边界侵犯、非自愿干预与长期昏睡。,有精确条目,2432,0.11087113030957524
魔女猎人,el_cazador_de_la_bruja_tv_2007,2007 TV,主线,主线,明显但未确认,否,否,是,是,所核未见,所核未见,范围内版本,故事／角色页、可见宣传,并行,枪击与死亡、人体实验和精神操纵、跟踪与占有式控制、非自愿亲吻、绑架与拘束、研究者／受试者权力差、要求亲近者开枪及短暂死亡、丧亲与针对性别不合规范人物的贬称。,有精确条目,2435,0.12855473315153876
Estab-Life Great Escape,estab_life_great_escape_tv_2022,2022 TV,主线,重要副线,明确欲望,否,是,是,是,所核未见,所核未见,—,—,无,枪战、爆炸与重伤；自杀意念和方法笑话；威权监控、强制服从、监禁与强迫劳动；身体、内衣及不穿内衣笑话；带强迫意味的亲热幻想，剧中明确讨论同意；临终告别和角色消失。,有精确条目,2436,0.06652555185969157
邪神与厨二病少女,jashin_chan_dropkick_tv_2018,2018 TV,主线,重要副线,明确欲望,否,是,是,是,所核未见,所核未见,—,—,无,反复谋杀、肢解、酷刑与出血笑料；强制召唤与同居；跟踪、绑走、占有式骚扰和警权滥用；经济剥削与赌博；无家可归、饥饿；裸露、泳装及性化笑料。,有精确条目,2438,0.07602085143353605
A频道+smile,a_channel_smile_ova_2012,2012 OVA,主线,缺席,非恋爱,否,否,否,是,所核未见,所核未见,范围内版本,故事／角色页、可见宣传,无,病中照料、喂食、擦拭身体玩笑、同学调侃与轻微身体笑料。,有精确条目,2452,0.11626816690107829
憧憬成为魔法少女,mahou_shoujo_ni_akogarete_tv_2024,2024 TV,主线,主线,明确欲望,否,是,是,是,所核未见,所核未见,—,—,无,初中年龄角色被持续性化；非自愿束缚、剥衣、猥亵及乳房／生殖器刺激；封闭房间中的胁迫亲吻和性行为；施虐、受虐、羞辱与高潮反应；触手、怪物袭击和公开暴露；勒索变身、身份威胁、精神控制、幼儿化角色扮演、战斗伤害和城市破坏。,有精确条目,2467,0.13736403536670697
狂赌之渊,kakegurui_tv_2017,2017 TV,主线,缺席,非恋爱,否,否,否,是,所核未见,所核未见,—,—,无,强迫赌博、债务与制度性奴役；羞辱、霸凌和人生计划；枪械、俄罗斯轮盘、自伤与求死欲望；性化赌博兴奋、支配和受虐；拔指甲与流血；强制婚育和职业安排。,有精确条目,2469,0.015675895765472313
死后文,shigofumi_tv_2008,2008 TV,主线,缺席,非恋爱,否,否,否,是,所核未见,所核未见,—,—,副线,自杀与自杀未遂、未成年人死亡、家庭暴力、儿童性剥削与被迫拍摄、谋杀与枪击、校园霸凌、解离身份与污名、昏迷、媒体骚扰、动物死亡、忽视与遗弃。,有精确条目,2496,0.01744014188590009
为美好的世界献上爆焰！,kono_subarashii_sekai_ni_bakuen_wo_tv_2023,2023 TV,主线,主线,明确欲望,否,是,是,是,所核未见,所核未见,—,—,副线,未成年人遭成人性化凝视与纠缠；男性角色的跟踪、偷窥和婚姻妄想；贫困与食物短缺；校园孤立与利用；魔物袭击、战斗、受伤及爆炸；邪教笑料、宗教操控和低俗性笑话。,有精确条目,2501,0.0027148959955284064
+模型姐妹,plus_tic_neesan_web_2011,2011 WEB 短篇,主线,缺席,非恋爱,否,否,否,是,所核未见,所核未见,—,—,副线,夸张肢体暴力、威胁、强行剥衣与身体边界侵犯、内衣和局部裸露笑料、同性身体骚扰、未定对象暗恋／失恋、男朋友与异性求偶笑话、身材与青春期羞辱、粗俗语言及生殖器笑话。,有精确条目,2542,0.03927702467848453
迷你龙小剧场,minidora_web_2021,2021 WEB 短篇,主线,重要副线,明确欲望,否,是,是,是,所核未见,所核未见,范围内版本,可见宣传,未知,含居家亲密、儿童角色的对象明确亲近与竞争性喜剧；未做画面复核。,有精确条目,2584,0.07535070140280561
Slow Start,slow_start_tv_2018,2018 TV,主线,重要副线,明确欲望,否,是,是,是,所核未见,所核未见,—,—,无,未成年人物的泳装／内衣／胸部与身体笑料、教师查看学生内衣及师生权力差、成人醉酒、社交焦虑与蛰居、升学中断压力、轻度肢体喜剧,有精确条目,2593,0.13314037626628075
邻家索菲,tonari_no_kyuuketsuki_san_tv_2018,2018 TV,主线,主线,明确欲望,否,是,是,是,所核未见,所核未见,—,—,无,未经同意的搬入与身体接近、秘密把怕阳光的吸血鬼带到海边、拒绝后仍吸血、洗浴与身体笑料、对年轻女性的性化言语、把占有欲当作笑料,有精确条目,2594,0.1317842605156038
红白黑黄 第三季,rwby_volume_3_web_2015,2015 WEB,主线,重要副线,明显但未确认,否,否,是,是,所核未见,所核未见,范围内版本,可见宣传,并行,战斗、角色死亡、肢体重伤、失去手臂、Faunus 歧视、心理操纵、前盟友占有与暴力、异性求偶语境。,有精确条目,2598,0.0484340859431901
Princess Principal Crown Handler 第1章,princess_principal_crown_handler_ch1_movie_2021,2021 剧场动画,主线,未知,未知,否,否,否,是,所核未见,所核未见,范围内版本、原作,故事／角色页,未知,枪械、拘留与营救、审讯、政治暴力、身份隐瞒、尸体发现与未完调查。,有精确条目,2600,0.10863594751296918
侦探歌剧 少女福尔摩斯 夏季特别篇,tantei_opera_milky_holmes_summer_special_tv_2011,2011 TV 特别篇,主线,未知,未知,否,否,否,是,所核未见,所核未见,范围内版本,出版渠道、故事／角色页、可见宣传,未知,绑架、强迫偶像出道、商业利用、喜剧性追逐和夸张身体险境。,有精确条目,2635,0.08068902991840435
A频道 来吃火锅吧,a_channel_nabe_wo_tabeyou_ova_2017,2017 OVA,主线,重要副线,明显但未确认,否,否,是,是,所核未见,所核未见,范围内版本,可见宣传,无,夸张想念与寻找、暗锅恶作剧、饮食与体重笑料、校园群像日常,有精确条目,2638,0.11044003451251079
战姬绝唱SYMPHOGEAR G,senki_zesshou_symphogear_g_tv_2013,2013 TV,主线,主线,明确欲望,否,是,是,是,所核未见,是,范围内版本,故事／角色页、可见宣传,无,高强度战斗、身体与精神控制、重伤与死亡、姐妹失去、灾难威胁、实验和政治阴谋。,有精确条目,2670,0.09366754617414248
雾尾粉丝俱乐部,kirio_fan_club_tv_2026,2026 TV,主线,主线,明确欲望,否,是,是,是,所核未见,所核未见,—,—,并行,童年好友病逝与哀伤、拒学和负罪感、跟踪拍摄及个人边界侵犯笑料、涉及高中生的体液／排泄／性暗示笑料、诅咒与受伤幻想、单恋与拒绝,有精确条目,2673,0.04187366926898509
赛马娘 Pretty Derby,uma_musume_pretty_derby_tv_2018,2018 TV,主线,缺席,非恋爱,否,否,否,是,所核未见,所核未见,—,—,无,赛场严重骨折、倒地与急救，长期复健及再次受伤恐惧，过量训练和竞技压力，体重／节食笑料，男性训练师未经同意触碰腿部并被当作性骚扰笑料，主人公出生母亲去世。,有精确条目,2684,0.06518003273322422
小鸟之翼 高尔夫少女 第二季,birdie_wing_season_2_tv_2023,2023 TV,主线,主线,明确欲望,否,是,是,是,所核未见,所核未见,范围内版本,故事／角色页、可见宣传,未知,犯罪与丑闻、职业赛事压力、身体不适与医疗风险、家族冲突。,有精确条目,2691,0.1446128635804998
强袭魔女 胜利之箭行动,strike_witches_operation_victory_arrow_ova_2014,2014 OVA,主线,局部,明显但未确认,否,否,是,是,所核未见,所核未见,范围内版本,故事／角色页,无,战争与空战、未成年参战、离散与战后重建、频繁裸体和内衣式服装、身体凝视与服务性笑料、照护责任及牺牲风险。,有精确条目,2700,0.11875
剧场版 BanG Dream! It's MyGO!!!!! 后篇 歌唱着，由我们所作的歌 & FILM LIVE,bang_dream_its_mygo_movie_part2_2024,2024 剧场动画,主线,局部,明显但未确认,否,否,是,是,所核未见,所核未见,范围内版本,出版渠道、可见宣传,未知,旧乐队解散、关系操控、依赖与排斥、情绪崩溃、FILM LIVE 表演层、观看前史要求,有精确条目,2709,0.03804878048780488
放学后的昴星团,houkago_no_pleiades_tv_2015,2015 TV,主线,缺席,非恋爱,否,否,否,是,所核未见,所核未见,—,—,并行,未成年人遭遇宇宙险境与轻度魔法战斗；住院、昏迷与死亡威胁；自我消失意愿；亲友离别、记忆断裂及丧亲回忆,有精确条目,2714,0.05684969495285635
爱杀宝贝OVA,kill_me_baby_ova_2013,2013 OVA,主线,缺席,非恋爱,否,否,否,是,所核未见,所核未见,范围内版本,故事／角色页、可见宣传,无,殴打、飞刀、关节技、暗杀威胁、强行靠近与恶作剧被台词作为动作喜剧讨论；未作画面复核。,有精确条目,2721,0.05227272727272727
无能力者娜娜,munou_na_nana_tv_2020,2020 TV,主线,缺席,非恋爱,否,否,否,是,所核未见,所核未见,范围内版本,访谈／评论,副线,连续谋杀与未遂谋杀、欺骗与利用信任、刀伤与死亡、校园欺凌、以恋爱名义实施的恶作剧和胁迫、自伤式伪装、动物虐待、童年创伤与丧亲,有精确条目,2789,0.012859304084720122
剧场版 Fate/kaleid liner 魔法少女☆伊莉雅 雪下的誓言,fate_kaleid_liner_prisma_illya_sekka_no_chikai_movie_2017,2017 剧场动画,局部,缺席,非恋爱,否,否,否,否,所核未见,所核未见,范围内版本,故事／角色页、可见宣传,副线,儿童被工具化、收养家庭、家人死亡、魔法战争、绑架、牺牲选择、重伤与世界毁灭。,有精确条目,2796,0.032507739938080496
悠悠式 OVA,yuyushiki_ova_2017,2017 OVA,主线,主线,明显但未确认,否,否,是,是,所核未见,所核未见,范围内版本,故事／角色页、可见宣传,无,亲密玩笑与捉弄，穿衣洗澡、床戏、胸部和性暗示笑料，对“好想死／不想死”的语言玩笑。,有精确条目,2807,0.10526315789473684
大正野球娘。,taishou_yakyuu_musume_tv_2009,2009 TV,主线,重要副线,明显但未确认,否,否,是,是,所核未见,所核未见,—,—,并行,时代性别歧视、未成年订婚与年龄差、侵入式求爱、家长隐瞒与禁足、以断绝关系相威胁、运动伤害与训练压力、夜间冲突及犯罪威胁,有精确条目,2810,0.10258107213765719
蓝海少女 第二季,amanatsu_advance_tv_2018,2018 TV,主线,主线,明显但未确认,否,否,是,是,所核未见,是,范围内版本,故事／角色页、可见宣传,副线,潜水风险、分离焦虑、第 7–9 话梦境男女恋爱支流。,有精确条目,2811,0.0640904806786051
网球并不可笑嘛 3期,teekyu_tv_2013_s3,2013 TV,主线,缺席,非恋爱,否,否,否,是,所核未见,所核未见,范围内版本,故事／角色页、可见宣传,无,每面约两分钟的高速荒诞喜剧、夸张肢体动作、竞争与追逐笑料、系列式身体或内衣笑点可能延续；第27面有男性角色介入但未形成恋爱线。,有精确条目,2821,0.05768222338751967
悠悠式,yuyushiki_tv_2013,2013 TV,主线,重要副线,明显但未确认,否,否,是,是,是,所核未见,范围内版本,可见宣传,无,高中生角色的胸部与身体笑料、亲吻／触摸请求、拒绝与身体接触边界被用作笑点、夸张肢体打闹、成人教师与学生之间的胸部触摸玩笑,有精确条目,2832,0.1181640625
高校舰队,high_school_fleet_tv_2016,2016 TV,主线,缺席,非恋爱,否,否,否,是,所核未见,所核未见,—,—,无,海战与实弹攻击、爆炸和沉船危险、病毒导致失控攻击、受伤与溺水威胁、幼年丧亲回忆、灾难撤离、少量洗浴／内衣及体重笑话,有精确条目,2833,0.10465116279069768
忍者椿的胸之内,kunoichi_tsubaki_no_mune_no_uchi_tv_2022,2022 TV,主线,重要副线,明显但未确认,否,否,是,是,所核未见,所核未见,—,—,主导,未成年角色的裸体／洗浴／胸部与身体笑料、性器官查验笑话、对性别气质的刻板判断、异性隔离与强制性恋爱教育、身体惩罚和轻度暴力、疾病与运动伤害、对外貌的比较和羞辱,有精确条目,2842,0.06583427922814983
恋爱小行星,koisuru_asteroid_tv_2020,2020 TV,主线,主线,明确欲望,否,是,是,是,所核未见,是,范围内版本,故事／角色页,无,未成年角色的泳装、沐浴、内衣／身体及性词笑料，偷拍和跟随同伴被当作喜剧，嫉妒、私奔、同住与“通い妻”玩笑，搬家与家庭分离压力，生病、疲劳及灾害回忆,有精确条目,2854,0.10737838466909767
偶像大师 灰姑娘女孩,the_idolmaster_cinderella_girls_tv_2015,2015 TV,主线,缺席,非恋爱,否,否,否,是,所核未见,所核未见,—,—,无,偶像行业与舞台压力、情绪崩溃及短暂退队、压力导致发热倒下、服装与身体展示的轻度性化笑料。,有精确条目,2864,0.028867899427963282
某科学的超电磁炮S OVA,toaru_kagaku_no_railgun_s_ova_2014,2014 OVA,主线,重要副线,明确欲望,否,是,是,是,所核未见,所核未见,范围内版本、原作,出版渠道、可见宣传,无,澡堂同浴、女性身体服务笑料、黑子对美琴的性感化言语与越界触摸愿望。,有精确条目,2890,0.06109851347946586
学园孤岛,gakkou_gurashi_tv_2015,2015 TV,主线,缺席,非恋爱,否,否,否,是,所核未见,所核未见,—,—,副线,僵尸末日与持续生存威胁、死亡与血腥、武器和身体恐怖、感染与失去行动控制、创伤性否认和幻觉、教师死亡、犬只感染与死亡、食物短缺、少量泳装／洗浴／内衣笑料。,有精确条目,2891,0.10496012081740526
Fate/kaleid liner 魔法少女☆伊莉雅 2wei OAD,fate_kaleid_liner_prisma_illya_2wei_oad_2015,2015 OVA,主线,重要副线,明确欲望,否,是,是,是,所核未见,是,范围内版本、原作,故事／角色页、可见宣传,副线,小学年龄角色、温泉裸身语境、女女性暗示身体交换、兄妹称谓下的单向性挑逗、成人用品与双关笑料,有精确条目,2920,0.07224334600760456
古城荆棘王,ibaranoou_king_of_thorn_movie_2010,2010 剧场动画,主线,缺席,非恋爱,否,否,否,是,所核未见,所核未见,范围内版本,访谈／评论、故事／角色页、可见宣传,无,石化病毒、怪物袭击、血腥死亡、身体恐怖、双胞胎分离、自我牺牲、身份错位、复制／替代存在与现实边界。,有精确条目,2936,0.05251312828207052
摇曳露营△ 第三季,yuru_camp_season_3_tv_2024,2024 TV,主线,缺席,非恋爱,否,否,否,是,所核未见,所核未见,范围内版本,出版渠道、故事／角色页、可见宣传,无,长途骑行、山路与吊桥、夜间露营、低温和交通安全风险；完整字幕文本未确认女女恋爱。,有精确条目,2941,0.0560289005521096
Fate/kaleid liner 魔法少女☆伊莉雅 3rei!!,fate_kaleid_liner_prisma_illya_3rei_tv_2016,2016 TV,主线,主线,明显但未确认,否,否,是,是,所核未见,所核未见,范围内版本,故事／角色页、可见宣传,无,未成年角色性化笑剧、身体与意识操纵、囚禁、战争与伤害、家庭创伤,有精确条目,2989,0.0962102413715317
舞-乙HiME 0～S.ifr～,mai_otome_0_sifr_ova_2008,2008 OVA,主线,重要副线,明显但未确认,否,否,是,是,所核未见,是,范围内版本,访谈／评论、故事／角色页、可见宣传,未知,绑架、政治阴谋与战争背景；少女军事代理与主人—侍女关系中的权力差；MAL 的 R+（Mild Nudity）数据库提示，未作画面复核。,有精确条目,3021,0.08213096559378469
暴力宇宙海贼 剧场版 亚空的深渊,mouretsu_uchuu_kaizoku_abyss_of_hyperspace_movie_2014,2014 剧场动画,重要副线,局部,明显但未确认,否,否,是,否,所核未见,是,范围内版本,故事／角色页、可见宣传,未知,宇宙追捕与战斗、未成年角色危险、威胁与强制逃离、家庭离散、服务性演出和身体笑料。,有精确条目,3023,0.053497942386831275
网球并不可笑嘛 2期,teekyu_tv_2013_s2,2013 TV,主线,缺席,非恋爱,否,否,否,是,所核未见,所核未见,范围内版本,故事／角色页、可见宣传,无,每面约两分钟的高速荒诞喜剧、夸张肢体动作、洗澡与身体笑料、竞争与追逐、第21面男性棒球部角色及第23面外星人单元。,有精确条目,3047,0.058655221745350504
神无月的巫女,kannazuki_no_miko_tv_2004,2004 TV,主线,主线,明确交往,是,是,是,是,所核未见,所核未见,—,—,并行,性侵与强行接吻、击打和压制、操纵与蓄意造成心理伤害、自伤／自杀举动、相爱者互相持械伤害、死亡献祭、灭世灾难、血与战斗伤、未成年角色裸露和性化、同性恋爱被写成“不被允许”的社会压力。,有精确条目,3063,0.19015461169362005
未确认进行式,mikakunin_de_shinkoukei_tv_2014,2014 TV,重要副线,局部,明显但未确认,否,否,是,否,所核未见,所核未见,范围内版本,访谈／评论、故事／角色页、可见宣传,主导,包办婚约与未先行同意的同居、姐妹执着及越界喜剧、性化玩笑、幼态角色置于高中语境、事故失忆和疾病／雪山救援,有精确条目,3079,0.03335255670895809
惊爆草莓,strawberry_panic_tv_2006,2006 TV,主线,主线,明确交往,是,是,是,是,是,所核未见,范围内版本,可见宣传,无,突然逼近和试图亲吻、无视反复拒绝的强迫亲密、创伤性错认、单恋与占有、情感操纵、重病与死亡、哀伤反应、骑马事故与失忆。,有精确条目,3081,0.1743002544529262
虹四动画,nijiyon_animation_tv_2023,2023 TV,主线,重要副线,明显但未确认,否,否,是,是,所核未见,所核未见,范围内版本,故事／角色页、可见宣传,无,短篇喜剧将亲密互动压缩为笑点；侑与步梦有特殊幼驯染读法；‘妹妹’游戏、竞争和恶作剧会夸张呈现关系边界。,有精确条目,3087,0.08173233474438293
Fate/kaleid liner 魔法少女☆伊莉雅,fate_kaleid_liner_prisma_illya_tv_2013,2013 TV,主线,缺席,非恋爱,否,否,否,是,所核未见,所核未见,范围内版本,故事／角色页、可见宣传,副线,儿童战斗、强制魔法契约、未成年角色性化喜剧、义兄妹单向恋爱、误认对象的接吻,有精确条目,3096,0.08052588331963846
A频道,a_channel_tv_2011,2011 TV,主线,重要副线,明显但未确认,否,否,是,是,所核未见,是,范围内版本,故事／角色页、可见宣传,无,高中生泳装与身体尺寸笑料、夸张打闹与威胁、占有式反应被当作笑点、成年男性校医对女学生的恋物化言论、未经充分协商的身体接触笑料,有精确条目,3098,0.12302227962544397
迦南,canaan_tv_2009,2009 TV,主线,主线,明显但未确认,否,否,是,是,所核未见,所核未见,范围内版本,故事／角色页、可见宣传,无,恐怖袭击、枪战与死亡、生化感染与人体实验、囚禁胁迫、创伤与心理操控,有精确条目,3103,0.05027863777089783
风灵玉秀 第二章 特别篇,feng_ling_yu_xiu_second_chapter_special_web_2024,2024 WEB,主线,主线,明显但未确认,否,否,是,是,所核未见,所核未见,范围内版本,可见宣传,未知,武侠打斗与兵器、流血和受伤、擂台冲突、阴谋、身份伪装、绑架或囚禁风险、奇幻力量失控、死亡威胁、群像叙事占比变化。,有精确条目,3106,0.14341590612777053
舞-乙HiME,mai_otome_tv_2005,2005 TV,主线,重要副线,明确欲望,否,是,是,是,所核未见,所核未见,范围内版本,可见宣传,主导,性侵或性侵未遂、未成年角色性化裸露、控制与政治暴力、朋友背叛、角色死亡与哀伤、战争、失忆、年龄及权力差关系,有精确条目,3109,0.11442415206857995
网球并不可笑嘛 4期,teekyu_tv_2015_s4,2015 TV,主线,缺席,非恋爱,否,否,否,是,所核未见,所核未见,企划、范围内版本,故事／角色页,无,高速台词、荒诞暴力和死亡笑料、身体触碰与性化玩笑、昆虫与动物威胁、电影戏仿,有精确条目,3111,0.06080206985769728
狂赌之渊××,kakegurui_xx_tv_2019,2019 TV,主线,重要副线,明确欲望,否,是,是,是,所核未见,所核未见,范围内版本,故事／角色页、可见宣传,无,赌博债务与制度性“家畜”、强迫与羞辱、拔指甲和流血、求死与高塔跳落、性化支配、偶像行业操纵及家族权力斗争。,有精确条目,3114,0.028609271523178808
非常偶像Key,key_the_metal_idol_ova_1994,1994 OVA,主线,缺席,非恋爱,否,否,否,是,所核未见,所核未见,范围内版本,故事／角色页、可见宣传,副线,枪械与机器人暴力、死亡、人体与意识实验、宗教操纵、未成年人遭控制、偶像及成人影像产业剥削、裸体与性暗示。,有精确条目,3119,0.04438807863031072
SHOW BY ROCK!! Mashumairesh!!,show_by_rock_mashumairesh_tv_2020,2020 TV,主线,重要副线,明确欲望,否,是,是,是,所核未见,所核未见,范围内版本、原作,故事／角色页、可见宣传,无,乐队竞争与演出压力、暂时疏离、被离开焦虑、行业契约压力及轻度奇幻危险。,有精确条目,3127,0.09952153110047847
千绪的通学路,chio_chan_no_tsuugakuro_tv_2018,2018 TV,主线,缺席,非恋爱,否,否,否,是,所核未见,所核未见,范围内版本,故事／角色页,副线,夸张打闹和危险特技、如厕／身体／衣着笑话、女学生对成年教师的单向心意、前暴走族相关追逐与威胁笑料、地位羞辱式喜剧,有精确条目,3136,0.023341836734693876
网球并不可笑嘛 9期,teekyu_tv_2017_s9,2017 TV,主线,重要副线,明显但未确认,否,否,是,是,所核未见,所核未见,范围内版本,故事／角色页、可见宣传,副线,高速对白、荒诞暴力、身体与性暗示笑料、袭胸提议和诅咒笑话,有精确条目,3156,0.054030874785591765
花舞少女,hanayamata_tv_2014,2014 TV,主线,重要副线,明显但未确认,否,否,是,是,所核未见,所核未见,范围内版本,故事／角色页、可见宣传,无,朋友间占有与嫉妒、言语冲突和短暂决裂、家庭对社团活动的压力、姐妹冲突与师生角色张力、官方梗概中的温泉合宿语境,有精确条目,3163,0.12217194570135746
狂赌之渊 双,kakegurui_twin_web_2022,2022 WEB,主线,主线,明显但未确认,否,否,是,是,所核未见,所核未见,范围内版本,可见宣传,副线,赌博债务、羞辱与“家畜”制度；异性配对赌局与“过夜”赌注；婚约和性别权力压力；背叛、操控与心理威吓。,有精确条目,3179,0.0681980056980057
天使降临到了我身边！Precious Friends,watashi_ni_tenshi_ga_maiorita_precious_friends_movie_2022,2022 剧场动画,主线,主线,明确欲望,否,是,是,是,是,是,范围内版本、原作,出版渠道、可见宣传,无,成年大学生对小学生的特殊关注、明显年龄差与照护边界不对等；点心、指定服装和摄影语境；旅行与夜间寻找失物风险；家庭记忆、衰老和离别感伤。,有精确条目,3196,0.09517222299073178
Suite 光之美少女♪,suite_precure_tv_2011,2011 TV,主线,缺席,非恋爱,否,否,否,是,所核未见,所核未见,范围内版本,故事／角色页,副线,幻想战斗与受伤、未成年角色遇险、欺骗与心理操纵、家庭分离、世界危机与石化。,有精确条目,3203,0.07699443413729128
网球并不可笑嘛 5期,teekyu_tv_2015_s5,2015 TV,主线,缺席,非恋爱,否,否,否,是,所核未见,所核未见,企划、范围内版本,故事／角色页、可见宣传,无,高速短片、电影戏仿、夸张吐槽、碰撞与受伤笑料、身体和内衣玩笑、轻度性暗示；仅审字幕文字。,有精确条目,3204,0.06276150627615062
网球并不可笑嘛 8期,teekyu_tv_2016_s8,2016 TV,主线,缺席,非恋爱,否,否,否,是,所核未见,所核未见,范围内版本,故事／角色页、可见宣传,无,高速短片、荒诞暴力与死亡笑料、胸部／内裤话题及未经同意的触摸台词。,有精确条目,3223,0.056179775280898875
Princess Principal Crown Handler 第2章,princess_principal_crown_handler_ch2_movie_2021,2021 剧场动画,主线,未知,未知,否,否,否,是,所核未见,所核未见,范围内版本、原作,故事／角色页、可见宣传,未知,枪械、追捕、拘留、营救、暗杀未遂、政治暴力、双重间谍、重要人物死亡与悬念式结尾。,有精确条目,3235,0.11433756805807622
樱花任务,sakura_quest_tv_2017,2017 TV,主线,缺席,非恋爱,否,否,否,是,所核未见,所核未见,范围内版本,故事／角色页、可见宣传,无,工作压力、职业受挫、地方衰退、朋友冲突、疾病与性别化婚恋压力,有精确条目,3236,0.006521030322791001
剧场版 BanG Dream! It's MyGO!!!!! 前篇 春日向阳，迷途野猫,bang_dream_its_mygo_movie_part1_2024,2024 剧场动画,主线,局部,明显但未确认,否,否,是,是,所核未见,所核未见,范围内版本,故事／角色页、可见宣传,未知,女子乐队解散创伤、归属焦虑、隐瞒与关系操控、激烈争执、情绪崩溃、总集篇未完结,有精确条目,3246,0.03585817888799355
网球并不可笑嘛 7期,teekyu_tv_2016_s7,2016 TV,主线,缺席,非恋爱,否,否,否,是,所核未见,所核未见,范围内版本,故事／角色页、可见宣传,无,高速对白、洗澡闯入、全裸、内裤、胸部与擦身笑料、夸张暴力和死亡表达、危险饮食、幽灵与混合性别集会误导,有精确条目,3251,0.05785123966942149
归宅部活动记录,kitakubu_katsudou_kiroku_tv_2013,2013 TV,主线,局部,明显但未确认,否,否,是,是,所核未见,所核未见,范围内版本,故事／角色页、可见宣传,无,喜剧化暴力、威胁与死亡玩笑；带性意味的画面或台词；性别角色扮演笑话,有精确条目,3258,0.06510934393638171
影宅,shadows_house_tv_2021,2021 TV,主线,缺席,非恋爱,否,否,否,是,所核未见,所核未见,范围内版本,故事／角色页、可见宣传,副线,主从等级、洗脑与记忆剥夺、人格去除、囚禁威胁、身体危险,有精确条目,3272,0.03271082241039323
LoveLive！虹咲学园学园偶像同好会 NEXT SKY,love_live_nijigasaki_next_sky_ova_2023,2023 OVA,主线,缺席,非恋爱,否,否,否,是,所核未见,所核未见,范围内版本,出版渠道、可见宣传,无,短期留学、学园偶像梦想受阻、离别与社团申请压力；未确认女女交往,有精确条目,3279,0.067062521830248
结城友奈是勇者 -大满开之章-,yuuki_yuuna_dai_mankai_tv_2021,2021 TV,主线,重要副线,明显但未确认,否,否,是,是,所核未见,所核未见,范围内版本,故事／角色页、可见宣传,未知,未成年人战斗、死亡与失去、记忆改写、身体代价、制度性献祭、末世威胁与情绪危机。,有精确条目,3286,0.11374795417348608
MADLAX,madlax_tv_2004,2004 TV,主线,主线,明确欲望,否,是,是,是,所核未见,所核未见,范围内版本,故事／角色页,副线,战争、枪击、暗杀、死亡、犯罪组织控制、失忆与身份碎裂、绑架、心理操纵、男性强迫求爱与身体胁迫、创伤。,有精确条目,3287,0.09297520661157024
网球并不可笑嘛 6期,teekyu_tv_2015_s6,2015 TV,主线,局部,明显但未确认,否,否,是,是,所核未见,所核未见,企划、范围内版本,故事／角色页、可见宣传,副线,高速语言、电影戏仿、夸张吐槽、身体与伤害笑料、武器笑话、情人节巧克力及剧中求婚,有精确条目,3296,0.05375552282768778
Another 第0话,another_the_other_inga_ova_2012,2012 OVA,主线,缺席,非恋爱,否,否,否,是,所核未见,所核未见,范围内版本、原作,出版渠道、可见宣传,未知,分离家庭、死亡预兆、疾病治疗与事故危险。,有精确条目,3340,0.06199210587415835
选择破坏者WIXOSS剧场版,selector_destructed_wixoss_movie_2016,2016 剧场动画,主线,未知,未知,否,否,否,是,所核未见,所核未见,范围内版本,出版渠道、故事／角色页、可见宣传,未知,社会孤立、危险游戏与高压卡牌战斗；分离、孤独与威胁性台词。,有精确条目,3354,0.08893093661305582
幸腹涂鸦,koufuku_graffiti_tv_2015,2015 TV,主线,主线,明显但未确认,否,否,是,是,所核未见,所核未见,范围内版本,故事／角色页,无,祖母去世后的独居与孤独、父母不在身边、升学压力、短暂生病与食欲不适,有精确条目,3357,0.09965943717512099
演剧星世界,world_dai_star_tv_2023,2023 TV,主线,缺席,非恋爱,否,否,否,是,所核未见,所核未见,—,—,无,舞台竞争与落选压力、人格化“Sense”的消失焦虑、儿童时期记忆与自我认同混乱、剧中剧的异性恋爱／接吻／死亡、职业年龄压力。,有精确条目,3385,0.10631320032795846
宝石幻想：光芒重现,lapis_relights_tv_2020,2020 TV,主线,缺席,非恋爱,否,否,否,是,所核未见,所核未见,范围内版本,故事／角色页、可见宣传,无,奇幻怪物袭击与危险、慢性病与失声焦虑、家庭分离与王室约束、死亡及幽灵相关内容、喜剧性的暂时年龄变化,有精确条目,3396,0.08775852431525992
网球并不可笑嘛,teekyu_tv_2012,2012 TV,主线,局部,明确欲望,否,是,是,是,所核未见,所核未见,范围内版本,故事／角色页,无,超现实肢体喜剧、内衣与身体边界笑料、泳衣／澡堂裸体笑料、高速感官负荷,有精确条目,3401,0.05216844751728473
舞-乙HiME Zwei,mai_otome_zwei_ova_2006,2006 OVA,主线,主线,明显但未确认,否,否,是,是,所核未见,所核未见,范围内版本,故事／角色页、可见宣传,未知,女性角色的裸露与性化服务场景、陨石灾害、战斗与武器、绑架和身体控制、主从契约与国家权力不对等、失踪和世界末日危机；阿莉卡与玛希萝的亲密关系可被读成恋爱，但本四话的官方文字未确认正式交往。,有精确条目,3409,0.09651741293532339
战姬绝唱SYMPHOGEAR AXZ,senki_zesshou_symphogear_axz_tv_2017,2017 TV,主线,主线,明显但未确认,否,否,是,是,所核未见,所核未见,范围内版本,故事／角色页、可见宣传,副线,高强度战斗、爆炸与重伤、死亡和创伤、战争与奴役、药物及精神控制、身体改造、大规模伤亡威胁。,有精确条目,3459,0.09718132099284812
流汗吧！健身少女,dumbbell_nan_kilo_moteru_tv_2019,2019 TV,主线,缺席,非恋爱,否,否,否,是,所核未见,所核未见,范围内版本,HTML 元数据、故事／角色页,副线,体重与身材焦虑、身体与肌肉的性化展示、泳装／服装笑料、运动过度与受伤风险笑料。,有精确条目,3512,0.04311512415349887
一杆青空,sora_iro_utility_tv_2025,2025 TV,主线,缺席,非恋爱,否,否,否,是,所核未见,所核未见,—,—,无,竞技压力与过往受挫、社交媒体关注带来的负担、未成年人参加成人社群活动、运动疲劳和天气风险。,有精确条目,3546,0.0547316384180791
这里是充满笑容的职场。,egao_no_taenai_shokuba_tv_2025,2025 TV,主线,局部,明显但未确认,否,否,是,是,所核未见,是,范围内版本,HTML 元数据、故事／角色页,无,截稿与职业焦虑、酒后纠缠笑料、自我贬抑、体重与饮食笑话、成人漫画工作话题,有精确条目,3565,0.09499867689865044
.hack//时空,hack_sign_tv_2002,2002 TV,主线,主线,明显但未确认,否,否,是,是,所核未见,所核未见,范围内版本,可见宣传,无,昏迷与住院、亲属控制与恐惧、记忆改写与身份困惑、虚拟世界中的受困、战斗威胁、孤立与严重心理痛苦,有精确条目,3569,0.03477141017385705
人马小姐不迷茫,centaur_no_nayami_tv_2017,2017 TV,主线,局部,明显但未确认,否,否,是,是,所核未见,是,范围内版本,HTML 元数据、故事／角色页,副线,卖弄身体与裸露笑料、身体与生理讨论、未成年人置于暧昧或浴室语境、族群歧视与威权政治讽喻、战争及大规模迫害暗示、儿童照护与疾病,有精确条目,3590,0.08850226928895613
冰雪奇缘：生日惊喜,frozen_fever_short_2015,2015 剧场动画,主线,缺席,非恋爱,否,否,否,是,所核未见,所核未见,范围内版本、原作,出版渠道、可见宣传,未知,感冒发热、魔法失控、生日筹备混乱、极短篇幅与快速音乐喜剧节奏。,有精确条目,3593,0.05128205128205128
对我垂涎欲滴的非人少女,watashi_wo_tabetai_hitodenashi_tv_2025,2025 TV,主线,主线,明显但未确认,否,否,是,是,是,是,范围内版本,HTML 元数据、故事／角色页,无,自杀意念与自伤威胁、家庭死亡与溺水、猎食与身体恐怖语言、对身体自主权的威胁、记忆与身份痛苦、情感操控、奇幻暴力与严重心理痛苦,有精确条目,3615,0.14386734942696902
Anne Happy♪,an_happy_tv_2016,2016 TV,主线,重要副线,明确欲望,否,是,是,是,所核未见,是,范围内版本,故事／角色页、可见宣传,无,事故、疾病、学校考核、嫉妒和敌对反应的喜剧化表达,有精确条目,3648,0.12291021671826625
女孩的钓鱼慢活,slow_loop_tv_2022,2022 TV,主线,局部,明显但未确认,否,否,是,是,所核未见,是,范围内版本,故事／角色页、可见宣传,无,父亲死亡与哀伤、重组家庭适应、性别刻板印象与同伴排斥、饮酒喜剧、成年角色关于年轻女性的喜剧性表述、儿童焦虑与家庭冲突,有精确条目,3669,0.08983654909671869
三者三叶,sansha_sanyou_tv_2016,2016 TV,主线,缺席,非恋爱,否,否,否,是,所核未见,所核未见,范围内版本,故事／角色页、可见宣传,副线,食物匮乏、贫困与大食笑料；言语冲突及一处带血服装笑料,有精确条目,3674,0.10031612223393045
普通女高中生要做当地偶像,locodol_tv_2014,2014 TV,主线,缺席,非恋爱,否,否,否,是,所核未见,所核未见,范围内版本,出版渠道、故事／角色页、可见宣传,无,女高中生泳装与温泉情境、身体羞耻笑料、演出与公众压力、服装失窃疑云,有精确条目,3676,0.11175523349436393
生存游戏社,sabagebu_tv_2014,2014 TV,主线,重要副线,明确欲望,否,是,是,是,所核未见,是,相邻版本、范围内版本,故事／角色页、可见宣传,无,性骚扰开场、玩具枪与夸张暴力笑料、欺凌与残酷玩笑、体型羞辱／节食笑料、单向追逐式亲密笑料,有精确条目,3703,0.09447576099210823
再得一胜！,mou_ippon_tv_2023,2023 TV,主线,重要副线,明显但未确认,否,否,是,是,所核未见,所核未见,范围内版本,HTML 元数据、故事／角色页、可见宣传,无,柔道对抗与受伤、比赛失利、学业与家庭期待压力、性别角色笑谈,有精确条目,3708,0.05226480836236934
看得见的女孩,mieruko_chan_tv_2021,2021 TV,主线,缺席,非恋爱,否,否,否,是,所核未见,所核未见,范围内版本,出版渠道、故事／角色页、可见宣传,无,异形与怪诞恐怖、威胁和惊吓、围绕“看得见”的孤立与嘲弄、含女高中生身体与内衣相关的喜剧性台词、丧亲和动物伤害指控主题。,有精确条目,3716,0.0158282920361316
Urara迷路帖,urara_meirochou_tv_2017,2017 TV,主线,重要副线,明显但未确认,否,否,是,是,所核未见,所核未见,相邻版本、范围内版本,其他位置、故事／角色页、可见宣传,无,浴场／泳装画面、饮酒后失态的喜剧桥段、占术与怪异威胁、寻母与童年分离、童年女女亲吻被说成魔法问候,有精确条目,3727,0.12240491612688922
普通女高中生要做当地偶像 OVA,locodol_ova_2015,2015 OVA,主线,重要副线,明显但未确认,否,否,是,是,所核未见,所核未见,范围内版本,出版渠道、可见宣传,无,圣诞生日、夜访、共浴邀请、留宿话题与地方宣传拍摄。,有精确条目,3728,0.13069908814589665
Fate/kaleid liner 魔法少女☆伊莉雅 OAD,fate_kaleid_liner_prisma_illya_oad_2014,2014 OVA,主线,缺席,非恋爱,否,否,否,是,所核未见,所核未见,范围内版本、原作,故事／角色页、可见宣传,无,小学部运动会、成人威胁与“侧室”误会笑料、针对儿童角色的“性感”台词与性化笑料、厕所急迫笑料、竞技压力与过度训练,有精确条目,3747,0.07896051974012994
咲日和 OAD,saki_biyori_oad_2015,2015 OVA,主线,缺席,非恋爱,否,否,否,是,所核未见,所核未见,企划、范围内版本、原作,出版渠道、可见宣传,无,女性群像日常、泳装和猫耳玩笑、庆生与团队活动。,有精确条目,3747,0.12039312039312039
空之音,sora_no_woto_tv_2010,2010 TV,主线,缺席,非恋爱,否,否,否,是,所核未见,所核未见,相邻版本、范围内版本,故事／角色页、可见宣传,副线,战争与军事占领、枪炮威胁、战争创伤与丧失、敌国偏见、疾病与儿童遇险、关于不伦与非婚生育的回忆叙事,有精确条目,3763,0.020634314100114636
加奈日记,kanamemo_tv_2009,2009 TV,主线,重要副线,明确欲望,否,是,是,是,所核未见,是,范围内版本,故事／角色页、可见宣传,无,亲人去世、无住处与未成年人工作处境；年长角色对未成年角色的性骚扰和性化幻想作为反复笑料；饮酒；浴场、泳池与服务性画面,有精确条目,3788,0.12600776351149598
不良少女,bad_girl_tv_2025,2025 TV,主线,主线,明显但未确认,否,否,是,是,是,是,相邻版本、范围内版本,访谈／评论、其他位置、故事／角色页、可见宣传,无,追逐与嫉妒笑料、未经邀请的贴近与主从玩笑、性暗示用语、姐妹依恋竞争、夸张暴力笑料,有精确条目,3801,0.1077954898911353
Princess Principal Crown Handler 第3章,princess_principal_crown_handler_ch3_movie_2023,2023 剧场动画,主线,重要副线,明显但未确认,否,否,是,是,所核未见,所核未见,范围内版本、原作,故事／角色页、可见宣传,无,枪械、潜入、王位继承危机、暗杀阴谋、政治暴力、身份伪装、儿童权力压力与悬念结尾。,有精确条目,3817,0.11655405405405406
剧场版 高校舰队,high_school_fleet_movie_2020,2020 剧场动画,主线,主线,明显但未确认,否,否,是,是,所核未见,所核未见,范围内版本,故事／角色页、可见宣传,未知,海上武装战斗、炮击爆炸、舰船危险、儿童被卷入危险、强制劳动与救援行动、密集海事术语。,有精确条目,3825,0.0850753524550316
战姬绝唱SYMPHOGEAR GX,senki_zesshou_symphogear_gx_tv_2015,2015 TV,主线,主线,明显但未确认,否,否,是,是,所核未见,所核未见,范围内版本,故事／角色页、可见宣传,未知,高强度战斗、爆炸、重伤与死亡、身体控制和改造、家庭创伤、战争与世界毁灭威胁。,有精确条目,3830,0.09419311276164753
"Wake Up, Girls!",wake_up_girls_tv_2014,2014 TV,主线,缺席,非恋爱,否,否,否,是,所核未见,所核未见,企划、范围内版本,故事／角色页、可见宣传,副线,未成年偶像的暴露工作与男性顾客接吻要求、偶像恋爱禁令、羞辱与解雇、事务所剥削、流言、团体冲突,有精确条目,3850,0.0163558106169297
江户前精灵,edomae_elf_tv_2023,2023 TV,主线,缺席,非恋爱,否,否,否,是,所核未见,所核未见,相邻版本、范围内版本,故事／角色页、可见宣传,无,长寿与历史失落、赌博和金钱困扰的喜剧描写、未成年人的考试焦虑,有精确条目,3851,0.048856145792943
奇蛋物语,wonder_egg_priority_tv_2021,2021 TV,主线,重要副线,明确欲望,否,是,是,是,所核未见,所核未见,范围内版本,故事／角色页、可见宣传,副线,未成年人自杀与自伤、校园霸凌、性暴力与成人侵害的叙述、身体意象与血腥战斗、饮食障碍和身体羞辱、家庭冲突、宠物死亡、跨性别角色遭受污名、哀伤与疑似师生越界。,有精确条目,3852,0.045584787705131545
Alice in Deadly School,alice_in_deadly_school_ova_2021,2021 OVA,主线,主线,明显但未确认,否,否,是,是,所核未见,所核未见,范围内版本,出版渠道、可见宣传,无,校园丧尸灾难、咬伤、血迹、武器、爆炸、死亡与失去。,有精确条目,3860,0.05903527717782577
你的光芒 ～牵牛花与加濑同学。～,asagao_to_kase_san_web_2017,2017 WEB 短篇,主线,主线,明显但未确认,否,否,是,是,所核未见,是,范围内版本,故事／角色页、可见宣传,未知,英语字幕为主体未标的歌词轨，未作视听复核；不要将 2018 年 OVA 或漫画内容倒灌进本短片。,有精确条目,3864,0.16143701682582992
和谐,harmony_movie_2015,2015 剧场动画,主线,主线,明确欲望,否,是,是,是,所核未见,所核未见,范围内版本,可见宣传,无,自杀、死亡、性暴力相关叙述、意识控制、战争与枪声。,有精确条目,3891,0.08123249299719888
电影 Love Live! 虹咲学园校园偶像同好会 完结篇 第1章,love_live_nijigasaki_final_chapter_part_1_movie_2024,2024 剧场动画,主线,重要副线,明显但未确认,否,否,是,是,所核未见,所核未见,范围内版本,故事／角色页、可见宣传,无,个人排名与公开投票压力、伙伴间竞争与退出焦虑、亲子赞助公平冲突、旧搭档失和与修复、未确认的女女浪漫指向,有精确条目,3907,0.07298410829899941
猫神八百万,nekogami_yaoyorozu_tv_2011,2011 TV,主线,重要副线,明确交往,是,是,是,是,所核未见,是,范围内版本,出版渠道、故事／角色页、可见宣传,副线,泳装与身体暴露笑料、赌博与财务失当笑料、失亲与宠物离别、包办婚约与分离焦虑、超自然威胁,有精确条目,3922,0.046448825276802594
终末的伊泽塔,shuumatsu_no_izetta_tv_2016,2016 TV,主线,主线,明显但未确认,否,否,是,是,所核未见,所核未见,—,—,副线,战争与占领、枪炮及轰炸、军民死亡、处决与灭口、异端审问和火刑叙述、人体实验与克隆、致命自我牺牲、政治宣传和对超常力量的工具化、身体化笑料与沐浴／更衣画面。,有精确条目,3923,0.12193748239932413
SHOW BY ROCK!!,show_by_rock_tv_2015,2015 TV,主线,重要副线,明显但未确认,否,否,是,是,所核未见,是,企划、范围内版本,故事／角色页、可见宣传,无,怪物袭击与危险、操控或腐化、乐队冲突与短暂分离、可能离别带来的情绪压力。,有精确条目,4005,0.05179282868525897
雏逻辑 ～from Luck & Logic～,hina_log_tv_2017,2017 TV,主线,主线,明确欲望,否,是,是,是,所核未见,所核未见,相邻版本、范围内版本,故事／角色页、可见宣传,无,幻想战斗与危机；学生之间未先商量的亲吻；魔法造成的短暂情感失常笑料；学校场景与轻度服务性画面,有精确条目,4016,0.1382001836547291
联盟空军航空魔法音乐队 光辉魔女,luminous_witches_tv_2022,2022 TV,主线,缺席,非恋爱,否,否,否,是,所核未见,所核未见,范围内版本,出版渠道、故事／角色页、可见宣传,无,战争与流离失所、军队纪律、受伤与失去魔力、与使魔分离、少量身体暴露笑料,有精确条目,4018,0.09389895138226882
寒蝉鸣泣之时 业,higurashi_gou_tv_2020,2020 TV,主线,主线,明确欲望,否,是,是,是,所核未见,所核未见,范围内版本,出版渠道、故事／角色页、可见宣传,无,恐怖、惨剧循环、谋杀与身体伤害；精神崩溃、家庭暴力、监禁和儿童受害；关系中的执着、操纵与权力失衡。,有精确条目,4043,0.01603395425607168
百合星人奈绪子,yuri_seijin_naoko_san_ova_2010,2010 OVA,主线,未知,未知,否,否,否,是,是,所核未见,相邻版本,可见宣传,无,猥亵者／色狼事件、幼女性化、色情书刊、下半身、阴茎、阉割、触手及姐弟生殖器笑话。,有精确条目,4044,0.08559670781893004
CAROLE & TUESDAY,carole_and_tuesday_tv_2019,2019 TV,主线,缺席,非恋爱,否,否,否,是,所核未见,所核未见,范围内版本,故事／角色页、可见宣传,无,跟踪式追随、家庭控制与隔离、反移民政治与拘留、职业压力、亲子冲突、疾病与丧失、威胁及非血腥暴力。,有精确条目,4075,0.02922242927325089
踏切时间,fumikiri_jikan_tv_2018,2018 TV,重要副线,重要副线,明确欲望,否,是,是,否,所核未见,是,范围内版本,故事／角色页、可见宣传,副线,未获确认的女女告白与关系尴尬、男性对女高中生的性化评论、学生角色,有精确条目,4115,0.04834761321909425
选择扩散者WIXOSS,selector_spread_wixoss_tv_2014,2014 TV,主线,主线,明确欲望,否,是,是,是,所核未见,是,范围内版本,访谈／评论、可见宣传,副线,高压卡牌战斗与强制规则、暴力与身体伤害、记忆丧失与身份置换、操控与虐待、晶—乌莉丝关系中的伤害和依赖、花代／游月—香月的近亲恋爱欲望、孤独与自我危险。,有精确条目,4121,0.08274647887323944
Re:Stage！Dream Days♪,re_stage_dream_days_tv_2019,2019 TV,主线,主线,明显但未确认,否,否,是,是,所核未见,是,范围内版本,HTML 元数据、故事／角色页,无,中学生偶像与公开舞台压力、社团存废与竞赛焦虑、家长反对演艺活动、家庭期待与姐妹冲突、喜剧性潜入与误导情报。,有精确条目,4125,0.08427601809954752
骇客娃娃,hacka_doll_tv_2015,2015 TV,重要副线,缺席,非恋爱,否,否,否,否,所核未见,所核未见,范围内版本,出版渠道、故事／角色页,副线,性暗示与洗浴笑料、局部裸露、性别变形与“男の娘”表述、儿童单向求婚、身体故障与伤害、职场和御宅文化戏仿,有精确条目,4126,0.024377176533619073
猫神八百万OVA,nekogami_yaoyorozu_ova_2012,2012 OVA,主线,未知,未知,否,否,否,是,所核未见,所核未见,企划、范围内版本,出版渠道、可见宣传,副线,废弃医院与幽灵、脱衣猜拳和身体暴露笑料、男方梦境亲吻叙述；未作画面复核。,有精确条目,4160,0.08075221238938053
初瓣,hitohira_tv_2007,2007 TV,主线,主线,明显但未确认,否,否,是,是,所核未见,所核未见,范围内版本,访谈／评论、故事／角色页,副线,严重社交焦虑与失语、强势社团招募、慢性声带疾病与健康风险、校园冲突、朋友分离、单向告白与拒绝。,有精确条目,4195,0.08706786171574904
虹四动画 第二季,nijiyon_animation_season_2_tv_2024,2024 TV,主线,重要副线,明显但未确认,否,否,是,是,所核未见,所核未见,范围内版本,出版渠道、故事／角色页、可见宣传,无,短篇喜剧把亲密互动压缩成笑点；第 2 话的共伞与信件有浪漫读法；第 1、6、11 话的胜利之路是幻想层。,有精确条目,4227,0.08103896103896104
若叶女孩,wakaba_girl_tv_2015,2015 TV,主线,缺席,非恋爱,否,否,否,是,所核未见,所核未见,范围内版本,HTML 元数据、可见宣传,副线,泳装与身材笑料、性别气质和选美笑话、BL 游戏话题、轻微夸张喜剧,有精确条目,4244,0.1015746285207363
SHOW BY ROCK!! STARS!!,show_by_rock_stars_tv_2021,2021 TV,主线,局部,明显但未确认,否,否,是,是,所核未见,所核未见,范围内版本,故事／角色页、可见宣传,未知,奇幻袭击、误判与拘押、竞赛和演出压力、家庭紧急情况、公共冲突与音乐都市危机。,有精确条目,4263,0.11547619047619048
D4DJ First Mix,d4dj_first_mix_tv_2020,2020 TV,主线,缺席,非恋爱,否,否,否,是,所核未见,所核未见,范围内版本,故事／角色页、可见宣传,无,学业与舞台压力、家庭限制、短暂失和、住宿与洗浴笑料、竞演焦虑,有精确条目,4286,0.06703146374829001
心跳！光之美少女,doki_doki_precure_tv_2013,2013 TV,主线,主线,明显但未确认,否,否,是,是,所核未见,是,范围内版本,故事／角色页,副线,幻想战斗与受伤、未成年角色遇险、情绪操控与独占、记忆操控、家庭分离与告别、局部异性恋爱支线。,有精确条目,4288,0.07841981132075472
呼唤少女特别篇 想做的事到底是什么,shoujo_yobidashi_special_web_2026,2026 WEB,主线,缺席,非恋爱,否,否,否,是,所核未见,所核未见,范围内版本、原作,可见宣传,无,校园喜剧中的身体部位特写、贴近和轻度性化玩笑；数学与社团压力；结尾为后续正篇留下悬念。,有精确条目,4322,0.06795747911921032
BanG Dream! Episode of Roselia Ⅱ : Song I am.,bang_dream_episode_of_roselia_2_song_i_am_movie_2021,2021 剧场动画,主线,局部,明显但未确认,否,否,是,是,所核未见,所核未见,范围内版本,出版渠道、故事／角色页、可见宣传,无,竞赛压力、团队焦虑与意见分歧；亚子对燐子说出“I love you”，但关系语境与相互性未确认恋爱。,有精确条目,4329,0.04522015073383578
选择感染者WIXOSS,selector_infected_wixoss_tv_2014,2014 TV,主线,缺席,非恋爱,否,否,否,是,所核未见,所核未见,范围内版本,访谈／评论、故事／角色页、可见宣传,副线,高压许愿游戏、心理痛苦与绝望、记忆丧失和社交隔离、霸凌与公开羞辱、身体／身份置换、近亲恋爱欲望、暴力与自我危险,有精确条目,4400,0.08269746339451434
少女爱上姐姐,otome_wa_boku_ni_koishiteru_tv_2006,2006 TV,主线,缺席,非恋爱,否,否,否,是,所核未见,所核未见,范围内版本,故事／角色页、可见宣传,主导,性别隐瞒与女装、由隐瞒形成的恋爱张力、台词提及舞台／意外亲密接触、抢劫与暴力威胁、死亡与幽灵角色。,有精确条目,4427,0.08004851425106124
动作女主 水果应援团,action_heroine_cheer_fruits_tv_2017,2017 TV,主线,重要副线,明显但未确认,否,否,是,是,所核未见,所核未见,范围内版本,故事／角色页,无,舞台事故风险、自我否定、团队争执、自然灾害与交通危机,有精确条目,4434,0.07810650887573964
迷你百合,mini_yuri_web_2019,2019 WEB 短篇,未知,未知,未知,否,否,否,否,所核未见,所核未见,范围内版本,可见宣传,未知,未记录,有精确条目,4479,0.11894543225015328
萤子,hotaruko_ova_2003,2003 OVA,主线,主线,明确欲望,否,是,是,是,所核未见,是,范围内版本,故事／角色页、可见宣传,未知,18 禁成人向、性暴力与同意状态复杂、亲属关系与操纵、邪教献祭、血腥恐怖和身体伤害。,有精确条目,4488,0.10372608257804633
怪兽娘（黑）～奥特怪兽拟人化计划～,kaijuu_girls_black_movie_2018,2018 剧场动画,主线,缺席,非恋爱,否,否,否,是,所核未见,所核未见,范围内版本,故事／角色页、可见宣传,无,怪兽拟人化、变身、超能力失控、侵略计划、阵营战斗、城市危机与特摄式夸张破坏。,有精确条目,4498,0.07482993197278912
稻荷恋之歌,inari_konkon_koi_iroha_tv_2014,2014 TV,主线,重要副线,明确欲望,否,是,是,是,所核未见,所核未见,相邻版本、范围内版本,出版渠道、故事／角色页、可见宣传,主导,中学生单恋与拒绝、包办相亲压力、校园排斥与同侪冲突、变身造成的身份混乱、超自然危机与分离焦虑、带性化意味的喜剧,有精确条目,4499,0.018196856906534328
超次元游戏 海王星,hyperdimension_neptunia_tv_2013,2013 TV,主线,缺席,非恋爱,否,否,否,是,所核未见,所核未见,范围内版本,可见宣传,副线,战斗、囚禁与人身威胁；成人向裸露／泳装、越界身体笑料及单向追求笑料。,有精确条目,4524,0.07446988973706531
邪神与厨二病少女 X,jashin_chan_dropkick_x_tv_2022,2022 TV,主线,重要副线,明显但未确认,否,否,是,是,所核未见,所核未见,范围内版本,故事／角色页、可见宣传,未知,反复肢解、酷刑、出血与身体再生的黑色喜剧；强制召唤、被迫同居和谋杀企图；债务、强制劳动和经济剥削；恶魔、天使、吸血鬼与死亡情节；裸露、泳装、性化笑点及地方宣传段落中的边界笑料。,有精确条目,4576,0.06010072747621712
女恶魔人,devilman_lady_tv_1998,1998 TV,主线,主线,明确交往,是,是,是,是,所核未见,是,范围内版本,故事／角色页、可见宣传,副线,怪物袭击、变身、死亡与血腥画面；绑架、囚禁和机构控制；药物致昏迷、束缚及失去或难以行使同意时的性化触碰；裸体与性行为；心理胁迫、背叛、丧亲与绝望。,有精确条目,4577,0.07569721115537849
在地下城寻求邂逅是否搞错了什么 外传 剑姬神圣谭,sword_oratoria_tv_2017,2017 TV,主线,重要副线,明显但未确认,否,否,是,是,所核未见,所核未见,范围内版本,HTML 元数据、故事／角色页,副线,地下城战斗、怪物袭击、伤亡危险、谋杀未遂、少量身体玩笑、单向理想化与嫉妒,有精确条目,4594,0.017443340972752738
LoveLive! Sunshine!! 学园偶像 电影 彩虹彼端,love_live_sunshine_movie_2019,2019 剧场动画,主线,缺席,非恋爱,否,否,否,是,所核未见,所核未见,范围内版本,出版渠道、可见宣传,副线,毕业与团体分离、三年级成员失联、家庭对未来的安排压力、离别和重聚。,有精确条目,4596,0.04223901098901099
小林家的龙女仆 怕寂寞的龙,kobayashi_maid_dragon_movie_2025,2025 剧场动画,主线,重要副线,明显但未确认,否,否,是,是,所核未见,所核未见,范围内版本,出版渠道、可见宣传,无,家庭分离、龙族战争、战斗、儿童角色卷入危险、性化笑料与暗示性对白。,有精确条目,4610,0.037162857731109736
一个人的○○小日子,hitoribocchi_no_marumaru_seikatsu_tv_2019,2019 TV,主线,缺席,非恋爱,否,否,否,是,所核未见,所核未见,—,—,无,严重社交焦虑与回避、紧张引发呕吐或倒下的笑料、幼驯染以绝交为条件的约定、反复害怕被朋友抛下、校园出丑与摔倒、因外貌而令人畏惧的教师。,有精确条目,4611,0.09642041127189642
D4DJ All Mix,d4dj_all_mix_tv_2023,2023 TV,主线,缺席,非恋爱,否,否,否,是,所核未见,所核未见,范围内版本,故事／角色页、可见宣传,无,服务义务、地区活动与舞台压力、创作分歧、合宿和温泉情境。,有精确条目,4614,0.07677356656948493
NULL & PETA,null_and_peta_tv_2019,2019 TV,主线,缺席,非恋爱,否,否,否,是,所核未见,所核未见,企划、范围内版本,访谈／评论、故事／角色页、可见宣传,无,儿童交通事故与昏迷、误认姐姐死亡、孤独与虚拟世界不安、学校回避、科幻喜剧暴力。,有精确条目,4621,0.07994842037395229
虎子,hyakko_tv_2008,2008 TV,主线,局部,明确欲望,否,是,是,是,所核未见,所核未见,范围内版本,故事／角色页,副线,肢体恶作剧与校园闹剧、外貌／摄影笑料、学生角色间性玩笑与意外亲吻、单向男方恋爱笑料、家庭冲突与离家情节,有精确条目,4626,0.10673665791776028
高校舰队 OVA,high_school_fleet_ova_2017,2017 OVA,主线,缺席,非恋爱,否,否,否,是,所核未见,所核未见,范围内版本,出版渠道、可见宣传,无,校园军事训练与舰艇背景、旧船受损、班级解散传闻、分离焦虑、密令与请愿压力、喜剧性夸张。,有精确条目,4627,0.1109391124871001
红壳的潘多拉,koukaku_no_pandora_movie_2015,2015 剧场动画,主线,主线,明显但未确认,否,否,是,是,所核未见,所核未见,范围内版本,出版渠道、故事／角色页、可见宣传,无,全身义体、武装机器人、爆炸与动作暴力、身体与性暗示笑料。,有精确条目,4668,0.09715025906735751
Happy Sugar Life,happy_sugar_life_tv_2018,2018 TV,主线,主线,明确交往,是,是,是,是,所核未见,是,范围内版本,故事／角色页、可见宣传,副线,高中生与年幼儿童的恋爱化关系、诱拐与对外隔绝、家庭暴力与遗弃、勒索和操纵、跟踪、肢体伤害、杀人和尸体处理、纵火、性暴力及对未成年人的性化欲望、共同赴死提议、死亡。,有精确条目,4680,0.15405961865544715
白沙的水族馆,shiroi_suna_no_aquatope_tv_2021,2021 TV,主线,缺席,非恋爱,否,否,否,是,所核未见,所核未见,范围内版本,可见宣传,无,童年丧亲与哀伤、失去居所与水族馆闭馆、职业挫败与工作压力、家人疾病住院、孤立与情绪困扰、饮酒。,有精确条目,4708,0.06983455175067334
末日列车去哪里？,shuumatsu_train_doko_e_iku_tv_2024,2024 TV,主线,缺席,非恋爱,否,否,否,是,所核未见,所核未见,—,—,无,末日灾变、青少年长期失联、危险旅行与战斗、身体变形、蘑菇寄生、僵尸、流血与死亡威胁、记忆篡改、精神控制、粗俗笑话和家庭冲突。,有精确条目,4742,0.059880239520958084
RIN×SEN＋Ran→Sem Cross Mix,rin_sen_ran_sem_cross_mix_ova_2013,2013 OVA,局部,局部,明确欲望,否,是,是,否,所核未见,所核未见,范围内版本,HTML 元数据,副线,成人色情、教团控制、威胁与强迫、姐妹性化互动、多人性行为、性奴役设定与怀孕焦虑。,有精确条目,4786,0.03611859838274933
爆裂天使,burst_angel_tv_2004,2004 TV,主线,主线,明显但未确认,否,否,是,是,所核未见,所核未见,范围内版本,故事／角色页,无,枪战、爆炸、绑架与拘束、人体实验、政治暴力、未成年人反复置于危险中。,有精确条目,4790,0.11990407673860912
海底娇娃蓝华,aika_ova_1997,1997 OVA,重要副线,缺席,非恋爱,否,否,否,否,所核未见,是,相邻版本、范围内版本、原作,故事／角色页、可见宣传,副线,成人向性感宣传、动作冲突、囚禁、胁迫与越界亲属欲望,有精确条目,4801,0.04280701754385965
碧蓝航线：微速前行！,azur_lane_bisoku_tv_2021,2021 TV,主线,局部,明显但未确认,否,否,是,是,所核未见,所核未见,范围内版本,故事／角色页,未知,指挥官指向的约会与占有台词、泡澡及身体笑料、短暂失忆误会。,有精确条目,4818,0.035543996532293023
女皇之刃 王座的继承者,queens_blade_s2_tv_2009,2009 TV,主线,重要副线,明确欲望,否,是,是,是,所核未见,所核未见,企划、范围内版本,出版渠道、故事／角色页,副线,成人向裸露与性化呈现、非自愿触摸与羞辱、战斗伤害／死亡／石化、精神控制与附身、姐妹间单向占有欲、异性婚姻与家庭分离。,有精确条目,4818,0.05436991869918699
森田同学很沉默 2,morita_san_wa_mukuchi_2_tv_2011,2011 TV,主线,局部,明确欲望,否,是,是,是,所核未见,是,范围内版本,故事／角色页、可见宣传,副线,未成年角色的恋爱告白、男性同学的性化妄想、疾病与交通事故误会笑料,有精确条目,4830,0.05286343612334802
天体的秩序,sora_no_method_tv_2014,2014 TV,主线,缺席,非恋爱,否,否,否,是,所核未见,所核未见,范围内版本,故事／角色页、可见宣传,无,亲人死亡与哀伤、记忆缺失与身份困惑、朋友冲突与和解、掌掴、情绪困扰与分离、角色暂时消失。,有精确条目,4841,0.10096103073186187
暗与帽子与书之旅人,yami_to_boushi_to_hon_no_tabibito_tv_2003,2003 TV,主线,主线,明确欲望,否,是,是,是,所核未见,是,范围内版本,故事／角色页、可见宣传,副线,无血缘姊妹欲望、睡眠状态下靠近嘴唇且接触／同意未确认、分离与嫉妒、奇幻暴力、性化呈现,有精确条目,4850,0.1559967585089141
女皇之刃 美丽女斗士们,queens_blade_beautiful_warriors_ova_2010,2010 OVA,主线,局部,明显但未确认,否,否,是,是,所核未见,所核未见,企划、范围内版本,出版渠道、可见宣传,未知,成人向裸露与性化呈现、战斗伤害、魔法控制与拘束、强迫处境、姐妹关系中的占有、生命力吸取和阵营操纵。,有精确条目,4867,0.04721362229102167
女高中生的腰技,joshikousei_no_koshitsuki_ova_2013,2013 OVA,未知,未知,未知,否,否,否,否,所核未见,所核未见,—,—,未知,公开分级显示成人向内容；MAL 简介提及女学生与男性对象的成人向欲望情境，未作逐场复核。,有精确条目,4887,0.026633165829145728
夏色奇迹,natsuiro_kiseki_tv_2012,2012 TV,主线,缺席,非恋爱,否,否,否,是,所核未见,所核未见,范围内版本,可见宣传,副线,分离焦虑、身体互换与魔法造成的失控／贴近、单向异性恋误会、风暴与遇险。,有精确条目,4897,0.07102564102564103
轮回的拉格朗日 鸭川日常,lagrange_kamogawa_days_ova_2012,2012 OVA,主线,局部,明显但未确认,否,否,是,是,所核未见,所核未见,范围内版本、原作,出版渠道、可见宣传,无,科幻与机甲背景、远距离分隔、友情与恋爱式玩笑并置,有精确条目,4903,0.09396751740139211
人渣的本愿,kuzu_no_honkai_tv_2017,2017 TV,重要副线,重要副线,明确欲望,否,是,是,否,所核未见,是,范围内版本,故事／角色页、可见宣传,主导,高中年龄角色的性内容与裸露、师生及前师生边界、非互惠情感被利用、亲密场景中同意与拒绝难以判断、重叠恋爱关系与出轨、言语性骚扰、失恋与情绪痛苦。,有精确条目,4912,0.007154169624815685
BLUE DROP 天使们的戏曲,blue_drop_tv_2007,2007 TV,主线,主线,明确交往,是,是,是,是,所核未见,所核未见,范围内版本,故事／角色页、可见宣传,无,科幻侵略与战争、灾难和死亡背景、威胁与肢体攻击、幸存者创伤、分离与牺牲风险,有精确条目,4937,0.18930041152263374
女子高中生,girls_high_tv_2006,2006 TV,主线,局部,明确交往,是,是,是,是,所核未见,所核未见,范围内版本,故事／角色页、可见宣传,副线,内衣、身体检查、泳装、月经及身体／性话题笑料；男女交往、师生搭讪语境与跟随进洗手间的紧张设置；流言、姐妹冲突与外貌评价,有精确条目,4942,0.04718137254901961
转生成为了只有乙女游戏破灭Flag的邪恶大小姐,hamefura_tv_2020,2020 TV,重要副线,重要副线,明确欲望,否,是,是,否,所核未见,是,范围内版本,故事／角色页、可见宣传,并行,阶级霸凌、绑架与非法拘禁、虚假指控及流放或处刑威胁、魔法伤害、占有与嫉妒被喜剧化、收养义姐弟恋爱候选,有精确条目,4956,0.03668036557688769
强袭魔女 剧场版 501部队起飞！,strike_witches_501_takeoff_movie_2019,2019 剧场动画,主线,重要副线,明显但未确认,否,否,是,是,所核未见,所核未见,范围内版本、原作,出版渠道、故事／角色页,无,架空战争、战斗危险、夸张伤势、裸体、内衣式服装与身体笑料,有精确条目,4958,0.10909090909090909
你遭难了吗？,sounan_desu_ka_tv_2019,2019 TV,主线,缺席,非恋爱,否,否,否,是,所核未见,所核未见,范围内版本,可见宣传,无,求生险境、脱水与落水救援、捕猎和食用动物／昆虫、救急口腔接触与侵入性补水笑料、体液和卫生话题、学生角色的身体与衣物相关笑料,有精确条目,4965,0.0941808596918086
伯纳德小姐说。,bernard_jou_iwaku_tv_2016,2016 TV,重要副线,缺席,非恋爱,否,否,否,否,所核未见,所核未见,范围内版本,故事／角色页、可见宣传,副线,高密度文学梗、以文学为话题的死亡与暴力、肢体闹剧及尖锐吐槽、局部单向异性好感。,有精确条目,4986,0.04477611940298507
强袭魔女 501部队起飞！,strike_witches_501_takeoff_tv_2019,2019 TV,主线,重要副线,明确欲望,否,是,是,是,所核未见,所核未见,范围内版本,故事／角色页、可见宣传,无,架空战争、军事训练、身体服务性喜剧、裸体与内衣式服装、洗浴和身体接触笑料、前后辈压力。,有精确条目,5013,0.07876049063912201
群花绽放，彷如修罗,hana_wa_saku_shura_no_gotoku_tv_2025,2025 TV,主线,主线,明显但未确认,否,否,是,是,所核未见,所核未见,范围内版本,故事／角色页、可见宣传,副线,家庭控制与短暂限制行动、亲人离散带来的情绪困扰、校园竞赛压力、严厉批评与人际冲突。,有精确条目,5018,0.05565843621399177
战姬绝唱SYMPHOGEAR,senki_zesshou_symphogear_tv_2012,2012 TV,主线,主线,明显但未确认,否,否,是,是,所核未见,所核未见,范围内版本,故事／角色页、可见宣传,无,灾害与战斗、死亡与哀伤、身体伤害、操控与阴谋、心理痛苦、学校遇袭,有精确条目,5081,0.08968444362428492
LoveLive! Sunshine!!,love_live_sunshine_tv_2016,2016 TV,主线,主线,明显但未确认,否,否,是,是,所核未见,所核未见,范围内版本,可见宣传,无,废校与前途压力、旧友疏离和自责、能力焦虑、喜剧化肢体碰撞及泳装／更衣画面。,有精确条目,5104,0.051182628925940284
少女爱上姐姐 2人的Elder THE ANIMATION,otome_wa_boku_ni_koi_shiteru_2_ova_2012,2012 OVA,重要副线,重要副线,明显但未确认,否,否,是,否,是,是,范围内版本,可见宣传,主导,未记录,有精确条目,5118,0.053896576839038604
长骑美眉,long_riders_tv_2016,2016 TV,主线,缺席,非恋爱,否,否,否,是,所核未见,所核未见,范围内版本,HTML 元数据、故事／角色页,无,长距离骑行的疲劳、饥饿与天气暴露；自行车活动的道路安全风险,有精确条目,5122,0.0855222968845449
真・恋姬无双～少女大乱～,shin_koihime_musou_otome_ran_tv_2010,2010 TV,主线,重要副线,明显但未确认,否,否,是,是,所核未见,所核未见,范围内版本,访谈／评论、故事／角色页、可见宣传,未知,历史幻想与战斗、性化服装和身体笑料、强迫服药与囚禁、性化威胁语句、妖术变形、追杀和群体暴力。,有精确条目,5126,0.1271276595744681
地下城里的人们,dungeon_no_naka_no_hito_tv_2024,2024 TV,主线,缺席,非恋爱,否,否,否,是,所核未见,所核未见,范围内版本,故事／角色页、可见宣传,无,地下城奇幻战斗、死亡与复活设定、亲人失踪与早年丧失、犯罪团伙的同伴杀害、工作权力差与雇佣关系。,有精确条目,5127,0.04926108374384237
斯特拉的魔法,stella_no_mahou_tv_2016,2016 TV,主线,缺席,非恋爱,否,否,否,是,所核未见,所核未见,范围内版本,故事／角色页、可见宣传,无,创作截止压力、人物自我怀疑、恋爱／性别转换／攻受配对玩笑、活动前紧张与轻度校园喜剧,有精确条目,5137,0.10409385921118322
LoveLive! Sunshine!! 第二季,love_live_sunshine_season_2_tv_2017,2017 TV,主线,缺席,非恋爱,否,否,否,是,所核未见,所核未见,范围内版本,可见宣传,无,毕业、学校关闭与团体分离压力；成员冲突、竞争与修复；舞台演出和竞赛压力；对未来道路的焦虑。,有精确条目,5162,0.04698614751029577
贫穷姐妹物语,binbou_shimai_monogatari_tv_2006,2006 TV,主线,缺席,非恋爱,否,否,否,是,所核未见,所核未见,范围内版本,故事／角色页、可见宣传,无,贫困与儿童承担劳动、父母缺席与丧亲、疾病及住院焦虑。,有精确条目,5170,0.05558337506259389
剧场版 Fate/kaleid liner 魔法少女☆伊莉雅 Licht 无名的少女,fate_kaleid_liner_prisma_illya_licht_movie_2021,2021 剧场动画,重要副线,缺席,非恋爱,否,否,否,否,所核未见,所核未见,范围内版本,故事／角色页、可见宣传,副线,魔法战斗、战争创伤、囚禁、牺牲、死亡与人物工具化。,有精确条目,5183,0.05281173594132029
赛马娘四格,umayon_tv_2020,2020 TV 短篇,主线,缺席,非恋爱,否,否,否,是,所核未见,所核未见,范围内版本,可见宣传,无,竞技与校园喜剧、轻度摔倒和追逐笑料、拟人化赛马设定、试胆与悬疑剧场、角色较多且单集关系短暂。,有精确条目,5193,0.05120481927710843
魔法纪录 魔法少女小圆外传,magia_record_tv_2020,2020 TV,主线,缺席,非恋爱,否,否,否,是,所核未见,所核未见,范围内版本,故事／角色页,无,魔法战斗、伤害与死亡风险、疾病和失散、记忆操控、组织招募、家庭忽视与情绪困境,有精确条目,5244,0.06233112829590981
4个人各自有着自己的秘密,yonin_wa_sorezore_uso_wo_tsuku_tv_2022,2022 TV,主线,缺席,非恋爱,否,否,否,是,所核未见,是,范围内版本,出版渠道、故事／角色页、可见宣传,无,性别呈现与身分隐瞒、记忆处理、夸张科幻威胁、未成年角色危险处境、带性／青春期暗示的喜剧。,有精确条目,5245,0.047505938242280284
灼热乒乓妹,shakunetsu_no_takkyuu_musume_tv_2016,2016 TV,主线,主线,明显但未确认,否,否,是,是,所核未见,所核未见,范围内版本,故事／角色页、可见宣传,无,竞技压力与败北、运动伤痛、身体和内衣笑料、胸部相关笑话,有精确条目,5296,0.12202236266407389
轮回的拉格朗日 第二季,lagrange_season_2_tv_2012,2012 TV,主线,主线,明显但未确认,否,否,是,是,所核未见,所核未见,范围内版本,故事／角色页,副线,机甲战斗、宇宙战争、政治冲突、城市与地球级灾害、离别、失忆、背叛、危险实验和关系误解,有精确条目,5298,0.1076555023923445
裤袜视界,miru_tights_web_2019,2019 WEB,主线,缺席,非恋爱,否,否,否,是,所核未见,所核未见,范围内版本,出版渠道、故事／角色页、可见宣传,无,裤袜／足部和身体部位服务性表现、带性意味的双关、身体接触笑料、男学生与教师的性化幻想喜剧。,有精确条目,5299,0.03136531365313653
Love Live! Superstar!!,love_live_superstar_season_1_tv_2021,2021 TV,主线,主线,明显但未确认,否,否,是,是,所核未见,所核未见,—,—,无,舞台恐惧与惊恐反应、童年霸凌、学校停办与财务压力、丧亲、家庭对学业和返乡的压力、网络评价与竞赛挫败、过度训练和中暑风险。,有精确条目,5328,0.05895709999189036
蓝色星夜,parade_parade_ova_1996,1996 OVA,主线,主线,明确交往,是,是,是,是,所核未见,所核未见,原作,出版渠道,无,成人向露骨性描写、双性体身体设定、秘密勒索、无视拒绝的性接触、把人作为收藏品或赌注、演艺行业权力胁迫与多人性暴力、经理／艺人与支配／服从关系中的权力不对等。,有精确条目,5329,0.10323886639676114
刀剑神域外传 Gun Gale Online,sword_art_online_alternative_gun_gale_online_tv_2018,2018 TV,主线,局部,明确欲望,否,是,是,是,所核未见,所核未见,范围内版本,故事／角色页、可见宣传,副线,虚拟枪战与重复模拟死亡、现实自伤／自杀威胁、跟踪和束缚、亲密关系中的威胁与暴力、性化玩笑与亲密边界的模糊描写,有精确条目,5330,0.013256738842244807
顺其自然的日子,dounika_naru_hibi_movie_2020,2020 剧场动画,重要副线,重要副线,明确交往,是,是,是,否,所核未见,是,范围内版本,故事／角色页、可见宣传,并行,四段恋爱群像、第一段触摸乳房的提及与拒绝性语气、男校师生关系语境、同居表姐与少年、青春期身体变化。,有精确条目,5346,0.07196495619524405
第三飞行少女队,third_flight_girls_ova_2015,2015 OVA,主线,重要副线,明显但未确认,否,否,是,是,所核未见,所核未见,范围内版本,出版渠道、可见宣传,无,空战、战斗、军事武器、人员伤亡与死亡／离别情绪；失忆、救援与同室安排。未作画面复核。,有精确条目,5375,0.04420731707317073
时光碎片,fragtime_theatrical_ova_2019,2019 剧场 OVA,主线,主线,明确交往,是,是,是,是,所核未见,是,范围内版本,故事／角色页、可见宣传,副线,非自愿窥视与掀裙、以泄露秘密相要挟、未经预先协商的接吻与脱衣、公开身体暴露、同学的性化议论和流言、前任出轨、社交孤立、自我否定与激烈争吵。,有精确条目,5410,0.18933333333333333
漫研部～妄想突变～,aimai_mi_mousou_catastrophe_tv_2014,2014 TV,主线,缺席,非恋爱,否,否,否,是,所核未见,所核未见,范围内版本,出版渠道、可见宣传,无,夸张暴力与死亡、威胁、粗俗及性暗示笑料、声优贞洁传闻与“处女厨”话题。,有精确条目,5427,0.04677268475210477
森田同学很沉默,morita_san_wa_mukuchi_tv_2011,2011 TV,主线,局部,明显但未确认,否,否,是,是,所核未见,所核未见,范围内版本,故事／角色页、可见宣传,副线,男同学对女学生的性化妄想、校服与身体笑料、泳池／浴衣笑料、父母婚姻争吵及成人娱乐场所提及。,有精确条目,5446,0.0630891950688905
Princess Principal Crown Handler 第4章,princess_principal_crown_handler_ch4_movie_2025,2025 剧场动画,主线,未知,未知,否,否,否,是,所核未见,所核未见,范围内版本,故事／角色页,未知,拘捕、监视、双重间谍、身份伪装与政治压力；未作影片画面复核。,有精确条目,5447,0.09460834181078331
Fate/kaleid liner 魔法少女☆伊莉雅 Prisma☆Phantasm,fate_kaleid_liner_prisma_phantasm_ova_2019,2019 OVA,重要副线,缺席,非恋爱,否,否,否,否,所核未见,所核未见,范围内版本,故事／角色页、可见宣传,无,闹剧暴力、受伤与危险竞赛、未成年角色性化笑点、性别转换戏仿、露骨性用语和身体双关。,有精确条目,5449,0.05509771603484813
本田小狼与我,super_cub_tv_2021,2021 TV,主线,缺席,非恋爱,否,否,否,是,所核未见,所核未见,范围内版本,HTML 元数据、故事／角色页,无,摩托车道路风险、冰冷溪流落水与严寒暴露、未成年主角的无父母生活和经济压力,有精确条目,5477,0.025384101536406144
SHOW BY ROCK!! 第二季,show_by_rock_season_2_tv_2016,2016 TV,主线,局部,明显但未确认,否,否,是,是,所核未见,所核未见,范围内版本,故事／角色页,未知,奇幻危机、乐队竞演、临时分离与返乡压力、公开演出压力、水上活动与身体展示、音乐都市遭袭。,有精确条目,5485,0.06393054459352802
黑岩射手,black_rock_shooter_ova_2010,2010 OVA,主线,缺席,非恋爱,否,否,否,是,所核未见,所核未见,范围内版本,出版渠道、故事／角色页、可见宣传,无,心理创伤、社会孤立、友情破裂与失踪、平行世界战斗、枪炮刀刃伤害、死亡／自毁或自伤意象。,有精确条目,5488,0.0750816104461371
花粉少女注意报,kafun_shoujo_ova_2008,2008 OVA,重要副线,重要副线,明确欲望,否,是,是,否,所核未见,所核未见,范围内版本,出版渠道,并行,成人向色情内容、露骨性描写、群体性行为、女性与男性欲望并置、花粉袭击设定及可能的同意不清；未作画面复核。,有精确条目,5503,0.06088173547935619
机动战士高达 水星的魔女,gundam_witch_from_mercury_season_1_tv_2022,2022 TV,主线,主线,明确交往,是,是,是,是,所核未见,是,范围内版本,故事／角色页,副线,强制婚约与决斗所有权制度、校园霸凌和阶级歧视、企业胁迫与政治暴力、人体实验、父母操纵、战争与死亡、结尾出现具冲击力的碾压死亡及核心关系创伤。,有精确条目,5507,0.07606314252008314
魔法少女什么的已经够了啦。第二季,mahou_shoujo_mou_ii_2_tv_2016,2016 TV,主线,重要副线,明显但未确认,否,否,是,是,所核未见,所核未见,范围内版本,可见宣传,无,泳装变身、窥视与身体笑料、吉祥物越界玩笑、幽灵及溺水危险,有精确条目,5511,0.10738987986894795
轮回的拉格朗日,rinne_no_lagrange_tv_2012,2012 TV,主线,主线,明确欲望,否,是,是,是,所核未见,所核未见,范围内版本,出版渠道、故事／角色页、可见宣传,无,机甲战斗、城镇与平民危险、背叛和分离、童年溺水记忆,有精确条目,5523,0.08565310492505353
放学后的昴星团 网络放送版,houkago_no_pleiades_web_2011,2011 WEB,主线,未知,未知,否,否,否,是,所核未见,所核未见,范围内版本,可见宣传,未知,未成年人卷入魔法与宇宙险境、学校与世界受威胁、朋友冲突、短篇叙事信息有限,有精确条目,5535,0.060240963855421686
超次元游戏 海王星 ～涅普的暑假～,hyperdimension_neptunia_summer_ova_2020,2020 OVA,主线,缺席,非恋爱,否,否,否,是,所核未见,所核未见,范围内版本,可见宣传,无,异次元迷路、动作战斗、被捕风险、泳装及轻度性化笑料,有精确条目,5567,0.05757575757575758
诗片,uta_kata_tv_2004,2004 TV,主线,主线,明显但未确认,否,否,是,是,所核未见,所核未见,相邻版本、范围内版本,故事／角色页、可见宣传,副线,未成年人受超自然试炼与操控、心理困扰、进食困难、自杀风险、成人—未成年人权力差、危险与受伤、变身／沐浴呈现。,有精确条目,5589,0.13979933110367893
红白黑黄 第四季,rwby_volume_4_web_2016,2016 WEB,主线,缺席,非恋爱,否,否,否,是,所核未见,所核未见,范围内版本,可见宣传,副线,幻想战斗、伤残与创伤、角色死亡、歧视与政治暴力、家庭控制、Blake—Sun 异性吸引／追求语境,有精确条目,5620,0.037430167597765365
真・恋姬无双～少女大乱～ OVA,shin_koihime_musou_ova_2011,2011 OVA,主线,未知,未知,否,否,否,是,所核未见,所核未见,范围内版本,可见宣传,未知,校园祭群像、历史戏仿、轻度裸露与性化笑料。,有精确条目,5622,0.10725075528700906
MyGO!!!!!成员的日常生活,bang_dream_mygo_members_daily_web_2022,2022 WEB,主线,缺席,非恋爱,否,否,否,是,所核未见,所核未见,范围内版本,可见宣传,未知,极短篇喜剧、食物与季节活动、成员吐槽和近距离玩笑；本档案不混入 TV 动画的冲突与关系发展。,有精确条目,5631,0.05866376969038566
秋日天空 ～梦之中～,akisora_yume_no_naka_ova_2010,2010 OVA,重要副线,重要副线,明确欲望,否,是,是,否,所核未见,所核未见,范围内版本,出版渠道,主导,成人色情、亲姐弟乱伦、单向女女告白、嫉妒、边界与同意争议；未作视频复核。,有精确条目,5632,0.05853119823302043
PANDRA 白き欲望 黒の希望 THE ANIMATION,pandra_white_desire_black_hope_ova_2014,2014 OVA,未知,未知,未知,否,否,否,否,所核未见,所核未见,范围内版本,出版渠道,未知,成人向色情、裸露、身体性化呈现，以及公开资料无法核对的强迫、羞辱、暴力和同意状态。,有精确条目,5667,0.06989247311827956
犬神同学和猫山同学,inugami_san_to_nekoyama_san_tv_2014,2014 TV,主线,主线,明确欲望,否,是,是,是,是,是,企划、范围内版本,HTML 元数据、故事／角色页、可见宣传,无,高中生角色的性暗示与身体笑料、越界式追求、木天蓼茶的边界模糊前提、疾病与照护,有精确条目,5668,0.16830332787779595
CROSS ANGE 天使与龙的轮舞,cross_ange_tv_2014,2014 TV,主线,重要副线,明确欲望,否,是,是,是,所核未见,所核未见,范围内版本,故事／角色页、可见宣传,主导,系统性歧视、战争与死亡、霸凌羞辱、性化台词、身体边界与权力不对等情境、强迫婚姻／追求、囚禁与暴力,有精确条目,5691,0.028221314519123655
不受欢迎之家,himote_house_tv_2018,2018 TV,主线,未知,非恋爱,否,否,否,是,所核未见,所核未见,范围内版本,出版渠道、故事／角色页、可见宣传,无,成人恋爱与性话题笑料、相席联谊、饮酒与宿醉、澡堂裸露／搓背／按摩、超现实与元叙事。,有精确条目,5705,0.04739336492890995
宇宙海贼萨拉,space_pirate_sara_ova_2008,2008 OVA,主线,主线,明确欲望,否,是,是,是,所核未见,所核未见,范围内版本,可见宣传,副线,成人向露骨性描写、囚禁、性暴力、强迫、群体性行为、futanari 与同意状态不明。,有精确条目,5720,0.05283605283605284
冰雪奇缘2,frozen_2_movie_2019,2019 剧场动画,主线,缺席,非恋爱,否,否,否,是,所核未见,所核未见,范围内版本,可见宣传,副线,家庭分离与失落、父母遗产、森林与海洋危险、洪水威胁、殖民历史与战争责任、异性恋求婚。,有精确条目,5723,0.036286919831223625
桃华月惮,touka_gettan_tv_2007,2007 TV,重要副线,重要副线,明确欲望,否,是,是,否,所核未见,是,范围内版本,HTML 元数据、故事／角色页、可见宣传,主导,奇幻暴力、死亡与失落、胁迫及失去自主、性化呈现、姐妹间单向恋爱与性化欲望、未获回应的追求与占有式语言,有精确条目,5728,0.05317769130998703
机甲少女 FRAME ARMS GIRL,frame_arms_girl_tv_2017,2017 TV,主线,缺席,非恋爱,否,否,否,是,所核未见,所核未见,范围内版本,故事／角色页、可见宣传,未知,玩具机器人战斗、身体与内衣笑料、二手资料称的突然亲吻、商品化与物化语境、疾病照料与轻度恐怖笑料。,有精确条目,5729,0.06236243580337491
突击莉莉Fruits,assault_lily_fruits_web_2021,2021 WEB 短篇,主线,主线,明确欲望,否,是,是,是,所核未见,是,范围内版本,出版渠道、故事／角色页、可见宣传,无,迷你单元喜剧、轻度战斗训练、身体笑料、婚礼化与占有式玩笑。,有精确条目,5738,0.1458551941238195
真・恋姬无双 OVA,shin_koihime_musou_ova_2010,2010 OVA,主线,缺席,非恋爱,否,否,否,是,所核未见,所核未见,范围内版本、原作,可见宣传,无,泳装、裸露、强制脱衣、胸部与性化身体笑料、巨大章鱼危机,有精确条目,5750,0.10131712259371833
少女☆寸剧 All Starlight,shoujo_sunjik_all_starlight_web_2019,2019 WEB,主线,缺席,非恋爱,否,否,否,是,所核未见,所核未见,范围内版本,故事／角色页、可见宣传,无,舞台竞演、夸张恶作剧、摔角式身体喜剧；与手游企划绑定但不纳入手游剧情。,有精确条目,5760,0.0794392523364486
转生王女与天才千金的魔法革命,tensei_oujo_to_tensai_reijou_no_mahou_kakumei_tv_2023,2023 TV,主线,主线,明确欲望,否,是,是,是,所核未见,是,范围内版本,故事／角色页,副线,公开羞辱与政治婚约解除；权力斗争与魔法战斗伤害；亲吻前未见明确口头确认（仅字幕语境）,有精确条目,5775,0.18762069315987398
失忆融合WIXOSS,lostorage_conflated_wixoss_tv_2018,2018 TV,主线,主线,明显但未确认,否,否,是,是,所核未见,是,范围内版本,故事／角色页、可见宣传,副线,高压卡牌战斗、记忆丧失、人格／身体转换、绑架、操控、暴力、创伤关系及近亲恋爱欲望前史。,有精确条目,5776,0.08557951482479785
红壳的潘多拉,koukaku_no_pandora_tv_2016,2016 TV,主线,主线,明显但未确认,否,否,是,是,所核未见,所核未见,范围内版本,出版渠道、故事／角色页、可见宣传,无,全身义体、人工智能、恐怖袭击、机器人战斗、爆炸、性化笑料、机械身体相关台词与身体边界冒犯。,有精确条目,5793,0.13079746413079746
One Off,one_off_ova_2012,2012 OVA,主线,未知,未知,否,否,否,是,所核未见,所核未见,范围内版本,出版渠道、故事／角色页、可见宣传,未知,高原乡镇、父母旅店、夜间骑行、海边出行与同学音乐创作；仅作英语字幕文本复核。,有精确条目,5800,0.06692160611854685
Anima Yell!,anima_yell_tv_2018,2018 TV,主线,重要副线,明确欲望,否,是,是,是,所核未见,所核未见,范围内版本,故事／角色页、可见宣传,无,高空训练与失误风险、恐高与比赛压力、旧队友冲突、未成年学生计划向年长女性家庭教师告白。,有精确条目,5802,0.10340314136125654
Music S.T.A.R.T!!,music_start_ova_2013,2013 OVA,未知,未知,未知,否,否,否,否,所核未见,所核未见,范围内版本,可见宣传,未知,本集没有可审计剧情、字幕或视听材料，不提供未经证据支持的内容细节,有精确条目,5807,0.07067510548523206
竞女,keijo_tv_2016,2016 TV,主线,重要副线,明确欲望,否,是,是,是,所核未见,所核未见,范围内版本,出版渠道、故事／角色页、可见宣传,副线,性化身体竞技、泳装与成人玩笑、身体冲撞和受伤、嫉妒与竞争。,有精确条目,5817,0.07162480376766091
真・恋姬无双,shin_koihime_musou_tv_2009,2009 TV,主线,局部,明确欲望,否,是,是,是,所核未见,所核未见,范围内版本,故事／角色页、可见宣传,未知,战斗、盗贼、绑架与威胁；性化服装、裸露暗示和身体笑料；妖术与群体冲突。,有精确条目,5833,0.11507479861910241
绯色战姬,vividred_operation_tv_2013,2013 TV,主线,主线,明显但未确认,否,否,是,是,所核未见,所核未见,范围内版本,可见宣传,无,未成年战斗与重伤、世界毁灭和亲人丧失、校园排挤、不登校，以及裸身／共同洗浴／身体话题；未复核视觉呈现。,有精确条目,5846,0.13394713394713395
女生爱女生,kashimashi_girl_meets_girl_tv_2006,2006 TV,主线,主线,明确交往,是,是,是,是,所核未见,是,范围内版本,可见宣传,副线,性别转换与身体重建、三角竞争、拒绝与分手、视觉障碍与心理危机、接吻及誓约语境、男性单向追求与性化凝视笑料。,有精确条目,5865,0.13553826199740596
无畏魔女,brave_witches_tv_2016,2016 TV,主线,局部,明确欲望,否,是,是,是,所核未见,所核未见,范围内版本,出版渠道、故事／角色页、可见宣传,无,战争、空战、少女参战、负伤与死亡威胁、姐妹照护责任、喜剧式单向女女约会提议。,有精确条目,5870,0.09751359751359752
魔法少女什么的已经够了啦。,mahou_shoujo_mou_ii_tv_2016,2016 TV,重要副线,重要副线,明显但未确认,否,否,是,否,所核未见,所核未见,范围内版本、原作,可见宣传,无,泳装变身、未成年角色身体展示、性化笑料、身体边界冒犯、记忆操纵与过劳喜剧。,有精确条目,5912,0.08770301624129931
爱吃拉面的小泉同学,ramen_koizumi_tv_2018,2018 TV,主线,主线,明显但未确认,否,否,是,是,所核未见,是,范围内版本,故事／角色页、可见宣传,副线,跟随式追逐、反复邀约被拒、把拉面激情与亲密关系并置、同学和男性邀约笑料、无确认的双向恋爱。,有精确条目,5916,0.1007886646170298
雏子的笔记,hinako_note_tv_2017,2017 TV,主线,重要副线,明显但未确认,否,否,是,是,所核未见,所核未见,范围内版本,故事／角色页、可见宣传,无,高中生泳装与服装笑料、夸张肢体喜剧、崇拜和吃醋被处理成喜剧、社交紧张与舞台压力。,有精确条目,5919,0.1082012405237767
紧扣的星星,kuttsukiboshi_ova_2010,2010 OVA,主线,主线,明确交往,是,是,是,是,是,是,范围内版本,出版渠道、故事／角色页,副线,成人向性内容、体育仓库禁闭、同意边界不对等、兄妹间性欲望与家庭边界侵犯、重病与死亡、背叛、威胁、离别。,有精确条目,5923,0.2153153153153153
BanG Dream!,bang_dream_tv_2017,2017 TV,主线,缺席,非恋爱,否,否,否,是,所核未见,所核未见,范围内版本,故事／角色页、可见宣传,无,舞台失误、同伴压力、家庭责任与现场演出竞争。,有精确条目,5926,0.07307147912243454
爆音少女!!,bakuon_tv_2016,2016 TV,主线,局部,明确欲望,否,是,是,是,所核未见,所核未见,范围内版本,出版渠道、故事／角色页、可见宣传,无,摩托车风险、服务性展示、酒后越界言谈与师生权力差。,有精确条目,5958,0.07684729064039408
世界魔女 起飞！,world_witches_hasshin_tv_2021,2021 TV,主线,重要副线,明确欲望,否,是,是,是,所核未见,所核未见,范围内版本,故事／角色页、可见宣传,无,架空战争、战斗危险、军队命令与训练压力、裸露及内衣式制服、洗浴与身体笑料、姐妹离别和受伤威胁,有精确条目,5966,0.06438127090301003
我家的女仆太烦人了！,maid_dragon_tv_2018,2018 TV,主线,主线,明确欲望,否,是,是,是,所核未见,是,范围内版本,访谈／评论、故事／角色页,无,成年女性对小学女孩的欲望与求婚、雇佣和照护权力差、反复越界与拒绝、丧亲、受虐倾向喜剧,有精确条目,5976,0.10484090290998097
前辈是男孩子,senpai_is_an_otokonoko_tv_2024,2024 TV,缺席,未知,未知,否,否,否,否,所核未见,是,范围内版本,故事／角色页、可见宣传,并行,性别表达压力、家庭中的期待与沟通、告白后的拒绝与疏远、三角关系。,有精确条目,5988,0.029740243443342956
企鹅娘,penguin_musume_web_2008,2008 WEB,主线,重要副线,明确欲望,否,是,是,是,所核未见,所核未见,范围内版本,可见宣传,副线,高频恶搞、卖肉、暴露、性暗示、身体笑料、单向追求、性别错认、学校战斗与绑架式闹剧,有精确条目,5998,0.12048192771084337
黑岩射手,black_rock_shooter_tv_2012,2012 TV,主线,主线,明确欲望,否,是,是,是,所核未见,是,范围内版本,出版渠道、故事／角色页、可见宣传,无,校园孤立与欺凌、嫉妒和关系控制、失踪、异世界战斗、枪炮刀刃伤害、自伤与死亡意象。,有精确条目,6034,0.08960305597076898
满溢的水果挞,ochifuru_tv_2020,2020 TV,主线,重要副线,明确欲望,否,是,是,是,所核未见,是,范围内版本、原作,HTML 元数据、故事／角色页、可见宣传,无,偶像活动压力、宿舍拆除危机、对衣乃的过度追随、内衣和身体笑料、未成年角色的性化喜剧、姐妹冲突与团队竞争。,有精确条目,6069,0.09066164154103852
森田同学很沉默 OVA,morita_san_wa_mukuchi_ova_2011,2011 OVA,主线,局部,明确欲望,否,是,是,是,所核未见,所核未见,企划,出版渠道,副线,男学生的旁观、取向猜测与妄想；脸颊亲吻、膝枕及山本的带性意味措辞。,有精确条目,6072,0.07909090909090909
满月之战,granbelm_tv_2019,2019 TV,主线,主线,明显但未确认,否,否,是,是,所核未见,所核未见,范围内版本,故事／角色页、可见宣传,无,魔法机甲竞赛、少女受伤与淘汰、记忆／存在操控、家族压力、嫉妒、牺牲与开放性结尾。,有精确条目,6078,0.11030927835051546
风灵玉秀 第二章,feng_ling_yu_xiu_second_chapter_web_2023,2023 WEB,重要副线,重要副线,明显但未确认,否,否,是,否,所核未见,是,范围内版本,可见宣传,无,武侠打斗与兵器、流血和重伤、阴谋与多方势力、伪装、囚禁风险、奇幻力量失控、离别与重逢压力、群像线注意力转移。,有精确条目,6091,0.15841073271413827
遥的接球,harukana_receive_tv_2018,2018 TV,主线,局部,明确欲望,否,是,是,是,所核未见,所核未见,范围内版本,故事／角色页、可见宣传,无,比赛与训练压力、身高和自信问题、泳装与身体服务性画面、表姐妹之间的恋爱表现、搭档竞争与失败。,有精确条目,6123,0.10257151112395262
剧偶像,gekidol_tv_2021,2021 TV,主线,重要副线,明确欲望,否,是,是,是,所核未见,所核未见,范围内版本,出版渠道、故事／角色页、可见宣传,无,突然接吻、灾难与失忆、非人 Doll、死亡与监视、剧团权力冲突。,有精确条目,6144,0.06943883730318934
恋姬无双 OVA,koihime_musou_ova_2009,2009 OVA,主线,局部,明确欲望,否,是,是,是,所核未见,所核未见,范围内版本、原作,可见宣传,无,未成年角色泳装、裸露／露乳、走光、性化笑料、骚扰、强吻奖品与溺水险情。,有精确条目,6150,0.11122554067971163
迦希女王不会放弃,jahy_sama_tv_2021,2021 TV,主线,重要副线,明显但未确认,否,否,是,是,所核未见,是,范围内版本,故事／角色页、可见宣传,无,贫困与低薪劳动、上下级权力差、战斗、性化笑点。,有精确条目,6152,0.017455391776570985
极上生徒会,gokujou_seitokai_tv_2005,2005 TV,主线,重要副线,明显但未确认,否,否,是,是,所核未见,所核未见,范围内版本、原作,故事／角色页、可见宣传,副线,校园谣言、嫉妒、权力与照护不对称、短暂男性交往与相亲喜剧。,有精确条目,6169,0.10927835051546392
BanG Dream! Episode of Roselia Ⅰ：约定,bang_dream_episode_of_roselia_promise_movie_2021,2021 剧场动画,主线,缺席,非恋爱,否,否,否,是,所核未见,所核未见,范围内版本,出版渠道、可见宣传,无,竞赛与练习压力、严厉争执、能力差距与自我怀疑、姐妹比较压力、高强度舞台演出与较长音乐段落。,有精确条目,6209,0.03934540389972145
我的百合乃工作是也！,watashi_yuri_wa_oshigoto_tv_2023,2023 TV,主线,重要副线,明确交往,是,是,是,是,是,是,范围内版本,故事／角色页、可见宣传,无,角色扮演与现实感情混淆、单向恋爱与嫉妒、公开表演中的争执、过往恋人关系破裂、校园排斥与孤独、对“恋爱会破坏群体”的争论。,有精确条目,6211,0.18321979204015776
吸血鬼之爱,vlad_love_web_2021,2021 WEB,主线,主线,明确欲望,否,是,是,是,所核未见,是,范围内版本、原作,访谈／评论、故事／角色页、可见宣传,副线,吸血与失血、身体边界笑点、催眠和成人研究权力、追捕暴力、家族强加婚约。,有精确条目,6219,0.0736052508204407
猫咪日常,nyanko_days_tv_2017,2017 TV 短篇,主线,缺席,非恋爱,否,否,否,是,所核未见,所核未见,范围内版本,可见宣传,无,极短篇日常喜剧、猫咪拟人外观、友子与あづみ的亲密友情、猫咪争吵与和好；第 1–8 话日文、第 9–12 话英文字幕均有覆盖。,有精确条目,6263,0.09038530788620813
歌愈少女,healer_girl_tv_2022,2022 TV,主线,局部,明显但未确认,否,否,是,是,所核未见,所核未见,范围内版本,故事／角色页、可见宣传,无,医疗与手术支援、考试压力、师徒权力差异、嫉妒和短暂分离。,有精确条目,6309,0.07596785975164354
茜色少女,akanesasu_shoujo_tv_2018,2018 TV,主线,主线,明确欲望,否,是,是,是,所核未见,所核未见,范围内版本、原作,出版渠道、故事／角色页、可见宣传,无,平行世界灾难与战斗、哥哥失踪和创伤、强制婚约、泳装／内衣与身体发育笑料及TV／手机游戏边界。,有精确条目,6347,0.07114493712772998
月影特工,release_the_spyce_tv_2018,2018 TV,主线,重要副线,明确欲望,否,是,是,是,所核未见,所核未见,范围内版本,故事／角色页,无,间谍行动与暴力、药物控制、绑架和人口贩卖背景、假背叛、死亡误导、记忆消除、师徒分离,有精确条目,6406,0.11518753843000615
女皇之刃 流浪的战士,queens_blade_wandering_tv_2009,2009 TV,主线,重要副线,明确欲望,否,是,是,是,所核未见,所核未见,企划、范围内版本,出版渠道、可见宣传,副线,成人向裸露与身体性化、战斗伤害、监禁和魔法支配、性骚扰与带情色意味的强迫接触、姐妹关系中的单向性化欲望与控制行为,有精确条目,6414,0.05619146722164412
灵感少女！,rekan_tv_2015,2015 TV,主线,缺席,非恋爱,否,否,否,是,所核未见,所核未见,范围内版本,故事／角色页、可见宣传,未知,灵异、死亡与告别主题、校园喜剧；未作视频复核。,有精确条目,6427,0.12153518123667377
魔法少女艾丽娜,mahou_shoujo_erena_2011,2011 OVA,主线,未知,未知,否,否,否,是,所核未见,所核未见,范围内版本,可见宣传,未知,成人向；未作正片核验。,有精确条目,6436,0.06645898234683281
指名！,cue_tv_2022,2022 TV,主线,重要副线,明显但未确认,否,否,是,是,所核未见,所核未见,范围内版本,出版渠道、故事／角色页、可见宣传,无,试镜与职业压力、成员竞争、家庭期待、被拒绝的异性婚约安排、离开与留学。,有精确条目,6480,0.04947773501924134
转生成为了只有乙女游戏破灭Flag的邪恶大小姐X,hamefura_x_tv_2021,2021 TV,重要副线,重要副线,明确欲望,否,是,是,否,所核未见,是,范围内版本,故事／角色页、可见宣传,并行,绑架与非法拘禁、黑暗魔法、家庭创伤、嫉妒与占有式玩笑、婚约及多角告白、角色对过去创伤的回忆。,有精确条目,6506,0.04279015240328253
星灵感应,stardust_telepath_tv_2023,2023 TV,主线,重要副线,明显但未确认,否,否,是,是,所核未见,是,范围内版本,故事／角色页、可见宣传,未知,社交焦虑、退学与不登校压力、竞赛失败、家庭与祖父回忆、外星人设定及额头相碰的情绪读取。,有精确条目,6557,0.15115163147792707
莉可丽丝,lycoris_recoil_tv_2022,2022 TV,主线,主线,明显但未确认,否,否,是,是,所核未见,所核未见,—,—,无,枪战与恐怖袭击、秘密组织利用未成年少女、濒死与人工心脏、绑架和人质、家庭式操控、杀人与拒绝杀人的伦理冲突、角色间肢体打斗。,有精确条目,6605,0.1303359122030798
暂停！让我查攻略,pause_let_me_check_walkthrough_web_2022,2022 WEB,主线,主线,明显但未确认,否,否,是,是,所核未见,所核未见,范围内版本,故事／角色页、可见宣传,无,现实职场过劳、异世界战斗与喜剧化暴力、角色数据覆盖和人格消失风险、师徒／教学关系及年龄与经验差异。,有精确条目,6637,0.055347091932457786
约会大作战 赤黑新章：红或白,date_a_bullet_nightmare_queen_ova_2021,2021 OVA,主线,主线,明确欲望,否,是,是,是,所核未见,所核未见,范围内版本,故事／角色页、可见宣传,无,战斗、杀戮游戏、血迹、死亡威胁、报复、女性角色性化设计；字幕文本已核对，未作视频视听复核。,有精确条目,6650,0.013924050632911392
citrus～柑橘味香气～,citrus_tv_2018,2018 TV,主线,主线,明确交往,是,是,是,是,是,是,范围内版本,HTML 元数据、可见宣传,副线,没有预先询问或伴随挣扎声的接吻、亲密动作中的非语言／不明确许可、师生权力利用、工具性婚约、以照片胁迫接触陌生成年人、因父母再婚形成的继姐妹恋爱、嫉妒与操纵、针对同性欲望的污名化措辞、涉及未成年角色的性话题。,有精确条目,6662,0.18540632266985105
打了300年的史莱姆，不知不觉就练到了满级,slime_300years_tv_2021,2021 TV,主线,局部,明显但未确认,否,否,是,是,所核未见,所核未见,范围内版本,故事／角色页、可见宣传,无,异世界战斗、亲子式照料、家庭成员加入，以及对亲吻和交往的喜剧化玩笑。,有精确条目,6666,0.09066932782094234
海物语～有你陪伴～,umi_monogatari_tv_2009,2009 TV,主线,主线,明确欲望,否,是,是,是,所核未见,是,范围内版本,故事／角色页、可见宣传,副线,姐妹分离与操控、黑暗力量附身、战斗和牺牲威胁、异性分手与复合。,有精确条目,6671,0.13739946380697052
女皇之刃 女王败北,queens_blade_vanquished_ova_2013,2013 OVA,主线,缺席,非恋爱,否,否,否,是,所核未见,所核未见,相邻版本、原作,出版渠道、可见宣传,副线,成人向裸露与持续性化、战斗伤害、囚禁、药物或诅咒控制、奴役训练、强迫接触、羞辱性支配、复仇与死亡威胁。,有精确条目,6684,0.06054421768707483
杀戮公主,murder_princess_ova_2007,2007 OVA,主线,未知,未知,否,否,否,是,所核未见,所核未见,范围内版本,出版渠道、故事／角色页,未知,政变、护卫遇害、战斗暴力、坠崖、身体／灵魂交换与身份错位。,有精确条目,6723,0.11270236612702367
如果烧陶的话也做个马克杯吧 二番窑,yakunara_mugcup_second_season_tv_2021,2021 TV 短篇,主线,重要副线,明显但未确认,否,否,是,是,所核未见,所核未见,范围内版本,故事／角色页、可见宣传,无,创作压力、比赛失落、亡母记忆与家庭传承,有精确条目,6767,0.055323590814196244
あらいめんとゆーゆー THE ANIMATION,alignment_yuyu_animation_ova_2008,2008 OVA,重要副线,重要副线,明确欲望,否,是,是,否,所核未见,所核未见,原作,出版渠道,并行,成人向露骨性描写、鬼魂与校园设定、女性间性化互动、异性恋慕、变性／双性特征、触手及可能的同意状态不明；未作画面复核。,有精确条目,6774,0.09703504043126684
放学后桌游俱乐部,saikoro_club_tv_2019,2019 TV,主线,未知,未知,否,否,否,是,所核未见,是,范围内版本,故事／角色页、可见宣传,副线,社交退缩与孤独、校园排斥、温泉与泳装情境、亲子沟通压力、比赛与公开活动的紧张感、局部单向好感,有精确条目,6783,0.04223826714801444
刀使的巫女,toji_no_miko_tv_2018,2018 TV,主线,主线,明显但未确认,否,否,是,是,所核未见,所核未见,范围内版本,故事／角色页、可见宣传,未知,刀剑战斗、死亡与牺牲、荒魂控制、家族创伤、分离与重逢。,有精确条目,6897,0.11238383401772206
红白黑黄 第五季,rwby_volume_5_web_2017,2017 WEB,主线,重要副线,明确欲望,否,是,是,是,所核未见,所核未见,范围内版本,可见宣传,副线,幻想战斗、死亡与重伤、歧视和政治暴力、胁迫与背叛、跟踪及暴力威胁、父母抛弃、婚姻利用与家庭创伤。,有精确条目,6901,0.0367965367965368
失忆煽动WIXOSS,lostorage_incited_wixoss_tv_2016,2016 TV,主线,主线,明显但未确认,否,否,是,是,所核未见,是,范围内版本,故事／角色页、可见宣传,副线,记忆硬币与高压卡牌战斗、失忆和人格／身体置换、校园孤立与家庭经济压力、操控和强迫参战、铃子—千夏的依赖与决裂、少女角色的暴力和死亡风险、男性角色对白井对千夏的单向倾慕。,有精确条目,6939,0.09155261915998113
侦探歌剧 少女福尔摩斯 TD,milky_holmes_td_tv_2015,2015 TV,主线,重要副线,明显但未确认,否,否,是,是,所核未见,所核未见,范围内版本,出版渠道、故事／角色页、可见宣传,未知,偶像行业压力与竞争、歌声被夺与身体控制、舞台与案件危险、团队争执、亲人离世回忆；公开分话摘要不覆盖全部台词。,有精确条目,6948,0.08333333333333333
我家师傅没有尾巴,my_master_has_no_tail_tv_2022,2022 TV,主线,主线,明显但未确认,否,否,是,是,所核未见,所核未见,范围内版本,故事／角色页、可见宣传,无,师徒权力差与破门惩戒、职业竞争与经济压力、绑架／诬陷／勒索威胁、舞台压力，以及落语段子的成人关系或花街语境。,有精确条目,6953,0.05357142857142857
魔法少女奈叶ViVid,nanoha_vivid_tv_2015,2015 TV,主线,主线,明显但未确认,否,否,是,是,所核未见,所核未见,范围内版本,故事／角色页、可见宣传,未知,儿童与青少年格斗、训练伤害、成人化变身与身体展示、洗澡镜头、家庭创伤和古代记忆。,有精确条目,6968,0.08711256117455139
一骑当千 XTREME XECUTOR,ikki_tousen_xtreme_xecutor_tv_2010,2010 TV,主线,重要副线,明显但未确认,否,否,是,是,所核未见,所核未见,范围内版本,故事／角色页、可见宣传,副线,成人向性化、暴力、绑架与精神操控,有精确条目,6979,0.06835799859055673
NEKOPARA,nekopara_tv_2020,2020 TV,主线,重要副线,明显但未确认,否,否,是,是,所核未见,所核未见,范围内版本,出版渠道、故事／角色页、可见宣传,未知,饲主和店铺劳动关系、围绕男性店主的服务框架、性化笑料、走失幼猫和轻度危险。,有精确条目,6989,0.02547146705853539
一骑当千 Dragon Destiny,ikki_tousen_dragon_destiny_tv_2007,2007 TV,主线,重要副线,明显但未确认,否,否,是,是,所核未见,是,范围内版本,出版渠道、故事／角色页、可见宣传,副线,成人向裸露、爆衣与战败羞辱、格斗伤害和死亡威胁、绑架拷问、人质处境、精神操控、龙之力导致的非自愿战斗、曹操对关羽的占有式执着与权力不对等。,有精确条目,7032,0.049855072463768114
宅饮。,takunomi_tv_2018,2018 TV,主线,缺席,非恋爱,否,否,否,是,所核未见,所核未见,范围内版本,出版渠道、故事／角色页、可见宣传,无,成年人饮酒与醉酒、身体与更衣笑料、职场与求职压力、合租生活的隐私边界喜剧。,有精确条目,7036,0.08516935218678066
装神少女小缠,soushin_shoujo_matoi_tv_2016,2016 TV,重要副线,缺席,非恋爱,否,否,否,否,所核未见,所核未见,范围内版本,故事／角色页、可见宣传,未知,超自然威胁、附身、战斗与受伤、家庭分离和丧失。,有精确条目,7045,0.029482344874871443
妖幻三重奏,ayakashi_triangle_tv_2023,2023 TV,主线,未知,未知,否,否,否,是,所核未见,是,范围内版本,故事／角色页、可见宣传,并行,性别转换、性化身体喜剧、妖怪袭击与战斗、恋爱相互性未确认。,有精确条目,7065,0.04910793146087264
一骑当千 Great Guardians,ikki_tousen_great_guardians_tv_2008,2008 TV,主线,重要副线,明确欲望,否,是,是,是,所核未见,是,范围内版本,故事／角色页,副线,成人向裸露与衣物撕裂、格斗伤害、绑架失踪、幻术和精神操控、非自愿行动、战败羞辱与权力不对等。,有精确条目,7095,0.04358502148557397
因为太怕痛就全点防御力了。,bofuri_tv_2020,2020 TV,主线,缺席,非恋爱,否,否,否,是,所核未见,所核未见,范围内版本,故事／角色页、可见宣传,无,VRMMO 战斗、怪物攻击、毒、身体变形喜剧、公会竞争。,有精确条目,7106,0.04049624287659489
结城友奈是勇者 啾噜！,yuuki_yuuna_churutto_tv_2021,2021 TV,主线,缺席,非恋爱,否,否,否,是,所核未见,所核未见,范围内版本,出版渠道、故事／角色页、可见宣传,无,短篇喜剧、角色被排斥的回忆、料理失败与身体笑料。,有精确条目,7115,0.07336956521739131
摇滚乃是淑女的爱好,rock_is_a_ladys_hobby_tv_2025,2025 TV,主线,主线,明显但未确认,否,否,是,是,所核未见,所核未见,范围内版本,可见宣传,未知,激烈乐队争执、粗口和攻击性手势；家庭再婚与阶层压力；继姐妹敌意；舞台竞争、失败、退队威胁与自我价值否定；夸张支配／服从玩笑和性化镜头。,有精确条目,7126,0.07229639519359146
天使特警2,kiddy_girland_tv_2009,2009 TV,主线,主线,明确交往,是,是,是,是,所核未见,所核未见,范围内版本,故事／角色页、可见宣传,副线,科幻战斗、爆炸和死亡威胁；记忆植入、洗脑、复制人与身体实验；未成年外观角色的泳装／内衣服务性画面；短暂单向迷恋与嫉妒；迪亚的能力增幅亲吻；兄妹式关系和男性控制。,有精确条目,7132,0.11627906976744186
漫研部,aimai_mi_tv_2013,2013 TV,主线,局部,明确欲望,否,是,是,是,所核未见,所核未见,范围内版本,出版渠道、可见宣传,未知,高速荒诞、夸张伤害与死亡笑料、身体变化、排泄与性化笑话、威胁和强制性恶作剧。,有精确条目,7167,0.03586399627387052
恶魔之谜,akuma_no_riddle_tv_2014,2014 TV,主线,主线,明确欲望,否,是,是,是,所核未见,是,范围内版本,可见宣传,无,持续暗杀与死亡威胁、刀枪和爆炸、流血及重伤、被迫参加生存游戏、家庭死亡与创伤、制度操纵、童年虐待和利用、自我牺牲式行动、假死及依赖巧合的生还揭晓。,有精确条目,7170,0.14665471923536438
恋姬无双,koihime_musou_tv_2008,2008 TV,主线,重要副线,明确欲望,否,是,是,是,所核未见,是,范围内版本、原作,出版渠道、故事／角色页、可见宣传,副线,全员女性历史幻想、R+／Ecchi 性化笑料、裸露暗示、曹操提出共度一夜的权力交换、盗贼与绑架、战斗和男性冒名者诱导。,有精确条目,7269,0.11215203426124197
ViVid Strike!,vivid_strike_tv_2016,2016 TV,主线,主线,明显但未确认,否,否,是,是,所核未见,是,范围内版本,故事／角色页、可见宣传,无,未成年格斗、重击伤害、孤儿与收养、校园欺凌、魔法变身、身体展示。,有精确条目,7273,0.09981515711645102
美妙射击部,rifle_is_beautiful_tv_2019,2019 TV,主线,局部,明确欲望,否,是,是,是,所核未见,所核未见,范围内版本,故事／角色页,无,竞技射击与枪械意象、比赛压力与失利、社团争执、喜剧式求婚和恋爱话题,有精确条目,7286,0.09352112676056339
女皇之刃 叛乱,queens_blade_rebellion_tv_2012,2012 TV,主线,未知,未知,否,否,否,是,所核未见,所核未见,范围内版本,故事／角色页、可见宣传,未知,成人向裸露与性化、战斗伤害、宗教审判、强制招募与实验、拘束和怪物威胁。,有精确条目,7292,0.05049911920140928
战翼的希格德莉法,sigrdrifa_tv_2020,2020 TV,主线,局部,明显但未确认,否,否,是,是,所核未见,所核未见,范围内版本,故事／角色页、可见宣传,未知,战争与空战、年轻女武神参战、负伤与死亡、姐姐死亡后的哀伤、神祇操纵、泳装战斗和身体凝视。,有精确条目,7298,0.08053040103492885
洲崎西 THE ANIMATION,suzakinishi_animation_tv_2015,2015 TV,主线,主线,明显但未确认,否,否,是,是,所核未见,所核未见,范围内版本,故事／角色页、可见宣传,无,高速吐槽、胸部与内衣笑料、如厕与身体尴尬、强行亲近的喜剧,有精确条目,7315,0.03224419604471195
舰队Collection 剧场版,kancolle_movie_2016,2016 剧场动画,主线,重要副线,明显但未确认,否,否,是,是,所核未见,所核未见,范围内版本,出版渠道、可见宣传,无,战争与沉没、死亡循环、身份变化、失落和告别、深海化、强烈分离焦虑。,有精确条目,7323,0.06469648562300319
兔龟,usakame_tv_2016,2016 TV,主线,重要副线,明显但未确认,否,否,是,是,所核未见,所核未见,范围内版本,故事／角色页、可见宣传,无,高速短篇、网球竞争、毕业与分离焦虑、饮酒及荒诞身体笑料；未作视频复核。,有精确条目,7344,0.09551208285385501
南镰仓高校女子自行车社,minami_kamakura_cycling_tv_2017,2017 TV,主线,缺席,非恋爱,否,否,否,是,所核未见,所核未见,范围内版本,故事／角色页、可见宣传,无,自行车训练、比赛压力、体力极限、肩部疼痛、夜间骑行与离别误会。,有精确条目,7349,0.07801418439716312
我的推是坏人大小姐。,wataoshi_tv_2023,2023 TV,主线,主线,明确欲望,否,是,是,是,是,是,范围内版本,故事／角色页、可见宣传,副线,反复追求与阶级差异；以戏剧化方式处理拒绝、占有和跟随；魔法战斗、校园霸凌、政治冲突、家族与国家暴力。,有精确条目,7371,0.17446074201898187
极乐院女子高寮物语,gokujou_girls_dorm_tv_2012,2012 TV,主线,重要副线,明确欲望,否,是,是,是,所核未见,是,范围内版本,故事／角色页、可见宣传,无,强行脱衣与内衣、裸露和身体羞辱、性化恶作剧、教师越界亲吻、未成年角色误饮酒、受影响状态下的接吻提议。,有精确条目,7410,0.11515151515151516
随兴旅-That's Journey-,zatsu_tabi_tv_2025,2025 TV,主线,重要副线,明显但未确认,否,否,是,是,所核未见,所核未见,范围内版本,故事／角色页、可见宣传,未知,创作受挫、旅行疲劳、前后辈误会和创作者朋友间的争执与和解。,有精确条目,7418,0.028518371136755538
偶像大师 XENOGLOSSIA,idolmaster_xenoglossia_tv_2007,2007 TV,主线,主线,明显但未确认,否,否,是,是,所核未见,是,相邻版本、范围内版本,出版渠道、故事／角色页、可见宣传,副线,机战伤亡与破坏、背叛与团队分裂、强制实验和改造、权力不对等、人与有意识机器的明确恋爱。,有精确条目,7445,0.03781979977753059
强袭魔女 OVA,strike_witches_ova_2007,2007 OVA,局部,缺席,非恋爱,否,否,否,否,所核未见,所核未见,范围内版本、原作,出版渠道、可见宣传,无,魔法军事战斗设定、队内模拟射击、未成年角色参战语境、短片材料与画面复核缺失、腿部武器和内衣式服装设计、宣传性服务画面；同 DVD 的基地探访特典不在范围内,有精确条目,7487,0.09448818897637795
Love Live! Superstar!! 第三季,love_live_superstar_season_3_tv_2024,2024 TV,主线,重要副线,明显但未确认,否,否,是,是,所核未见,所核未见,范围内版本,故事／角色页、可见宣传,无,毕业与成员分离压力、竞赛与舞台失败、异国旅行、家庭冲突、姐妹关系破裂与修复、过度训练和公开演出压力。,有精确条目,7491,0.0644789867587795
偶像选拔,selection_project_tv_2021,2021 TV,主线,缺席,非恋爱,否,否,否,是,所核未见,所核未见,范围内版本,故事／角色页、可见宣传,无,选拔淘汰与舞台压力、亲人离世与心脏移植背景、竞争冲突、团队去留与公开表演焦虑,有精确条目,7534,0.06034889203206035
漫画少女,mangirl_tv_2013,2013 TV,主线,未知,未知,否,否,否,是,所核未见,所核未见,范围内版本,可见宣传,未知,短篇职场喜剧、写真与泳装笑料、赶稿压力、御宅和漫画业界梗；第14项为未播附加集。,有精确条目,7536,0.05236593059936909
处刑少女的生存之道,shokei_shoujo_tv_2022,2022 TV,主线,主线,明确欲望,否,是,是,是,所核未见,是,范围内版本、原作,故事／角色页、可见宣传,无,计划处刑与欺骗、反复死亡、暴力威胁、权力不对等、嫉妒与浴场相关台词。,有精确条目,7538,0.14526268522676247
噬魂师NOT！,soul_eater_not_tv_2014,2014 TV,主线,主线,明显但未确认,否,否,是,是,所核未见,是,范围内版本,故事／角色页,副线,校园战斗、超自然威胁、受伤与精神控制、女子宿舍性化笑料、嫉妒与搭档选择压力、局部异性心动,有精确条目,7540,0.08945046129161653
一叠间漫画咖啡屋生活！,hitokura_manga_cafe_tv_2026,2026 TV,主线,重要副线,明显但未确认,否,否,是,是,所核未见,所核未见,范围内版本,出版渠道、故事／角色页、可见宣传,无,卖肉与内衣／泳装情境、女高中生同住和宿舍劳动、身份误会与内疚、游戏与网络直播、家庭与学校压力；不涉及正篇确认交往,有精确条目,7564,0.055512522592305706
一骑当千,ikki_tousen_tv_2003,2003 TV,重要副线,重要副线,明显但未确认,否,否,是,否,所核未见,所核未见,企划、范围内版本,出版渠道、可见宣传,并行,裸露、爆衣、战败羞辱、格斗伤害、拷问、角色死亡、追随死亡意向、精神控制与命运强迫。,有精确条目,7616,0.05244299674267101
突击莉莉 BOUQUET,assault_lily_bouquet_tv_2020,2020 TV,主线,主线,明确欲望,否,是,是,是,所核未见,所核未见,—,—,无,未成年战斗员与军事化教育、怪物袭击和战斗伤害、重要人物死亡与长期哀恸、失控状态及误伤恐惧、人工生命被实验和非人化、追捕与拘禁威胁、儿童形象角色死亡、精神幻象与自我憎恨、身体化笑料和集体沐浴画面。,有精确条目,7628,0.14375261178437107
鬼斩,onigiri_tv_2016,2016 TV,主线,未知,未知,否,否,否,是,所核未见,所核未见,范围内版本,出版渠道、故事／角色页、可见宣传,未知,超短篇战斗喜剧、夸张身体与性暗示笑料、奇幻战斗、饮酒笑料、男の娘与性别表现的喜剧化处理,有精确条目,7646,0.05886909372579396
女武神驱动 美人鱼,valkyrie_drive_mermaid_tv_2015,2015 TV,主线,主线,明确欲望,否,是,是,是,所核未见,所核未见,范围内版本,访谈／评论、故事／角色页、可见宣传,无,成人向裸露与性化接触、以性刺激触发战斗、监禁与强迫风险、身体控制、创伤、暴力和权力不对等。,有精确条目,7659,0.14069905213270142
玻璃之花与崩坏的世界,garakowa_movie_2016,2016 剧场动画,主线,缺席,非恋爱,否,否,否,是,所核未见,所核未见,范围内版本,可见宣传,无,病毒清除、失忆、虚拟世界、身份揭示、分离与牺牲。,有精确条目,7675,0.06953066799106035
御神乐学园组曲,mikagura_school_suite_tv_2015,2015 TV,主线,重要副线,明确欲望,否,是,是,是,所核未见,是,范围内版本,故事／角色页,副线,夸张的“喜欢可爱女孩”笑料、游戏角色告白桥段、异能对战造成的受伤与压力。英文字幕为文本审读，未作说话人或画面同步复核。,有精确条目,7688,0.0867003367003367
美幸梦游仙境,miyuki_wonderland_ova_1995,1995 OVA,主线,主线,明确欲望,否,是,是,是,所核未见,所核未见,范围内版本,可见宣传,未知,高中生主角、性化服装与裸露、女性角色围绕美幸的公开追逐／捉弄描述、镜中自我亲吻与成人向服务性笑料。,有精确条目,7691,0.12239221140472879
魔法少女特殊战明日香,magical_asuka_tv_2019,2019 TV,主线,重要副线,明显但未确认,否,否,是,是,所核未见,所核未见,范围内版本,故事／角色页、可见宣传,无,战争与创伤、恐怖袭击、枪械与杀戮、酷刑和肢解、性暴力威胁、儿童虐待、校园欺凌、药物与强迫、残酷的战后动员；漫画后续不在范围内,有精确条目,7698,0.05042016806722689
面包带来和平！,pan_de_peace_tv_2016,2016 TV,主线,局部,明显但未确认,否,否,是,是,所核未见,所核未见,范围内版本、原作,访谈／评论、出版渠道、可见宣传,无,三分钟短篇节奏、身体和服装笑料、竞争性玩笑、未成年人角色的泳池与睡衣场景。,有精确条目,7716,0.11356660527931246
TSF物语,tsf_monogatari_ova_2011,2011 OVA,未知,未知,未知,否,否,否,否,所核未见,所核未见,范围内版本,出版渠道,未知,成人向露骨内容、身体／性别变化、对变化后身体的物化、可能的强制或同意边界不明；未作画面复核。,有精确条目,7720,0.04156479217603912
なりゆき→パパ活GIRLS!! THE ANIMATION,nariyuki_papakatsu_girls_ova_2018,2018 OVA,未知,未知,未知,否,否,否,否,所核未见,所核未见,—,—,未知,公开分级显示成人向内容；MAL 简介提及男友、客户和补偿约会等成人主题，未作逐场复核。,有精确条目,7749,0.05981112277019937
圣痕炼金士,seikon_no_qwaser_tv_2010,2010 TV,主线,重要副线,明确欲望,否,是,是,是,所核未见,是,范围内版本,故事／角色页,副线,成人向性化、乳房／圣乳机制、主从与身体控制、霸凌、非自愿或同意不明的亲密处境、未成年角色性化、暴力、死亡及宗教冲突。,有精确条目,7775,0.021389645776566758
打了300年的史莱姆，不知不觉就练到了满级 第二季,slime_300years_season_2_tv_2025,2025 TV,主线,局部,明显但未确认,否,否,是,是,所核未见,所核未见,范围内版本,故事／角色页、可见宣传,无,家庭式共同生活、象征性姐妹婚礼、佩可拉的独占式生日邀请、异世界战斗与轻度身体喜剧；这些元素不等同于正式交往。,有精确条目,7796,0.08934524603280437
穿透幻影的太阳,taiyo_no_oushi_tv_2013,2013 TV,主线,主线,明显但未确认,否,否,是,是,所核未见,所核未见,范围内版本,故事／角色页、可见宣传,无,魔物袭击、战斗伤害、死亡与消失、亲属创伤、嫉妒和精神操纵、恶魔化身体变化、未成年少女承担处刑任务。,有精确条目,7800,0.06311018131101813
末世二轮之旅,end_of_world_bicycle_tv_2025,2025 TV,主线,主线,明显但未确认,否,否,是,是,所核未见,所核未见,范围内版本,故事／角色页、可见宣传,无,末世与人类可能灭绝、危险骑行和坠落、暴风雨与洪水、动物袭击、枪械及生存风险、AI 维修故障、孤独与死亡记忆。,有精确条目,7802,0.04404731940599044
女子高中生,joshikousei_tv_2019,2019 TV,主线,缺席,非恋爱,否,否,否,是,所核未见,所核未见,范围内版本,故事／角色页、可见宣传,副线,无对白叙事、对未成年女高中生腿部／湿衣的镜头化性化笑料、男性角色的单集凝视与笨拙接近、轻微身体危险与日常恶作剧。,有精确条目,7842,0.05183199285075961
简单易懂的现代魔法,yoku_wakaru_gendai_mahou_tv_2009,2009 TV,主线,主线,明显但未确认,否,否,是,是,所核未见,所核未见,范围内版本,访谈／评论、故事／角色页、可见宣传,无,魔法战斗与受伤、时间错位、未成年人遇险、泳装与身体笑料、同居家庭喜剧,有精确条目,7843,0.031706448165301035
绝灭危愚少女,amazing_twins_ova_2014,2014 OVA,主线,局部,明显但未确认,否,否,是,是,所核未见,所核未见,范围内版本、原作,访谈／评论、故事／角色页、可见宣传,副线,超能力战斗、绑架、药物强化、能力实验、排斥与自我消失愿望、失去身体及姐妹失联恐惧、身体检查相关性化玩笑。,有精确条目,7865,0.08964451313755796
GO!GO!575,gogo575_tv_2014,2014 TV,主线,局部,明显但未确认,否,否,是,是,所核未见,所核未见,范围内版本,故事／角色页、可见宣传,无,落水、弄湿制服与风筝惊吓等轻度事故笑点；留宿、共同洗澡、互相洗背和换衣的暧昧／窥探式喜剧；每话篇幅很短。,有精确条目,7870,0.1246684350132626
22/7,nanabun_no_nijuuni_tv_2020,2020 TV,主线,缺席,非恋爱,否,否,否,是,所核未见,所核未见,范围内版本,故事／角色页、可见宣传,无,解散与失业压力、偶像行业过劳、身体不适、泳装拍摄要求、家庭创伤、成员分离、对未成年偶像的管理与监视。,有精确条目,7913,0.04644808743169399
里世界郊游,otherside_picnic_tv_2021,2021 TV,主线,主线,明显但未确认,否,否,是,是,是,所核未见,范围内版本、原作,出版渠道、故事／角色页、可见宣传,无,都市传说与怪物、枪械和战斗、失踪与死亡威胁、眼睛和身体变化、心理创伤、军事行动、孤立与危险求生。,有精确条目,7925,0.1396405293304365
刀使巫女 刻印一闪的灯火 OVA,toji_no_miko_kizuna_ova_2021,2021 OVA,主线,缺席,非恋爱,否,否,否,是,所核未见,所核未见,范围内版本,出版渠道、故事／角色页、可见宣传,无,刀剑战斗、荒魂伤害与追捕、医疗休养、敌我身份冲突、短篇结尾的悬念。,有精确条目,7928,0.08454810495626822
攀岩！ -Sport Climbing Girls-,iwakakeru_tv_2020,2020 TV,主线,缺席,非恋爱,否,否,否,是,所核未见,所核未见,范围内版本,故事／角色页、可见宣传,无,运动伤病、竞技压力、身体展示、尖锐竞争语言。,有精确条目,8013,0.04400694846554719
闪乱神乐 SHINOVI MASTER -东京妖魔篇-,senran_kagura_tokyo_tv_2018,2018 TV,主线,未知,未知,否,否,否,是,所核未见,所核未见,范围内版本,故事／角色页、可见宣传,未知,成人向裸露与性化服务、衣物破坏及强制战斗状态、忍者与妖魔战斗、暴力与重伤风险、拘束／威胁、家族身世、创伤与正义观冲突。,有精确条目,8015,0.07334525939177101
幻想玩偶,fantasista_doll_tv_2013,2013 TV,主线,重要副线,明显但未确认,否,否,是,是,所核未见,所核未见,范围内版本、原作,出版渠道、故事／角色页,无,未成年角色参与幻想战斗、主人—Doll 权力不对等、人工人格与记忆控制、被遗弃经历、服务性服装与性化喜剧。,有精确条目,8049,0.10027662517289074
魔法纪录 魔法少女小圆外传 2nd SEASON -觉醒前夜-,magia_record_s2_tv_2021,2021 TV,主线,局部,明显但未确认,否,否,是,是,所核未见,是,范围内版本,故事／角色页、可见宣传,无,魔法战斗、死亡与失踪风险、悲伤与内疚、梦境和记忆操控、组织控制、强制招募、身份消除、创伤与牺牲。,有精确条目,8061,0.07473420888055034
球咏,tamayomi_tv_2020,2020 TV,主线,局部,明显但未确认,否,否,是,是,所核未见,所核未见,范围内版本,故事／角色页、可见宣传,无,运动压力、停部经历、触身球与其他棒球伤害风险、战术责任和比赛失利。,有精确条目,8068,0.10453216374269006
一杆青空,sora_iro_utility_short_2021,2021 TV 特别篇,主线,缺席,非恋爱,否,否,否,是,所核未见,所核未见,范围内版本,访谈／评论、出版渠道、可见宣传,无,运动失败与自我怀疑、户外活动、短篇信息密度有限；已复核角色对白未见明确恋爱或身份明示，未作画面复核。,有精确条目,8070,0.04375614552605703
我，不是说了能力要平均值么！,noukin_tv_2019,2019 TV,主线,缺席,非恋爱,否,否,否,是,所核未见,是,范围内版本,故事／角色页、可见宣传,副线,异世界战斗、失踪儿童与救援、泳装／洗澡等服务性内容、男性婚约压力。,有精确条目,8140,0.08673567184205482
ICE,ice_ova_2007,2007 OVA,主线,主线,明确欲望,否,是,是,是,所核未见,所核未见,—,—,未知,末世、战争与枪战、身体恐怖、性化和强迫性情节、生殖实验、死亡与牺牲；不同关系的同意和相互性不能由身体接触自动推出。,有精确条目,8185,0.16587677725118483
如果烧陶的话也做个马克杯吧,yakunara_mug_cup_tv_2021,2021 TV 短篇,主线,局部,明显但未确认,否,否,是,是,所核未见,所核未见,范围内版本、原作,出版渠道、故事／角色页、可见宣传,无,亡母记忆、陶艺比赛与创作压力；第 1 话含恋爱双关但随后指向陶艺部；真人外景部分不在范围。,有精确条目,8189,0.05128205128205128
花园里的吸血鬼,vampire_in_the_garden_web_2022,2022 WEB,主线,主线,明确欲望,否,是,是,是,所核未见,是,范围内版本,故事／角色页、可见宣传,副线,战争、吸血、死亡、悲剧性告别、年龄与权力差异。,有精确条目,8201,0.11171366594360087
极限之心,extreme_hearts_tv_2022,2022 TV,主线,重要副线,明显但未确认,否,否,是,是,所核未见,所核未见,范围内版本,故事／角色页、可见宣传,无,竞技受伤、比赛与舞台压力、家庭与经济困难、过劳和失利后的情绪低落,有精确条目,8226,0.07652173913043478
八月的灰姑娘棒球队,hachigatsu_no_cinderella_nine_tv_2019,2019 TV,主线,局部,明显但未确认,否,否,是,是,所核未见,所核未见,范围内版本,故事／角色页、可见宣传,无,训练与比赛压力、运动受伤风险、队内责任、失败和自我怀疑。,有精确条目,8258,0.09447771124417831
音乐少女,ongaku_shoujo_movie_2015,2015 剧场动画,主线,缺席,非恋爱,否,否,否,是,所核未见,所核未见,—,—,无,一名角色未经许可查看另一名角色的电脑内容，并反复贴近、催促；对方明确要求停止；怯场、公开演出压力与短期离别冲突。,有精确条目,8260,0.12093628088426528
邪神与厨二病少女【世纪末篇】,jashin_chan_dropkick_seikimatsu_special_tv_2023,2023 TV 特别篇,主线,缺席,非恋爱,否,否,否,是,所核未见,所核未见,范围内版本,出版渠道、可见宣传,无,末世化喜剧、反复谋杀企图与惩罚、独裁戏仿、强制性同居、地方宣传与夸张暴力笑料。,有精确条目,8313,0.0626486915146709
斯特拉女子学院高等科C3部,stella_jogakuin_koutouka_c3bu_tv_2013,2013 TV,主线,未知,未知,否,否,否,是,所核未见,所核未见,范围内版本,故事／角色页、可见宣传,未知,生存游戏枪械与比赛受伤、团队冲突和心理失衡、泳装／洗浴等服务性演出。,有精确条目,8343,0.07345651194231635
和机器人啪啪啪能算在经验次数里吗？？,android_wa_keiken_ninzuu_ni_hairimasu_ka_tv_2026,2026 TV,主线,局部,明显但未确认,否,否,是,是,是,是,范围内版本、原作,访谈／评论、出版渠道、故事／角色页,无,成人性内容、裸露、买主与成人用机器人之间的所有权框架、身体接触；第 1–8 话为字幕文本复核，未回看视频。,有精确条目,8368,0.10863298437262935
魔法少女育成计划,mahou_shoujo_ikusei_keikaku_tv_2016,2016 TV,主线,重要副线,明确交往,是,是,是,是,所核未见,是,范围内版本,出版渠道、可见宣传,副线,死亡游戏、血腥暴力、未成年人受害、背叛与操控、自杀、家庭暴力、怀孕角色死亡。,有精确条目,8376,0.045027816411682894
绯弹的亚里亚AA,hidan_no_aria_aa_tv_2015,2015 TV,主线,重要副线,明显但未确认,否,否,是,是,所核未见,所核未见,范围内版本,故事／角色页、可见宣传,副线,枪械战斗、校园训练、身体检查与泳池服务性笑料、占有欲和竞争、战姊妹制度的前后辈权力差、男性角色的局部恋爱玩笑。,有精确条目,8401,0.09795280068239977
苍之彼方的四重奏,aokana_tv_2016,2016 TV,主线,重要副线,明确欲望,否,是,是,是,所核未见,是,范围内版本,故事／角色页、可见宣传,无,飞行运动的坠落与受伤风险、竞技压力、比赛服与泳装展示、改编压缩造成的角色背景跳跃。,有精确条目,8443,0.044539755856153086
我们的七日战争,bokura_no_nanokakan_sensou_movie_2019,2019 剧场动画,主线,重要副线,明确欲望,否,是,是,是,所核未见,所核未见,范围内版本,故事／角色页、可见宣传,副线,家长控制与搬家压力、未成年角色参与危险逃避行动、移民拘留风险、网络曝光与中伤、关系秘密被公开、男性单恋与女女告白。,有精确条目,8460,0.0596514745308311
闪乱神乐,senran_kagura_tv_2013,2013 TV,主线,重要副线,明显但未确认,否,否,是,是,所核未见,是,范围内版本,故事／角色页、可见宣传,无,高度性化服务、衣物破坏与战斗暴露、胸部触碰笑料、暴力与死亡威胁、操控／药物／人偶化暗示,有精确条目,8478,0.05337078651685393
战国乙女～桃色Paradox～,sengoku_otome_tv_2011,2011 TV,主线,主线,明确欲望,否,是,是,是,所核未见,所核未见,范围内版本,可见宣传,副线,战斗、权力争夺、操纵、背叛、性化笑料、梦境与剧中剧边界,有精确条目,8486,0.13123644251626898
魔法少女俺,mahou_shoujo_ore_tv_2018,2018 TV,重要副线,重要副线,明确欲望,否,是,是,否,所核未见,是,范围内版本,故事／角色页、可见宣传,并行,男性化变身外形、性别表现混淆、偶像压力、绑架威胁、魔法战斗与身体笑料。,有精确条目,8502,0.04874482086278333
精灵使的剑舞,seirei_tsukai_no_blade_dance_tv_2014,2014 TV,局部,未知,未知,否,否,否,否,所核未见,所核未见,范围内版本,故事／角色页,主导,围绕男性主角的亲密、竞争和性暗示台词；精灵契约、魔法战斗、控制与伤害。,有精确条目,8516,0.00918299725456783
因为太怕痛就全点防御力了。2,bofuri_tv_2023_s2,2023 TV,局部,缺席,非恋爱,否,否,否,否,所核未见,所核未见,范围内版本,故事／角色页、可见宣传,无,VRMMO 战斗、怪物与触手、变身和吞食式喜剧、竞技冲突、团队分散与危险任务。,有精确条目,8555,0.05694508537148131
临时女友,girlfriend_beta_tv_2014,2014 TV,主线,重要副线,明显但未确认,否,否,是,是,所核未见,是,范围内版本,故事／角色页、可见宣传,无,校园日常、社团与比赛、泳装及身体笑料、英语字幕中的恋爱词汇与摄影语境并置。,有精确条目,8557,0.08990744821507272
蔚蓝反射 澪,blue_reflection_ray_tv_2021,2021 TV,主线,重要副线,明显但未确认,否,否,是,是,所核未见,所核未见,—,—,无,精神痛苦、情绪操纵、家庭分离、失去与哀恸、战斗伤害。,有精确条目,8567,0.12287234042553191
开阔天空！光之美少女,hirogaru_sky_precure_tv_2023,2023 TV,主线,局部,明显但未确认,否,否,是,是,所核未见,所核未见,范围内版本,故事／角色页、可见宣传,无,儿童向战斗、异世界危机、绑架与救援、家庭分离、身份与责任压力、部分服务性演出。,有精确条目,8597,0.07288246881155613
歌声是千层派,utagoe_wa_mille_feuille_tv_2025,2025 TV,主线,重要副线,明显但未确认,否,否,是,是,所核未见,所核未见,范围内版本,故事／角色页、可见宣传,无,社团冲突、沟通障碍、舞台压力、成员去留与大学组合竞争；爱莉—玲音未确认交往,有精确条目,8611,0.07004643962848298
最近，妹妹的样子有点怪？,saikin_imouto_no_yousu_tv_2014,2014 TV,主线,缺席,非恋爱,否,否,否,是,所核未见,所核未见,范围内版本,故事／角色页、可见宣传,主导,继兄妹恋爱语境、幽灵附身与共用身体、非对等身体边界、性化台词和笑料、性化服饰／装置。,有精确条目,8621,0.02538844318066416
青春CUP,chuu_bra_tv_2010,2010 TV,主线,重要副线,明显但未确认,否,否,是,是,所核未见,所核未见,范围内版本,可见宣传,副线,未成年角色的内衣与身体话题、偷窥／偷拍笑料、身体羞辱、接触边界和青春期羞耻,有精确条目,8644,0.06941838649155722
机战少女 Alice Expansion,alice_gear_aegis_expansion_tv_2023,2023 TV,主线,重要副线,明显但未确认,否,否,是,是,所核未见,所核未见,范围内版本,故事／角色页、可见宣传,无,失踪与救援、成年人研究机构的危险实验、科幻战斗、角色对亲近举动的恋爱式误解笑料、职场压力。,有精确条目,8649,0.06198034769463341
熊熊勇闯异世界 Punch!,kuma_kuma_kuma_bear_punch_tv_2023,2023 TV,主线,缺席,非恋爱,否,否,否,是,所核未见,所核未见,范围内版本,故事／角色页、可见宣传,未知,异世界战斗、绑架和营救、儿童角色的危险处境；第 9 话采用英语配音对齐 ASS，未作视听复核。,有精确条目,8667,0.09386733416770963
任性HighSpec,wagamama_high_spec_tv_2016,2016 TV,主线,缺席,非恋爱,否,否,否,是,所核未见,所核未见,范围内版本,故事／角色页、可见宣传,副线,脱衣、内衣、胸部与性暗示笑料，强迫摆接吻姿势，剧中女女告白。,有精确条目,8668,0.03494176372712146
熊熊勇闯异世界,kuma_kuma_kuma_bear_tv_2020,2020 TV,主线,局部,明显但未确认,否,否,是,是,所核未见,是,范围内版本,故事／角色页、可见宣传,无,异世界战斗、照护与贫困、儿童危险、服务性镜头、亲密关系未确认。,有精确条目,8673,0.09942143727161998
除魔维纳斯,venus_versus_virus_tv_2007,2007 TV,主线,主线,明显但未确认,否,否,是,是,所核未见,是,范围内版本,故事／角色页、可见宣传,副线,灵魂夺取、怪物猎杀、枪械与战斗伤害、人格失控、家庭死亡与复仇、强迫、牺牲及校园／家庭创伤。,有精确条目,8685,0.11818181818181818
侧车搭档,two_car_tv_2017,2017 TV,主线,重要副线,明显但未确认,否,否,是,是,所核未见,是,范围内版本,故事／角色页、可见宣传,副线,赛车风险、争执、支配／服从与 DV 玩笑、同意边界、男性告白竞争。,有精确条目,8701,0.09032943676939426
直至魔女消逝,aru_majo_ga_shinu_made_tv_2025,2025 TV,主线,缺席,非恋爱,否,否,否,是,所核未见,是,范围内版本,故事／角色页、可见宣传,副线,寿命诅咒、死亡与失去、收养与家庭秘密、魔法灾害、奇幻危险、危机中的强烈关切。,有精确条目,8729,0.011692307692307693
雷加利亚三圣星,regalia_the_three_sacred_stars_tv_2016,2016 TV,主线,局部,明显但未确认,否,否,是,是,所核未见,是,范围内版本,出版渠道、故事／角色页,未知,战争、机甲战斗、爆炸、角色死亡、控制、囚禁、强迫作战与家人救援。,有精确条目,8749,0.1253145445395068
悦楽的胤 THE ANIMATION,etsuraku_no_tane_ova_2015,2015 OVA,主线,主线,明确欲望,否,是,是,是,所核未见,所核未见,—,—,未知,成人向露骨性主题、触手寄生、身体控制、强迫与威胁、性暴力和同意边界问题。,有精确条目,8763,0.14715189873417722
社畜小姐想被幽灵幼女治愈。,shachiku_san_wa_youjo_yuurei_ni_iyasaretai_tv_2022,2022 TV,主线,局部,明显但未确认,否,否,是,是,所核未见,是,范围内版本,故事／角色页、可见宣传,未知,职场过劳；成年人与幽灵幼女的照护边界；幽灵与化猫的身世回忆；莉莉—仓桥的好感方向未确认。,有精确条目,8785,0.04965622612681436
立花馆恋爱三角铃,tachibanakan_to_lie_angle_tv_2018,2018 TV,主线,主线,明确欲望,否,是,是,是,是,是,范围内版本、原作,出版渠道、故事／角色页、可见宣传,未知,成人向裸露与性化呈现、偷窥和误入私密空间、女女后宫式追求、竞争与吃醋、喜剧化的身体接触与同意边界。,有精确条目,8790,0.15554488718194912
家里蹲吸血姬的苦闷,hikikomari_kyuuketsuki_tv_2023,2023 TV,主线,主线,明确欲望,否,是,是,是,所核未见,是,范围内版本,访谈／评论、故事／角色页、可见宣传,无,战争与恐怖袭击、血腥伤害、校园欺凌回忆、绑架、性骚扰式身体接触、泳装与裸露笑料、主从权力差。,有精确条目,8843,0.1504261690854642
京四郎和永远的天空,kyoushirou_to_towa_no_sora_tv_2007,2007 TV,重要副线,重要副线,明确交往,是,是,是,否,所核未见,是,范围内版本,故事／角色页、可见宣传,主导,战斗、能量吸取、命令与再调整、强制性亲密、性化呈现、末日风险。,有精确条目,8878,0.07286995515695067
sin 七大罪,sin_nanatsu_no_taizai_tv_2017,2017 TV,主线,主线,明确欲望,否,是,是,是,所核未见,是,范围内版本,故事／角色页、可见宣传,无,成人向性化、性骚扰与羞辱、恶魔契约、拘束与囚禁、心脏夺取、命令和牺牲、战斗伤害与死亡威胁,有精确条目,8912,0.07231920199501247
圣洁天使,ange_vierge_tv_2016,2016 TV,主线,主线,明确欲望,否,是,是,是,所核未见,所核未见,范围内版本,故事／角色页、可见宣传,无,战斗伤害、封印与失控、吸血与身体接触、洗澡和轻度裸露、亲友对立、世界毁灭威胁。,有精确条目,8921,0.1154046997389034
舰队Collection,kancolle_tv_2015,2015 TV,主线,缺席,非恋爱,否,否,否,是,所核未见,所核未见,范围内版本,故事／角色页、可见宣传,无,战争与海战、舰娘受伤与沉没、同伴失踪和悲伤、强制作战、深海栖舰。,有精确条目,9000,0.06732475598935227
新人炼金术师的店铺经营,shinmai_renkinjutsushi_tv_2022,2022 TV,主线,主线,明显但未确认,否,否,是,是,所核未见,所核未见,—,—,无,孤儿经历与双亲死亡、魔物战斗与受伤、债务压力、强制婚事安排；日文字幕文字复核，未作画面复核。,有精确条目,9006,0.1334648257725181
神田川JET GIRLS,kandagawa_jet_girls_tv_2019,2019 TV,主线,主线,明确欲望,否,是,是,是,所核未见,所核未见,范围内版本,访谈／评论、故事／角色页、可见宣传,无,泳装、湿身、身体暴露、破衣与服务性演出，成人笑料和性化台词，水枪碰撞及竞技受伤风险,有精确条目,9038,0.10638297872340426
声优广播的台前幕后,seiyuu_radio_uraomote_tv_2024,2024 TV,主线,局部,明显但未确认,否,否,是,是,所核未见,所核未见,范围内版本,故事／角色页,无,职场压力、身份暴露风险、网络围攻与声优行业竞争；第 3 话身体距离笑料、第 10 话模拟告白，不等于恋爱确认。,有精确条目,9051,0.13355365474339037
腼腆英雄 东京夺还篇,shy_tokyo_reconquest_tv_2024,2024 TV,主线,缺席,非恋爱,否,否,否,是,所核未见,所核未见,范围内版本、原作,访谈／评论、故事／角色页、可见宣传,无,超级英雄战斗、城市灾难、创伤与失去、家庭冲突、身体伤害、反派操控、恐惧扩散；已检索完整日文字幕，未作画面复核。,有精确条目,9084,0.08650519031141868
黑狐,blackfox_movie_2019,2019 剧场动画,主线,缺席,非恋爱,否,否,否,是,所核未见,所核未见,范围内版本,故事／角色页、可见宣传,无,家族遇袭与死亡、复仇、实验控制与电子项圈、枪械和忍者战斗、年轻角色处于危险行动。,有精确条目,9099,0.07204968944099378
绽放的阿尔斯诺特利亚,warau_arsnotoria_sun_tv_2022,2022 TV,主线,缺席,非恋爱,否,否,否,是,所核未见,所核未见,范围内版本,故事／角色页、可见宣传,无,魔法实验、虫害、受伤、骑士暴力、后半段黑暗惊悚与未解世界观危机。,有精确条目,9107,0.07339055793991417
魔法少女网站,mahou_shoujo_site_tv_2018,2018 TV,主线,主线,明显但未确认,否,否,是,是,所核未见,所核未见,范围内版本,故事／角色页、可见宣传,副线,长期霸凌与家暴、死亡意念与自伤、性暴力威胁、血腥杀伤、操纵与洗脑。,有精确条目,9112,0.0829103214890017
战斗女子高校,battle_girl_high_school_tv_2017,2017 TV,主线,重要副线,明确欲望,否,是,是,是,所核未见,所核未见,范围内版本,故事／角色页,无,战斗与受伤、世界毁灭与失亲、自责、以喜剧处理的偷拍欲望和越界身体接近,有精确条目,9159,0.09369024856596558
莱莎的炼金工房 ～常暗女王与秘密藏身处～,ryza_no_atelier_tv_2023,2023 TV,重要副线,缺席,非恋爱,否,否,否,否,所核未见,所核未见,范围内版本,故事／角色页、可见宣传,未知,奇幻战斗、怪物与受伤、家庭与商队压力、遗迹风险和炼金事故。,有精确条目,9180,0.04205261207854761
浦和小调,urawa_no_utsuchan_tv_2015,2015 TV,主线,缺席,非恋爱,否,否,否,是,所核未见,所核未见,—,—,无,校园喜剧中的夸张玩笑,有精确条目,9188,0.07692307692307693
天空侵犯,tenkuu_shinpan_web_2021,2021 WEB,重要副线,重要副线,明确欲望,否,是,是,否,所核未见,所核未见,范围内版本,可见宣传,副线,高处坠落、枪击、血腥战斗、精神控制、自杀风险、角色死亡与强烈关系依赖。,有精确条目,9191,0.06071757129714812
谋杀之谜：亡者的秘密,murder_mystery_of_the_dead_tv_2024,2024 TV,主线,未知,未知,否,否,否,是,所核未见,所核未见,范围内版本,故事／角色页、可见宣传,未知,丧尸、谋杀与尸体、封闭空间猜疑、强制投票、自伤痕迹与被厌弃恐惧。,有精确条目,9216,0.07483870967741936
雨色可可 side G,ameiro_cocoa_side_g_tv_2019,2019 TV,主线,局部,明显但未确认,否,否,是,是,所核未见,所核未见,范围内版本,HTML 元数据、故事／角色页,无,轻度家庭冲突、失落与误会。,有精确条目,9241,0.12011577424023155
公主连结 Re:Dive 第二季,princess_connect_redive_season_2_tv_2022,2022 TV,主线,主线,明显但未确认,否,否,是,是,所核未见,所核未见,范围内版本,故事／角色页、可见宣传,未知,战斗伤害、操控与背叛、身份与家园危机。,有精确条目,9321,0.018505132282781552
腼腆英雄,shy_tv_2023,2023 TV,重要副线,缺席,非恋爱,否,否,否,否,所核未见,所核未见,范围内版本、原作,访谈／评论、故事／角色页,未知,超级英雄战斗、火灾与伤害、亲人死亡、幸存者内疚、操控与情绪失控；日文字幕覆盖完整，未作视频复核。,有精确条目,9337,0.07054741711642251
身为VTuber的我因为忘记关台而成了传说,vtuber_nanda_ga_haishin_kiri_wasuretara_densetsu_ni_natteta_tv_2024,2024 TV,重要副线,重要副线,明确欲望,否,是,是,否,所核未见,是,范围内版本,故事／角色页、可见宣传,未知,酒精、性暗示、露骨玩笑、网络骚扰、隐私暴露与夸张迷恋。,有精确条目,9349,0.0670535138620245
Schoolgirl Strikers,schoolgirl_strikers_animation_channel_tv_2017,2017 TV,主线,重要副线,明显但未确认,否,否,是,是,所核未见,所核未见,范围内版本,故事／角色页,无,妖魔战斗、秘密组织、压力、失忆、欺凌回忆与实验威胁。,有精确条目,9387,0.10623229461756374
音乐少女,ongaku_shoujo_tv_2018,2018 TV,主线,缺席,非恋爱,否,否,否,是,所核未见,所核未见,范围内版本,故事／角色页,无,偶像业绩与解散压力、失声与过度工作、姐妹依赖、家庭去留冲突、虚假恋爱绯闻。,有精确条目,9388,0.0686164229471316
铁路浪漫谭,rail_romanesque_tv_2020,2020 TV,主线,重要副线,明显但未确认,否,否,是,是,所核未见,所核未见,范围内版本,故事／角色页,无,铁路衰退与地方振兴压力、同伴竞争、温泉同浴、互相搓背与同床邀请；未见明确性行为。,有精确条目,9437,0.044551475015051176
环战公主 CIRCLET PRINCESS,circlet_princess_tv_2019,2019 TV,主线,缺席,非恋爱,否,否,否,是,所核未见,所核未见,—,—,无,竞技与胜负压力、社团存废、家庭分别、虚拟竞技冲突,有精确条目,9462,0.06616052060737528
RPG不动产,rpg_fudosan_tv_2022,2022 TV,主线,主线,明显但未确认,否,否,是,是,所核未见,所核未见,范围内版本,故事／角色页、可见宣传,副线,巨龙袭击、失忆与被怀疑、受伤治疗、局部异性恋委托、未复核的泳装画面,有精确条目,9484,0.10411198600174978
天籁人偶,prima_doll_tv_2022,2022 TV,主线,缺席,非恋爱,否,否,否,是,所核未见,所核未见,范围内版本,故事／角色页、可见宣传,副线,战争与兵器化、战场死亡、人形失控和强制控制、主动求毁、记忆丧失与人格重置、枪击、火灾及儿童受伤,有精确条目,9503,0.011351909184726523
红白黑黄 冰雪帝国,rwby_ice_queendom_tv_2022,2022 TV,主线,缺席,非恋爱,否,否,否,是,所核未见,所核未见,范围内版本,故事／角色页,未知,怪物与武器战斗、恶梦与昏迷风险、歧视及家庭压迫。,有精确条目,9505,0.05191256830601093
幻日夜羽 -镜中晖光-,genjitsu_no_yohane_tv_2023,2023 TV,主线,缺席,非恋爱,否,否,否,是,所核未见,所核未见,范围内版本,故事／角色页,未知,异变与危险动物、孤立和焦虑、昏倒、与动物同伴分离。,有精确条目,9541,0.03129702076436955
恋爱没法用双子除尽,koi_wa_futago_de_warikirenai_tv_2024,2024 TV,主线,缺席,非恋爱,否,否,否,是,所核未见,是,范围内版本,故事／角色页、可见宣传,主导,三角恋、分手、嫉妒、亲吻与姐妹冲突。,有精确条目,9561,0.017851829812555786
碰之道,ponnomichi_tv_2024,2024 TV,主线,局部,明显但未确认,否,否,是,是,所核未见,所核未见,范围内版本,故事／角色页、可见宣传,未知,麻将竞赛、日常调侃与生日礼物的浪漫化笑话。,有精确条目,9585,0.059033989266547404
机动战士高达 水星的魔女 第二季,gundam_witch_from_mercury_season_2_tv_2023,2023 TV,主线,主线,明确交往,是,是,是,是,所核未见,所核未见,—,—,副线,企业胁迫、政治婚约、战争与死亡、家庭操纵和创伤。,有精确条目,9595,0.0860456752382665
蔚蓝档案 动画版,blue_archive_the_animation_tv_2024,2024 TV,主线,局部,明显但未确认,否,否,是,是,所核未见,所核未见,范围内版本,故事／角色页,未知,学校债务、犯罪团体威胁、绑架、武装冲突与角色创伤。,有精确条目,9600,0.03880675818373812
两个人是少女福尔摩斯,futari_wa_milky_holmes_tv_2013,2013 TV,主线,未知,未知,否,否,否,是,所核未见,所核未见,范围内版本,故事／角色页,未知,侦探训练、追逐怪盗与事件卷入。,有精确条目,9636,0.08318739054290718
靠死亡游戏混饭吃。,shibou_yuugi_de_meshi_wo_kuu_tv_2026,2026 TV,主线,主线,明确欲望,否,是,是,是,所核未见,所核未见,—,—,无,大量死亡游戏杀戮、肢解与身体恐怖、自杀及被迫牺牲、童年虐待与杀害亲属、心理操纵和背叛、剥削性师徒依附、哀伤与幸存者负罪。,有精确条目,9676,0.0156575255679247
魔法纪录 魔法少女小圆外传 Final SEASON -浅梦的黎明-,magia_record_final_season_tv_2022,2022 TV,主线,缺席,非恋爱,否,否,否,是,所核未见,所核未见,范围内版本,出版渠道、故事／角色页,无,魔法战斗、疾病、记忆丢失、分离、绝望与牺牲。,有精确条目,9711,0.07375722543352602
夜晚的水母不会游泳,yoru_no_kurage_wa_oyogenai_tv_2024,2024 TV,主线,主线,明显但未确认,否,否,是,是,所核未见,所核未见,—,—,无,网络攻击与身份曝光、偶像产业与亲子控制、公开羞辱和校园排斥、针对性别呈现的嘲弄、创作劳动被利用、朋友间尖锐争吵、醉酒语境中的亲密行为。,有精确条目,9738,0.1095883559245736
鹿乃子乃子乃子虎视眈眈,shikanoko_nokonoko_koshitantan_tv_2024,2024 TV,主线,局部,明显但未确认,否,否,是,是,所核未见,所核未见,范围内版本,故事／角色页,未知,姐妹间的占有性与性化 siscon 笑料、前不良设定、荒诞身体喜剧与校园冲突。,有精确条目,9781,0.039896341830892544
异界群敌 代码重组,z_x_code_reunion_tv_2019,2019 TV,主线,主线,明显但未确认,否,否,是,是,所核未见,所核未见,范围内版本,故事／角色页,未知,异世界战斗、疾病治疗、伙伴冲突、监视与分离压力。,有精确条目,9813,0.09593679458239278
寒蝉鸣泣之时 卒,higurashi_sotsu_tv_2021,2021 TV,主线,主线,明确欲望,否,是,是,是,所核未见,所核未见,范围内版本,故事／角色页,副线,循环、强制控制、严重暴力、心理伤害、学生孤立与恋爱关系中的威胁。,有精确条目,9841,0.04934109714986209
英雄王，为了穷尽武道而转生～而后，成为世界最强的见习骑士♀～,eiyuuou_bu_wo_kiwameru_tame_tenseisu_tv_2023,2023 TV,重要副线,重要副线,明显但未确认,否,否,是,否,所核未见,所核未见,范围内版本,故事／角色页、可见宣传,未知,转生前后性别变化设定、战斗与政治压迫、身体接触喜剧。,有精确条目,9880,0.06416899163013152
赛马娘 Pretty Derby 第三季,uma_musume_pretty_derby_season_3_tv_2023,2023 TV,主线,主线,明显但未确认,否,否,是,是,所核未见,所核未见,范围内版本,故事／角色页、可见宣传,未知,竞赛压力、伤病与状态低落、退役与分离感、恋爱化的竞争比喻。,有精确条目,9883,0.02824807605251245
原书·原书使,maerchen_maedchen_tv_2018,2018 TV,主线,重要副线,明显但未确认,否,否,是,是,所核未见,所核未见,范围内版本,HTML 元数据、故事／角色页、可见宣传,未知,魔法战斗、诱骗与监禁威胁、伪造恋爱信件、家人对 boyfriend 的玩笑猜测,有精确条目,9886,0.08466722830665543
吹响吧！上低音号 第三季,hibike_euphonium_3_tv_2024,2024 TV,主线,主线,明显但未确认,否,否,是,是,所核未见,所核未见,范围内版本,故事／角色页、可见宣传,副线,师生权力差异下的单方爱恋、选拔落选、竞争压力、毕业与远距离分离。,有精确条目,9893,0.03318170936078525
碧蓝航线 THE ANIMATION,azur_lane_tv_2019,2019 TV,主线,未知,未知,否,否,否,是,所核未见,所核未见,相邻版本、范围内版本,出版渠道、故事／角色页、可见宣传,未知,海战、伤害与失踪、心理危机、姐妹式依附、浴场场景。,有精确条目,9914,0.03800178412132025
没能成为魔法师的女孩子的故事,mahonare_tv_2024,2024 TV,主线,未知,未知,否,否,否,是,所核未见,所核未见,范围内版本,故事／角色页、可见宣传,未知,考试与阶层挫败、家族期待、魔力异常与学园危机；第 8 话出现桑拿话题但未同步画面,有精确条目,9926,0.03403797921891795
亦叶亦花,nanare_hananare_tv_2024,2024 TV,主线,局部,明显但未确认,否,否,是,是,所核未见,所核未见,范围内版本,故事／角色页,未知,运动失误、伤病与行动受限、网络骚扰、表演压力；亲近措辞未构成恋爱确认,有精确条目,9928,0.06935438398646744
黑岩射手：黎明降临,black_rock_shooter_dawn_fall_tv_2022,2022 TV,重要副线,重要副线,明确欲望,否,是,是,否,所核未见,是,范围内版本,访谈／评论、出版渠道、故事／角色页,未知,末世战争、死亡与遗体、强迫改造、单向占有与性暴力威胁,有精确条目,9929,0.041060735671514116
「凭你也想讨伐魔王？」被勇者小队逐出队伍，只好在王都自在过活,omae_gotoki_ga_maou_ni_kateru_tv_2026,2026 TV,主线,主线,明显但未确认,否,否,是,是,是,是,范围内版本,故事／角色页、可见宣传,副线,奴役与创伤、伤病和暴力、关系依赖及局部男→女好感,有精确条目,10015,0.11564211807668898
捏造陷阱 -NTR-,netsuzou_trap_ntr_tv_2017,2017 TV,主线,主线,明确欲望,否,是,是,是,是,是,范围内版本、原作,HTML 元数据、故事／角色页,并行,亲密接触、操控、暴力、嫉妒与情绪伤害,有精确条目,10067,0.13742744804343757
某天早上变成人头麦克风的我君的人生,aru_asa_dummy_head_mic_tv_2022,2022 TV,主线,主线,明显但未确认,否,否,是,是,所核未见,是,范围内版本,故事／角色页、可见宣传,未知,带性暗示的 ASMR 笑料、亲吻游戏与未完成的感情表达,有精确条目,10068,0.08376068376068375
半妖的夜叉姬,hanyou_no_yashahime_tv_2020,2020 TV,主线,缺席,非恋爱,否,否,否,是,所核未见,所核未见,范围内版本,故事／角色页,副线,失散、失忆、妖怪战斗、受伤与单向告白。,有精确条目,10077,0.026405867970660146
刹那之花,momentary_lily_tv_2025,2025 TV,主线,未知,未知,否,否,否,是,所核未见,所核未见,范围内版本,故事／角色页,未知,末世、怪物、战斗、死亡与失去、求生及料理日常。,有精确条目,10109,0.08588787627727147
保龄球少女！,turkey_tv_2025,2025 TV,主线,局部,明确欲望,否,是,是,是,所核未见,所核未见,范围内版本,故事／角色页,副线,战争、兵器、死亡威胁、时间穿越、家庭压力及羞辱性或喜剧化恋爱表达。,有精确条目,10137,0.053172866520787745
恋语轻唱,sasayaku_you_ni_koi_wo_utau_tv_2024,2024 TV,主线,主线,明确交往,是,是,是,是,是,是,范围内版本、原作,出版渠道、故事／角色页,未知,告白、交往压力、失恋、关系争执与乐队竞争。,有精确条目,10146,0.17523933149440207
BanG Dream! Ave Mujica,bang_dream_ave_mujica_tv_2025,2025 TV,主线,重要副线,明显但未确认,否,否,是,是,所核未见,所核未见,范围内版本,出版渠道、故事／角色页、可见宣传,未知,心理失序、关系操控、家庭困境、乐队解散与公开身份暴露,有精确条目,10160,0.0898153542210177
蓝海少女,amanatsu_tv_2016,2016 TV,主线,缺席,非恋爱,否,否,否,是,所核未见,所核未见,范围内版本,故事／角色页、可见宣传,无,潜水训练中的呼吸困难、水下焦虑与风险、高中生泳装场景,无精确条目,无精确条目,无精确条目
