作品名称,女女关系层级,百合归档结论,女女恋爱位置,女女关系最高明确度,关系构成,身份依据类型,官方字面百合／GL,官方女女恋爱表述,官方来源层级,官方来源位置,阅读层级,男性恋爱线,内容提示,Bangumi 条目状态,Bangumi Rank,Bangumi 百合标记比例,Bangumi 维基百合公共标签,Anime-Planet GL 标签,AniList Yuri 相关度,MyAnimeList Girls Love 标签
白箱,重要副线,文类外百合阅读,缺席,非恋爱,多组异质关系,范围内没有性取向身份依据,所核未见,所核未见,—,—,正篇事实＋读者解读,无,工作压力、过劳、职业挫折、制作事故、言语冲突与饮酒场面；未作画面复核。,有可对应条目,13,0.010773203823620105,有,无,0,无
莉兹与青鸟,主线,文类内百合,主线,潜在恋爱,单一主要关系记录,只有关系性质推断，无身份自述,所核未见,所核未见,—,—,正篇事实＋强推断,无,不告而别造成的离别恐惧、才能比较、自我贬低、哭泣与激烈关系冲突。,有可对应条目,27,0.13715832337665504,有,无,82,无
魔法少女小圆,主线,文类内百合,主线,潜在恋爱,多组异质关系,只有关系性质推断，无身份自述,所核未见,所核未见,范围内版本,故事／角色页,正篇事实／强推断／读者解读,副线,未成年人遭致命暴力与死亡、遗体与葬礼、欺骗性契约及对未成年人危机的利用、身体与灵魂分离、绝望导致的异变、自毁式牺牲、同伴请求阻止自己变成怪物、家庭谋杀后自杀的回忆、失恋与嫉妒、灾害和群体伤亡威胁。,有可对应条目,34,0.02933597621407334,无,无,71,无
剧场版 魔法少女小圆 [新篇] 叛逆的物语,主线,文类内百合,主线,明确女女恋爱欲望,多组异质关系,只有明确关系／欲望事实，无身份自述,所核未见,是,范围内版本,访谈／评论、出版渠道、故事／角色页,正篇事实／强推断／读者解读,无,心理恐怖、身体与记忆变形、死亡与暴力、囚禁与世界重写、情感操控、宗教意象、强烈占有性语言。,有可对应条目,35,0.0671980416741298,有,无,81,无
剧场版 少女☆歌剧 Revue Starlight,主线,文类内百合,主线,潜在恋爱,多组异质关系,只有关系性质推断，无身份自述,所核未见,所核未见,范围内版本,可见宣传,正篇事实／强推断／读者解读,无,毕业与别离、舞台竞争、占有性措辞、歌曲与日常语言需区分。,有可对应条目,43,0.11964837253504396,有,无,82,无
日常,主线,文类内百合,缺席,非恋爱,多组异质关系,范围内没有性取向身份依据,所核未见,所核未见,—,—,正篇事实＋读者解读,副线,夸张肢体冲突、枪炮与爆炸笑料，校园捉弄与公开出丑，机器人身体改造及对身体差异暴露的焦虑，BL 漫画与暗恋受挫笑料。,有可对应条目,48,0.0010613992480256176,无,无,0,无
吹响吧！上低音号 第二季,主线,文类内百合,主线,潜在恋爱,多组异质关系,只有关系性质推断，无身份自述,所核未见,所核未见,范围内版本,故事／角色页、可见宣传,正篇事实＋强推断＋读者解读,副线,未成年学生对成年教师的单方爱恋、师生权力差异、失恋与拒绝、关系依赖、社团选拔冲突、家庭离别和竞赛压力。,有可对应条目,50,0.055427880254006655,无,无,60,无
轻音少女 第二季,主线,文类内百合,缺席,非恋爱,多组异质关系,范围内没有性取向身份依据,所核未见,所核未见,相邻版本、范围内版本、原作,出版渠道、可见宣传,正篇事实＋强推断＋读者解读,副线,毕业与暂时分离、社团与学业压力、成年教师让学生穿表演服装并以身体尴尬制造笑料、舞台剧和歌词中的恋爱语言、成人配角的男性恋爱往事与交往笑料。,有可对应条目,56,0.008714774393223651,无,无,33,无
少女革命,主线,文类内百合,主线,明确女女恋爱欲望,多组异质关系,只有明确关系／欲望事实，无身份自述,所核未见,所核未见,—,—,正篇事实／强推断／读者解读,并列,校园年龄角色卷入成人性权力结构、诱骗与同意不对等、兄妹乱伦性虐待、占有与亲密暴力、受害者自责与厌女污名、身体和心理暴力、自杀念头与坠落意象。,有可对应条目,60,0.07630543730128793,有,无,85,无
轻音少女 剧场版,主线,文类内百合,缺席,非恋爱,多组异质关系,范围内没有性取向身份依据,所核未见,所核未见,范围内版本,可见宣传,正篇事实＋强推断＋读者解读,无,毕业与离别压力、旅行中的喜剧性尴尬、歌曲的强烈友情用语。,有可对应条目,65,0.04429104698702376,有,无,60,无
英雄联盟：双城之战,主线,文类内百合,重要副线,潜在恋爱,多组异质关系,只有关系性质推断，无身份自述,所核未见,所核未见,—,—,正篇事实＋强推断,副线,战争与阶级压迫、枪械爆炸、死亡及儿童死亡、家庭分离、精神创伤与幻觉、自杀意念／尝试、囚禁与暴力审讯、药物依赖和人体实验、妓院场景、异性性场面。,有可对应条目,69,0.011507729720340455,无,无可对应条目,无可对应条目,无可对应条目
赛马娘 Pretty Derby 第二季,主线,文类内百合,主线,潜在恋爱,多组异质关系,只有关系性质推断，无身份自述,所核未见,所核未见,范围内版本,故事／角色页、可见宣传,正篇事实／强推断／读者解读,无,多次腿部骨折与严重赛场伤病、长期复健、复发恐惧、竞技压力、失去奔跑未来的痛苦,有可对应条目,71,0.05301714153347232,无,无,0,无
孤独摇滚！,主线,文类内百合,局部,明确女女恋爱欲望,多组异质关系,只有明确关系／欲望事实，无身份自述,所核未见,所核未见,—,—,正篇事实＋强推断＋读者解读,无,严重社会焦虑与回避、反复自我贬低、夸张身体崩坏或死亡意象、成年人酒精依赖与醉酒、借钱不还和人际利用、公开出丑、危险跳台及轻伤。,有可对应条目,72,0.02884514020662028,无,无,52,无
偶像大师,主线,文类内百合,局部,明确女女恋爱欲望,多组异质关系,只有明确关系／欲望事实，无身份自述,所核未见,所核未见,—,—,正篇事实／读者解读,副线,未成年偶像的泳装、写真和身体话题，娱乐行业压力，造谣与偷拍，家庭经济压力，手足死亡与创伤反应，舞台事故。,有可对应条目,83,0.002736318407960199,无,无,0,无
摇曳露营△ 第二季,主线,文类内百合,缺席,非恋爱,多组异质关系,范围内没有性取向身份依据,所核未见,所核未见,范围内版本,出版渠道、故事／角色页、可见宣传,正篇事实＋强推断＋读者解读,无,夜间独行、低温、交通与露营安全风险；少量公共浴池或泡澡场景；本季未确认女女恋爱。,有可对应条目,89,0.04776003665714991,无,无,0,无
少女与战车 剧场版,主线,文类外百合阅读,缺席,非恋爱,多组异质关系,范围内没有性取向身份依据,所核未见,所核未见,范围内版本,可见宣传,正篇事实／强推断／读者解读,无,学校存续危机、战车炮击与碰撞、军事化竞技语境,有可对应条目,91,0.058199499042286724,有,无,0,无
幸运星,主线,文类内百合,缺席,非恋爱,多组异质关系,范围内没有性取向身份依据,所核未见,所核未见,—,—,正篇事实＋读者解读,副线,对未成年角色的性化及“萝莉控”笑料、把同学画入带性意味同人构想的笑料、亲人早逝与丧亲、病弱和体型笑料、危险驾驶喜剧。,有可对应条目,92,0.004579971523493118,无,无,0,无
吹响吧！上低音号,主线,文类内百合,主线,潜在恋爱,多组异质关系,只有关系性质推断，无身份自述,所核未见,所核未见,范围内版本,故事／角色页、可见宣传,正篇事实／强推断／读者解读,副线,学生对成年教师的单方爱恋与权力差异、失恋与拒绝、社团派系冲突、偏袒指控、公开竞争和表演压力。,有可对应条目,95,0.05392411029931652,无,无,55,无
水星领航员 The AVVENIRE,主线,文类内百合,缺席,非恋爱,多组异质关系,范围内没有性取向身份依据,所核未见,所核未见,范围内版本,出版渠道、故事／角色页、可见宣传,正篇事实＋读者解读,无,告别与职业转折带来的失落；前后辈和职业制度中的权力差异；关系性质未明的男性背景台词。,有可对应条目,102,0.013157894736842105,无,无,0,无
轻音少女,主线,文类内百合,缺席,非恋爱,多组异质关系,范围内没有性取向身份依据,所核未见,所核未见,—,—,正篇事实＋强推断＋读者解读,副线（成年配角的往事与笑料）,成人教师强迫学生更换表演服装、学生身体和服装被用于笑料、表演事故后的身体尴尬与公开笑料、打闹、成人配角的失恋与交往笑料。,有可对应条目,103,0.008656652431282668,无,无,0,无
百变之星,主线,文类内百合,缺席,非恋爱,单一主要关系记录,范围内没有性取向身份依据,所核未见,所核未见,—,—,正篇事实＋读者解读,副线,高风险杂技、严苛训练、过劳与运动损伤、职业竞争、企业夺权。,有可对应条目,112,0.039377289377289376,有,无,0,无
摇曳露营△,主线,文类内百合,缺席,非恋爱,多组异质关系,范围内没有性取向身份依据,所核未见,所核未见,—,—,正篇事实／强推断／读者解读,无,未成年人夜间迷路与受寒，明火、燃气、低温、独行和交通风险，成年教师大量饮酒，少量集体泡澡场面。,有可对应条目,118,0.09421841541755889,无,无,40,无
少女革命 思春期默示录,主线,文类内百合,主线,明确女女恋爱欲望,多组异质关系,只有明确关系／欲望事实，无身份自述,所核未见,所核未见,企划,出版渠道,正篇事实、强推断、读者解读,副线,制度性订婚、亲属／权力关系中的性化暗示、死亡与创伤、身体变形和汽车碰撞意象。,有可对应条目,125,0.0963102847181871,有,有,93,有
悠哉日常大王 Nonstop,主线,文类内百合,重要副线,潜在恋爱,多组异质关系,只有关系性质推断，无身份自述,所核未见,所核未见,范围内版本,故事／角色页、可见宣传,正篇事实／强推断／读者解读,无,未成年角色的成长笑料、玩偶与手作喜剧、饮酒与照护场景。,有可对应条目,130,0.022818396226415093,有,无,0,无
比宇宙更远的地方,主线,文类内百合,缺席,非恋爱,多组异质关系,范围内没有性取向身份依据,所核未见,所核未见,范围内版本,访谈／评论,正篇事实＋读者解读,副线,亲人失踪与长期哀伤，校园排挤与背叛，嫉妒、散播流言及破坏出行，晕船和呕吐，海上及极地旅行风险。,有可对应条目,146,0.033226215395501045,无,无,0,无
少女终末旅行,主线,文类内百合,缺席,非恋爱,单一主要关系记录,范围内没有性取向身份依据,所核未见,所核未见,—,—,正篇事实／读者解读,无,文明崩溃与战争遗迹、枪械及物资争夺、生存资源短缺、高处坠落等危险、死亡与孤独议题；含共同沐浴等身体接近场景。,有可对应条目,161,0.08975200767715541,有,无,0,无
斩服少女,主线,文类内百合,重要副线,潜在恋爱,多组异质关系,只有关系性质推断，无身份自述,所核未见,所核未见,—,—,正篇事实／强推断／读者解读,副线,高频裸露与性化变身、未成年人被性化展示、带性意味的强制身体接触与亲属间侵犯、家庭虐待、人体实验、精神操控、校园霸凌、严重暴力、身体恐怖及角色死亡。,有可对应条目,186,0.019076603325415678,无,无,57,无
电脑线圈,主线,文类内百合,缺席,非恋爱,单一主要关系记录,范围内没有性取向身份依据,所核未见,所核未见,—,—,正篇事实／读者解读,副线,儿童死亡与丧亲、交通事故、内疚与哀伤、校园排斥和欺凌、儿童被利用及陷入危险、意识分离与昏迷、惊悚追逐、虚拟宠物受损与离别。,有可对应条目,187,0.008472852979055107,无,无,0,无
剧场版 魔法少女小圆 [后篇] 永远的物语,主线,文类内百合,主线,潜在恋爱,多组异质关系,只有关系性质推断，无身份自述,所核未见,所核未见,范围内版本,出版渠道、可见宣传,正篇事实＋强推断＋读者解读,副线,死亡与身体／灵魂异化、绝望与自我牺牲、时间循环、记忆重置、心理恐怖和悲剧性结局。,有可对应条目,189,0.046891124871001034,有,无,75,无
超时空辉夜姬！,主线,文类内百合,主线,明确女女恋爱欲望,单一主要关系记录,只有明确关系／欲望事实，无身份自述,所核未见,所核未见,—,—,正篇事实＋强推断,无,家庭冲突与疏离、过劳、生存式战斗、离别与幻想性死亡、长时间跨度、AI／人格连续性议题。,有可对应条目,192,0.1496705512697259,有,有,88,无
琉璃的宝石,主线,文类内百合,缺席,非恋爱,多组异质关系,范围内没有性取向身份依据,所核未见,所核未见,—,—,正篇事实＋强推断＋读者解读,无,户外采集中的陡坡、河流、海岸与废弃设施风险；锤击取样、酸液及实验操作；少量温泉洗浴场景；本次 TV 范围没有女女恋爱确认。,有可对应条目,194,0.01888442730489405,无,无,0,无
Heart Catch 光之美少女！,主线,文类内百合,局部,明确女女恋爱欲望,多组异质关系,只有明确关系／欲望事实，无身份自述,所核未见,所核未见,—,—,正篇事实／强推断／读者解读,副线,奇幻战斗与受伤、死亡与丧亲、亲人失踪、情绪困境被利用、误认性别恋爱笑料、儿童与青少年遇险,有可对应条目,201,0.019119496855345912,无,无,0,无
剧场版 吹响吧！上低音号～誓言的终章～,主线,文类内百合,重要副线,潜在恋爱,多组异质关系,只有关系性质推断，无身份自述,所核未见,所核未见,范围内版本,出版渠道、故事／角色页、可见宣传,正篇事实＋强推断＋读者解读,副线,男性同学告白与关系暂缓、选拔冲突、孤立、哭泣、比赛压力和分离焦虑。,有可对应条目,202,0.032073750420127715,无,无,0,无
剧场版 吹响吧！上低音号～想要传达的旋律～,主线,文类内百合,主线,潜在恋爱,多组异质关系,只有关系性质推断，无身份自述,所核未见,所核未见,范围内版本,可见宣传,正篇事实＋强推断＋读者解读,副线,家庭冲突、退部压力、毕业离别、前后辈权力差异与局部异性恋爱关系。,有可对应条目,203,0.033186512758201704,无,无,0,无
悠哉日常大王 Repeat,主线,文类内百合,重要副线,潜在恋爱,多组异质关系,只有关系性质推断，无身份自述,所核未见,所核未见,范围内版本,出版渠道、故事／角色页、可见宣传,正篇事实＋强推断＋读者解读,无,主要角色为小学生和中学生；含夜间迷路、泳池清扫、泳装、儿童成长笑料和未成年人接触酒类的喜剧情节。,有可对应条目,204,0.03521872060206961,有,无,0,无
向山进发 Next Summit,主线,文类内百合,重要副线,潜在恋爱,多组异质关系,只有关系性质推断，无身份自述,所核未见,所核未见,范围内版本,故事／角色页、可见宣传,正篇事实＋强推断＋读者解读,无,登山风险、高山反应、童年坠落与恐高、吃醋和分离不安。,有可对应条目,205,0.1024679515130374,有,无,0,无
悠哉日常大王,主线,文类内百合,重要副线,明确女女恋爱欲望,多组异质关系,只有明确关系／欲望事实，无身份自述,所核未见,所核未见,—,—,正篇事实／强推断／读者解读,无,主要人物多为儿童；含未成年角色的泳装／体型笑料、萤对小鞠的同床想象与单方倾慕，以及童年旧录像中的“嫁给哥哥”笑料。,有可对应条目,227,0.03560183197366538,有,无,0,无
飞跃巅峰2！,主线,文类内百合,主线,潜在恋爱,多组异质关系,只有关系性质推断，无身份自述,所核未见,所核未见,范围内版本,故事／角色页,正篇事实／强推断／读者解读,副线,宇宙战争、组织排挤、能力丧失、胁迫性冲突、高风险战斗与分离。,有可对应条目,229,0.042827488255216865,无,无,60,无
剧场版 悠哉日常大王 Vacation,主线,文类内百合,局部,潜在恋爱,多组异质关系,只有关系性质推断，无身份自述,所核未见,所核未见,范围内版本,可见宣传,正篇事实＋强推断＋读者解读,无,未成年角色旅行、浮潜与皮艇活动、离别哭泣；萤与小鞠的恋爱方向未在本片确认。,有可对应条目,232,0.03153680921694981,有,无,0,无
百变之星 不死鸟传说 ～蕾拉・汉密尔顿物语～,主线,文类外百合阅读,主线,潜在恋爱,多组异质关系,只有关系性质推断，无身份自述,所核未见,是,范围内版本、原作,出版渠道、故事／角色页,正篇事实＋强推断＋读者解读,副线,母亲死亡与哀伤。,有可对应条目,249,0.052564102564102565,有,无,无可对应条目,无可对应条目
BanG Dream! It's MyGO!!!!!,主线,文类内百合,局部,潜在恋爱,多组异质关系,只有关系性质推断，无身份自述,所核未见,所核未见,—,—,正篇事实／强推断／读者解读,无,关系操控与依赖、排斥和遗弃、激烈争执、公开情绪崩溃、家庭困境,有可对应条目,272,0.10546668079245683,无,无,57,无
向阳素描 沙英・寻 毕业篇,主线,文类内百合,局部,潜在恋爱,多组异质关系,只有关系性质推断，无身份自述,所核未见,所核未见,范围内版本、原作,故事／角色页、可见宣传,正篇事实／强推断／读者解读,无,升学压力、毕业离别、共同生活结束、饮食与身体玩笑,有可对应条目,281,0.07583703106091166,有,无,20,无
剧场版 魔法少女小圆 [前篇] 起始的物语,主线,文类内百合,主线,潜在恋爱,多组异质关系,只有关系性质推断，无身份自述,所核未见,所核未见,范围内版本,出版渠道、可见宣传,正篇事实＋强推断＋读者解读,副线,死亡与战斗暴力、遗体与葬礼、欺骗性契约、身体与灵魂异化、绝望、自我牺牲、失恋、嫉妒、心理恐怖和悲剧性结尾。,有可对应条目,285,0.046456523300064625,有,无,60,无
少女☆歌剧 Revue Starlight,主线,文类内百合,主线,潜在恋爱,多组异质关系,只有关系性质推断，无身份自述,所核未见,所核未见,—,—,正篇事实＋强推断＋读者解读,无,舞台化武器战斗、嫉妒与依存、离别、牺牲、时间循环。,有可对应条目,295,0.13175314969036941,有,无,79,无
幸运星 OVA,主线,文类内百合,局部,明确女女恋爱欲望,多组异质关系,只有明确关系／欲望事实，无身份自述,所核未见,所核未见,范围内版本,可见宣传,正篇事实＋强推断＋读者解读,无,幻想段中的强迫变装、强迫式羞耻台词和单向新娘角色扮演；身体与服装笑料、宠物闹剧和迷路。,有可对应条目,301,0.004532163742690058,无,无,0,无
圣母在上 第3季,主线,文类内百合,主线,明确女女恋爱欲望,多组异质关系,只有明确关系／欲望事实，无身份自述,所核未见,是,范围内版本,故事／角色页、可见宣传,正篇事实／强推断／读者解读,副线,姊妹制度中的名分与权力压力、祥子对男性接触的强烈抗拒、婚约及家庭期待、单向执着、学园祭冲突与群体压力。,有可对应条目,304,0.1600877192982456,有,有,80,有
玉响～毕业写真～,主线,文类内百合,缺席,非恋爱,多组异质关系,范围内没有性取向身份依据,所核未见,所核未见,范围内版本,访谈／评论、故事／角色页,正篇事实＋强推断＋读者解读,副线,毕业与分别、升学／职业选择的不确定性、对已故父亲和遗物相机的回忆；没有范围内确认的女女恋爱。,有可对应条目,312,0.03457627118644068,有,无,0,无
妖精森林的小不点,主线,文类内百合,缺席,非恋爱,多组异质关系,范围内没有性取向身份依据,所核未见,所核未见,—,—,正篇事实＋强推断＋读者解读,副线,野外遇险、受伤与中毒；绑架、帮派威胁与打斗；酒精和烟草；狩猎、捕鱼、屠宰与食用动物；泡澡／裸身相关台词；范围内没有确认的女女恋爱。,有可对应条目,330,0.029219143576826197,无,无,0,无
蓦然回首,主线,文类内百合,缺席,非恋爱,单一主要关系记录,范围内没有性取向身份依据,所核未见,所核未见,范围内版本,故事／角色页、可见宣传,正篇事实＋读者解读,无,校园暴力袭击与角色死亡、创伤和幸存者内疚、武器伤害、社会退缩与孤独、后段重现性叙事。,有可对应条目,357,0.002599540747801222,无,无,48,无
悠哉日常大王 Nonstop OAD,主线,文类内百合,缺席,非恋爱,多组异质关系,范围内没有性取向身份依据,所核未见,所核未见,范围内版本,故事／角色页、可见宣传,正篇事实＋强推断＋读者解读,无,主要角色为小学生和中学生；含作业、羽毛球活动、轻微运动事故、照看幼童、蜡笔涂墙、轻度责备与照护者落泪；未作完整视听复核。,有可对应条目,365,0.027578599007170437,有,无,0,无
终将成为你,主线,文类内百合,主线,明确女女交往关系,多组异质关系,只有明确关系／欲望事实，无身份自述,是,是,范围内版本、原作,出版渠道、故事／角色页,正篇事实＋强推断,副线,突发且未事先询问的接吻、一处在拒绝主动接吻后继续发生的亲密行为、针对女性同性欲望的贬抑言论、丧亲与强烈自我否定。,有可对应条目,383,0.16873856721544034,有,有,98,有
佐贺偶像是传奇 复仇,主线,文类内百合,重要副线,潜在恋爱,多组异质关系,只有关系性质推断，无身份自述,所核未见,所核未见,范围内版本,故事／角色页、可见宣传,正篇事实／强推断／读者解读,副线,僵尸身体恐怖与血腥、洪水及灾害意象、历史政治暴力与处刑、工作压力、死亡与哀伤。,有可对应条目,388,0.013352215253894396,无,无,0,无
少女与战车 最终章 第4话,主线,文类内百合,缺席,非恋爱,多组异质关系,范围内没有性取向身份依据,所核未见,所核未见,范围内版本,可见宣传,正篇事实＋强推断＋读者解读,无,战车炮击、爆炸、碰撞、翻覆与竞技险情；学校竞争与高风险比赛语境,有可对应条目,396,0.04924668315718462,有,无,0,无
街角魔族 2丁目,主线,文类内百合,主线,潜在恋爱,多组异质关系,只有关系性质推断，无身份自述,所核未见,所核未见,范围内版本,故事／角色页、可见宣传,正篇事实／强推断／读者解读,无,喜剧化魔法战斗与受伤、梦境侵入、诅咒和记忆操控、魔法契约、家庭失踪与可能消失的威胁，以及未成年角色相关的身体变形笑料。,有可对应条目,402,0.12972802356778368,有,无,50,无
佐贺偶像是传奇,主线,文类内百合,缺席,非恋爱,单一主要关系记录,范围内没有性取向身份依据,所核未见,所核未见,—,—,正篇事实＋读者解读,副线（一次女对男好感表达及成年女性婚姻家庭回忆；无确立情侣）,交通事故与死亡、僵尸身体恐怖和肢解／枪击、强制管理与言语羞辱、跨性别角色被旧名称呼及青春期焦虑、儿童死亡与亲子哀伤、偶像行业压力、雷击创伤、危险摩托车特技、失忆和抑郁退缩、舞台坍塌。,有可对应条目,404,0.003118833938005219,无,无,0,无
魔法少女奈叶 The MOVIE 2nd A's,主线,文类内百合,缺席,非恋爱,多组异质关系,范围内没有性取向身份依据,所核未见,所核未见,范围内版本,故事／角色页、可见宣传,正篇事实＋强推断＋读者解读,无,魔法战斗、儿童卷入危险、监护与病痛、牺牲与告别、家人式“爱”的语境区分,有可对应条目,405,0.08373879641485275,有,无,73,无
玲音,重要副线,文类外百合阅读,缺席,非恋爱,多组异质关系,范围内没有性取向身份依据,所核未见,所核未见,—,—,正篇事实＋读者解读,副线,自杀、枪击与死亡、未成年人性内容、隐私侵犯、记忆操纵、身体恐怖、家庭离弃、邪教式控制及药物。,有可对应条目,415,0.009152489787476084,无,无,40,无
向阳素描×蜂窝,主线,文类内百合,重要副线,潜在恋爱,多组异质关系,只有关系性质推断，无身份自述,所核未见,所核未见,范围内版本,故事／角色页、可见宣传,正篇事实／强推断／读者解读,无,升学考试压力、毕业与分离焦虑、害羞推拉、身体与饮食笑料。,有可对应条目,419,0.07989228007181329,有,无,10,无
Go! Princess 光之美少女,主线,文类内百合,局部,潜在恋爱,多组异质关系,只有关系性质推断，无身份自述,所核未见,所核未见,—,—,正篇事实＋强推断＋读者解读,副线,幻想战斗与未成年人遇险、反派操控情绪、家庭分离、短暂失忆、职业与家庭期待冲突、单向婚约笑料,有可对应条目,420,0.02826310380267215,无,无,0,无
圣母在上 第4季,主线,文类内百合,主线,明确女女恋爱欲望,多组异质关系,只有明确关系／欲望事实，无身份自述,所核未见,是,范围内版本,故事／角色页、可见宣传,正篇事实＋强推断＋读者解读,副线,姊妹制度中的名分与权力压力、领养与失亲创伤、害怕被抛弃、家出、选举竞争、误解与拒绝、男性婚约背景。,有可对应条目,423,0.14893617021276595,有,有,75,有
草莓棉花糖,主线,文类内百合,缺席,非恋爱,多组异质关系,范围内没有性取向身份依据,所核未见,所核未见,—,—,正篇事实＋强推断＋读者解读,无,成年人频繁吸烟与饮酒、夸张肢体冲突和捉弄、围绕小学生角色的洗浴／身体与穿衣笑料。,有可对应条目,452,0.044675324675324674,有,无,0,无
《ray 超かぐや姫！Version》MV,主线,文类内百合,主线,潜在恋爱,多组异质关系,只有关系性质推断，无身份自述,所核未见,所核未见,范围内版本,可见宣传,正篇事实＋强推断＋读者解读,无,分离、悲伤、身体亲密、快速剪辑与舞台演出。,有可对应条目,458,0.12407862407862408,有,无可对应条目,85,无
少女与战车 最终章 第1话,主线,文类外百合阅读,缺席,非恋爱,多组异质关系,范围内没有性取向身份依据,所核未见,所核未见,范围内版本,可见宣传,正篇事实／强推断／读者解读,无,战车炮击、爆炸、碰撞与翻覆；升学与留级压力；校际竞争和欺敌战术,有可对应条目,466,0.057103064066852366,有,无,0,无
圣母在上 春,主线,文类内百合,主线,明确女女恋爱欲望,多组异质关系,只有明确关系／欲望事实，无身份自述,所核未见,是,范围内版本,故事／角色页、可见宣传,正篇事实＋强推断＋读者解读,副线（江利子向成年男性教师求婚并被拒）,姊妹制度中的名分和选择压力、毕业分离、亲吻请求、嫉妒、校内传闻、年龄差与师生权力风险。,有可对应条目,477,0.1682210708117444,有,有,77,有
摇曳百合♪♪,主线,文类内百合,重要副线,明确女女恋爱欲望,多组异质关系,只有明确关系／欲望事实，无身份自述,是,所核未见,范围内版本、原作,HTML 元数据、故事／角色页、可见宣传,正篇事实＋强推断＋读者解读,无,中学生角色的亲吻、婚姻和恋爱想象被用于喜剧，部分肢体接触与恋爱台词属于角色扮演或幻想。,有可对应条目,479,0.11913528922674901,有,有,84,有
少女与战车 最终章 第2话,主线,文类内百合,缺席,非恋爱,多组异质关系,范围内没有性取向身份依据,所核未见,所核未见,范围内版本,出版渠道、可见宣传,正篇事实／强推断／读者解读,无,战车炮击、碰撞与翻覆；升学和家庭照护压力；系列比赛未完结,有可对应条目,494,0.05275577279622451,有,无,0,无
悠哉日常大王 Repeat OAD,主线,文类内百合,缺席,非恋爱,多组异质关系,范围内没有性取向身份依据,所核未见,所核未见,范围内版本,出版渠道、故事／角色页、可见宣传,正篇事实／强推断,无,未成年女学生、雪地跌落、恶梦与追逐的轻度喜剧场面；未作视听复核。,有可对应条目,495,0.039639359552308406,有,无,0,无
凡尔赛玫瑰,重要副线,文类外百合阅读,重要副线,明确女女恋爱欲望,多组异质关系,只有明确关系／欲望事实，无身份自述,所核未见,所核未见,—,—,正篇事实＋强推断＋读者解读,主导,战争、革命、处刑、死亡、阶级暴力、政治压迫、强迫身体接触、性别角色冲突与恋爱悲剧。,有可对应条目,505,0.055984555984555984,有,无,0,无
兽娘动物园,主线,文类内百合,缺席,非恋爱,多组异质关系,范围内没有性取向身份依据,所核未见,所核未见,—,—,正篇事实／读者解读,无,怪物袭击与生命危险、身份及物种不确定、短暂分离、温泉脱衣与身体差异喜剧。,有可对应条目,513,0.05457812383020139,有,无,20,无
向山进发 第三季,主线,文类内百合,重要副线,潜在恋爱,多组异质关系,只有关系性质推断，无身份自述,所核未见,是,范围内版本,故事／角色页、可见宣传,正篇事实＋强推断＋读者解读,无,登山与天气风险、恐高焦虑、朋友冲突、吃醋与分离不安。,有可对应条目,516,0.12070120589548906,有,无,0,无
向阳素描×365,主线,文类内百合,重要副线,潜在恋爱,多组异质关系,只有关系性质推断，无身份自述,所核未见,所核未见,范围内版本,出版渠道、故事／角色页、可见宣传,未记录,未记录,未记录,有可对应条目,526,0.0789272030651341,有,无,20,无
圣母在上,主线,文类内百合,主线,明确女女恋爱欲望,多组异质关系,只有明确关系／欲望事实，无身份自述,所核未见,是,范围内版本,故事／角色页,正篇事实＋强推断＋读者解读,副线,家族婚约与婚姻压力、亲属间姊妹关系、心脏手术、未成年出走计划、宗教志愿与同性爱恋冲突、分离及强烈情绪困扰。,有可对应条目,529,0.15326199516741457,有,有,77,有
魔法少女奈叶A's,主线,文类内百合,缺席,非恋爱,多组异质关系,范围内没有性取向身份依据,所核未见,所核未见,范围内版本,故事／角色页、可见宣传,正篇事实＋强推断＋读者解读,副线,儿童战斗与重伤、住院与身体障碍、主从制度、牺牲与告别、家庭式“爱”需与恋爱区分,有可对应条目,530,0.08884627676573985,有,无,56,无
悠哉日常大王 OAD,主线,文类内百合,局部,潜在恋爱,多组异质关系,只有关系性质推断，无身份自述,所核未见,所核未见,范围内版本、原作,出版渠道、可见宣传,正篇事实＋强推断＋读者解读,无,主要角色包括小学生和中学生；含旅行准备与泳衣赠与。,有可对应条目,556,0.0329512893982808,有,无,0,无
剧场版 吹响吧！上低音号～欢迎来到北宇治高中吹奏乐部～,主线,文类内百合,主线,潜在恋爱,多组异质关系,只有关系性质推断，无身份自述,所核未见,所核未见,范围内版本,可见宣传,正篇事实＋强推断＋读者解读,副线,总集篇压缩、少女对成年男教师的单向爱恋、独奏选拔与竞赛压力。,有可对应条目,577,0.026102358534539013,无,无,0,无
时光流逝，饭菜依旧美味,主线,文类内百合,缺席,非恋爱,单一主要关系记录,范围内没有性取向身份依据,所核未见,所核未见,—,—,正篇事实＋读者解读,无,社交孤立、轻度误会、饮食与体重话题,有可对应条目,582,0.026499302649930265,无,无,0,无
摇曳百合,主线,文类内百合,重要副线,明确女女恋爱欲望,多组异质关系,只有明确关系／欲望事实，无身份自述,是,所核未见,原作,出版渠道,正篇事实、强推断,无,中学生角色的性化玩笑与幻想、拒绝和逃开后仍被追逐求吻、洗浴情节、夸张肢体冲突与纠缠。,有可对应条目,605,0.1307685236256665,有,有,83,有
小魔女学园,主线,文类内百合,缺席,非恋爱,多组异质关系,范围内没有性取向身份依据,所核未见,所核未见,—,—,正篇事实＋强推断＋读者解读,副线,校园排斥与嘲弄、魔法造成的非自愿情感变化、情绪操纵与抽取、幻想战斗和生命危险、梦境／身体异变画面、导弹危机。,有可对应条目,607,0.053903684786574244,有,无,0,无
向阳素描×☆☆☆,主线,文类内百合,局部,潜在恋爱,多组异质关系,只有关系性质推断，无身份自述,所核未见,所核未见,范围内版本,出版渠道、故事／角色页,正篇事实／强推断／读者解读,无,升学与离别、饮食和身体玩笑、男性关注及嫉妒话题、剧中小说的恋爱词汇。,有可对应条目,619,0.0845746023731381,有,无,60,无
草莓棉花糖 OVA 第1期,主线,文类内百合,缺席,非恋爱,多组异质关系,范围内没有性取向身份依据,所核未见,所核未见,范围内版本,故事／角色页、可见宣传,正篇事实＋强推断＋读者解读,无,成年人吸烟饮酒、夸张肢体冲突与恶作剧、小学生角色的洗浴和身体笑料,有可对应条目,632,0.04577564283695959,有,无,10,无
淡岛百景,主线,文类内百合,重要副线,明确女女恋爱欲望,多组异质关系,只有明确关系／欲望事实，无身份自述,所核未见,所核未见,—,—,正篇事实＋强推断＋读者解读,并列,校园排挤与集体孤立、性化流言和辱骂、以死亡表达绝望及自杀意念、丧亲与病逝、家庭语言虐待、职业竞争与权力不对等、公开受害经历的伦理争议。,有可对应条目,633,0.07542643923240938,有,无,54,无
草莓棉花糖 OVA 第2期,主线,文类内百合,重要副线,潜在恋爱,多组异质关系,只有关系性质推断，无身份自述,所核未见,所核未见,范围内版本,出版渠道、可见宣传,正篇事实／强推断／读者解读,无,成年人吸烟与饮酒、夸张恶作剧和肢体冲突、小学生角色的身体与穿衣笑料、关于成长和分别的轻度感伤。,有可对应条目,636,0.042509527997654645,有,无,0,无
少女与战车,主线,文类内百合,缺席,非恋爱,多组异质关系,范围内没有性取向身份依据,所核未见,所核未见,—,—,正篇事实＋强推断＋读者解读,无,被迫选修；学校存续压力；军事装备竞技、炮击和车辆遇险；以男性恋爱为对象的喜剧台词,有可对应条目,642,0.0876601855943438,有,无,32,无
摇曳百合 3☆High!,主线,文类内百合,重要副线,明确女女恋爱欲望,多组异质关系,只有明确关系／欲望事实，无身份自述,是,所核未见,范围内版本、原作,HTML 元数据、故事／角色页、可见宣传,正篇事实＋强推断,无,中学生角色的约会、亲吻与女朋友语汇常处于喜剧、游戏或排练情境，欲望方向并不对称。,有可对应条目,644,0.13318880196059948,有,有,90,有
少女与战车 最终章 第3话,主线,文类内百合,缺席,非恋爱,多组异质关系,范围内没有性取向身份依据,所核未见,所核未见,范围内版本,出版渠道、可见宣传,正篇事实＋强推断＋读者解读,无,战车炮击、爆炸、碰撞、翻覆与夜战；升学、毕业与学校延续压力；本篇为六部制系列中段,有可对应条目,651,0.046648455557890316,有,无,0,无
少女乐队的呐喊,主线,文类内百合,主线,明确女女恋爱欲望,多组异质关系,只有明确关系／欲望事实，无身份自述,所核未见,所核未见,范围内版本,故事／角色页、可见宣传,正篇事实＋强推断＋读者解读,无,校园霸凌与校方淡化、家庭冲突与离家、激烈争执及肢体冲突、酒精、职场种族歧视、丧亲与被父母遗弃、职业及财务压力。,有可对应条目,661,0.054410987849973586,无,无,67,无
灰羽联盟,主线,文类内百合,缺席,非恋爱,多组异质关系,范围内没有性取向身份依据,所核未见,是,范围内版本,故事／角色页,正篇事实＋强推断＋读者解读,副线,死亡与离别、创伤记忆、血与身体疼痛、疑似自杀及自伤意象、儿童／少女受险、嫉妒与信任破裂、宗教与赎罪意象,有可对应条目,663,0.025898305084745762,无,无,0,无
RWBY Volume 1-3: The Beginning,主线,文类内百合,重要副线,潜在恋爱,多组异质关系,只有关系性质推断，无身份自述,所核未见,所核未见,范围内版本,HTML 元数据、可见宣传,正篇事实／强推断／读者解读,并列,幻想枪械与近战暴力、角色死亡与肢体创伤、对 Faunus 的歧视、心理操控与嫁祸、前男性盟友的胁迫占有和暴力,有可对应条目,669,0.03305455993628036,无,无可对应条目,无可对应条目,无可对应条目
向阳素描×365 特别篇,主线,文类内百合,缺席,非恋爱,多组异质关系,范围内没有性取向身份依据,所核未见,所核未见,范围内版本,出版渠道、故事／角色页、可见宣传,正篇事实／强推断／读者解读,无,自行车练习与楼梯险情、针线和衣物破损、未成年角色胸罩带笑料、教师要求学生脱下待修衣物的越界式喜剧,有可对应条目,679,0.0854417254251348,有,无,0,无
来玩游戏吧,主线,文类内百合,局部,明确女女恋爱欲望,多组异质关系,只有明确关系／欲望事实，无身份自述,所核未见,所核未见,—,—,正篇事实＋强推断＋读者解读,副线,高频肢体暴力与羞辱式搞笑、欺骗和胁迫、涉及未成年人的身体／生殖器／性知识笑话、窥视裙底企图、围绕身体与性别的猜测及带偏见玩笑、排泄物与体液笑料,有可对应条目,681,0.024144317168530077,无,无,0,无
请问您今天要来点兔子吗？BLOOM,主线,文类内百合,缺席,非恋爱,多组异质关系,范围内没有性取向身份依据,所核未见,所核未见,范围内版本,故事／角色页、可见宣传,正篇事实／强推断／读者解读,无,校园与升学压力、离别焦虑、咖啡因反应与轻度身体喜剧。,有可对应条目,695,0.09994755375739867,无,无,0,无
向阳素描×☆☆☆ 特别篇,主线,文类内百合,局部,潜在恋爱,多组异质关系,只有关系性质推断，无身份自述,所核未见,所核未见,相邻版本、范围内版本,出版渠道、故事／角色页、可见宣传,正篇事实＋强推断＋读者解读,无,入学受阻、返乡、轻度嫉妒式反应与烧烤烟雾误会,有可对应条目,697,0.0782934833567745,有,无,0,无
向山进发 第二季,主线,文类内百合,重要副线,潜在恋爱,多组异质关系,只有关系性质推断，无身份自述,所核未见,是,范围内版本,故事／角色页、可见宣传,正篇事实／强推断／读者解读,无,登山与天气风险、高原反应、恐高焦虑、朋友争吵、裙子恶作剧、温泉／泳装场面,有可对应条目,707,0.12128738487012315,无,无,0,无
别当欧尼酱了！,重要副线,文类外百合阅读,缺席,非恋爱,多组异质关系,范围内没有性取向身份依据,所核未见,所核未见,—,—,正篇事实＋强推断＋读者解读,无,未经同意的用药与身体改变、青春期身体和如厕内容、未成年身体的性化喜剧、成年意识处于青春期身体。,有可对应条目,720,0.08142190689085431,有,无,0,无
魔法少女奈叶 The MOVIE 1st,主线,文类内百合,缺席,非恋爱,多组异质关系,范围内没有性取向身份依据,所核未见,所核未见,范围内版本,故事／角色页、可见宣传,正篇事实＋强推断＋读者解读,无,儿童卷入魔法战斗、重伤与灾害、亲子控制与创伤、丧亲、替代身份、使魔契约和保护性用语可能被误读为恋爱,有可对应条目,740,0.07979924717691343,有,无,79,无
某科学的超电磁炮T,主线,文类内百合,重要副线,明确女女恋爱欲望,多组异质关系,只有明确关系／欲望事实，无身份自述,所核未见,所核未见,范围内版本,故事／角色页、可见宣传,正篇事实＋强推断＋读者解读,副线,未成年角色受伤、组织阴谋、人体／机械实验、战斗威胁，以及含身体接近意味的喜剧式追求。,有可对应条目,751,0.034164649759724997,无,无,0,无
小魔女学园,主线,文类内百合,缺席,非恋爱,多组异质关系,范围内没有性取向身份依据,所核未见,所核未见,范围内版本,HTML 元数据、可见宣传,正篇事实／强推断／读者解读,无,校园嘲弄、地牢怪物、古龙危机与幻想战斗。,有可对应条目,755,0.01282278033250796,有,无,0,无
向山进发 回忆的礼物,主线,文类内百合,重要副线,潜在恋爱,多组异质关系,只有关系性质推断，无身份自述,所核未见,所核未见,范围内版本,出版渠道、故事／角色页、可见宣传,正篇事实／强推断／读者解读,副线,亲子失约、童年走失与分离、纪念物遗失、歉疚,有可对应条目,757,0.10839991362556683,有,无,0,无
女高中生的无所事事,主线,文类内百合,局部,明确女女恋爱欲望,多组异质关系,只有明确关系／欲望事实，无身份自述,所核未见,所核未见,—,—,正篇事实／强推断／读者解读,副线,未成年角色的性化身体笑料、未经同意的身体接触、成人教师与学生的单向迷恋、性别与身体笑料,有可对应条目,761,0.02311484684393437,无,无,0,无
某科学的超电磁炮S,主线,文类内百合,重要副线,明确女女恋爱欲望,多组异质关系,只有明确关系／欲望事实，无身份自述,所核未见,所核未见,范围内版本,故事／角色页、可见宣传,正篇事实／强推断,副线,人体实验、克隆体死亡、恐怖袭击与严重受伤；越界式性追求和身体笑料；未成年角色受害。,有可对应条目,780,0.05112065898579678,无,无,0,无
西蒙,主线,文类内百合,主线,明确女女恋爱欲望,多组异质关系,只有明确关系／欲望事实，无身份自述,是,是,范围内版本,访谈／评论,正篇事实／强推断／读者解读,副线,战争与死亡、青少年被军事与宗教机构利用、被迫作出性别选择、悲伤与幸存者负担、亲密边界侵犯、姐妹关系中的性意味、年龄差与指导关系中的权力不对称。,有可对应条目,790,0.13657325292656972,有,有,88,有
食灵-零-,主线,文类内百合,缺席,非恋爱,多组异质关系,范围内没有性取向身份依据,所核未见,所核未见,范围内版本,可见宣传,正篇事实＋强推断＋读者解读,副线,血腥战斗、死亡、严重身体伤害、精神操纵、家庭与继承压力、未成年人参与高风险除灵。,有可对应条目,793,0.11741536153052612,有,无,0,无
明日同学的水手服,主线,文类内百合,主线,潜在恋爱,多组异质关系,只有关系性质推断，无身份自述,所核未见,所核未见,—,—,正篇事实＋强推断＋读者解读,无,初中女生身体与服装的摄影／舞台凝视、意外露出笑话、共同淋浴与互相冲洗、戏谑脱衣、身体自卑、轻微运动碰撞。,有可对应条目,795,0.09028500104014978,无,无,66,无
青兰圆舞曲,主线,文类内百合,主线,明确女女恋爱欲望,多组异质关系,只有明确关系／欲望事实，无身份自述,所核未见,是,范围内版本,故事／角色页,正篇事实＋强推断＋读者解读,并列，后段具有明确结果,校园排斥与欺凌、占有和控制、自伤、相约自杀、死亡、药物依赖与烟草、持刀伤人、绝症、亲属间越界依恋。,有可对应条目,801,0.12087026591458501,有,无,79,有
向阳素描×SP,主线,文类内百合,缺席,非恋爱,多组异质关系,范围内没有性取向身份依据,所核未见,所核未见,范围内版本,出版渠道、故事／角色页、可见宣传,正篇事实／强推断／读者解读,无,校园日常、美术馆与泳池活动、共同留宿、家务喜剧。,有可对应条目,806,0.07317073170731707,有,无,20,无
红白黑黄 第二季,主线,文类内百合,重要副线,潜在恋爱,多组异质关系,只有关系性质推断，无身份自述,所核未见,所核未见,范围内版本,可见宣传,正篇事实／强推断／读者解读,并列,战斗、怪物袭击、爆炸、Faunus 歧视、犯罪组织、男性单恋和求舞、反派胁迫与列车灾难。,有可对应条目,813,0.032750608541712765,有,无可对应条目,无可对应条目,无可对应条目
小林家的龙女仆S,主线,文类内百合,主线,明确女女恋爱欲望,多组异质关系,只有明确关系／欲望事实，无身份自述,所核未见,是,范围内版本,故事／角色页、可见宣传,正篇事实＋强推断＋读者解读,副线,单方面婚礼笑料、儿童角色的喜欢与结婚语言、伊露露—竹人恋爱方向、露科亚—翔太支线的性化诱惑与抵触、龙族暴力。,有可对应条目,817,0.06020246757355267,有,有,69,无
向阳素描,主线,文类内百合,缺席,非恋爱,多组异质关系,范围内没有性取向身份依据,所核未见,所核未见,—,—,正篇事实／强推断／读者解读,无,教师服装与身体笑话、集体入浴、体重与节食笑话、疾病照护、客座角色对男性的单相思。,有可对应条目,825,0.07500373524577918,有,无,44,无
小魔女学园 魔法游行,主线,文类内百合,缺席,非恋爱,多组异质关系,范围内没有性取向身份依据,所核未见,所核未见,范围内版本,HTML 元数据、故事／角色页、可见宣传,正篇事实／强推断／读者解读,无,魔女受迫害历史再现、校园惩罚与公开嘲弄、同伴争吵与绝交措辞、巨人出现与魔法危机。,有可对应条目,838,0.021908471275559883,有,无,0,无
大室家 亲爱的姐妹们,主线,文类内百合,重要副线,明确女女交往关系,多组异质关系,只有明确关系／欲望事实，无身份自述,是,是,企划、范围内版本、原作,访谈／评论、出版渠道、故事／角色页、可见宣传,正篇事实／强推断／读者解读,无,姐妹争吵、校园竞争、恋人身份谜题与未成年角色的喜剧化身体笑料。,有可对应条目,840,0.13694752884824735,有,有,82,有
某科学的超电磁炮,主线,文类内百合,重要副线,明确女女恋爱欲望,多组异质关系,只有明确关系／欲望事实，无身份自述,所核未见,所核未见,—,—,正篇事实＋强推断＋读者解读,副线,未获同意的性追求与亲吻尝试、疑似下药企图、窃取贴身衣物、反复掀裙与内衣笑料、未成年泳装和身体性笑料、肢体惩罚、暴力与爆炸、昏迷、儿童人体实验及生命危险。,有可对应条目,841,0.060664125834368615,无,无,53,无
歌剧少女!!,主线,文类内百合,缺席,非恋爱,多组异质关系,范围内没有性取向身份依据,所核未见,所核未见,—,—,正篇事实＋读者解读,副线（更纱—暁也为明确男女关系，薰有女对男爱慕单元）,儿童时期遭成年男性性侵害与强迫亲吻、监护人忽视并否定求助、跟踪与越界粉丝、饮食障碍及催吐、体重羞辱和身体凝视、严苛竞争压力。,有可对应条目,847,0.04770547057298419,有,无,20,无
少女☆歌剧 Revue Starlight RONDO·RONDO·RONDO,主线,文类内百合,主线,潜在恋爱,多组异质关系,只有关系性质推断，无身份自述,所核未见,所核未见,范围内版本,可见宣传,正篇事实＋强推断＋读者解读,无,舞台竞争、象征性武器战斗、失去闪耀、强制分离与反复演出。,有可对应条目,866,0.06415458937198068,有,无,60,无
天才麻将少女,主线,文类内百合,主线,潜在恋爱,多组异质关系,只有关系性质推断，无身份自述,是,所核未见,范围内版本,HTML 元数据,正篇事实／强推断,副线,性化评论、洗浴换衣喜剧、家庭分离与竞赛威胁。,有可对应条目,869,0.13048085839183998,有,无,89,无
摇曳百合、,主线,文类内百合,重要副线,明确女女恋爱欲望,多组异质关系,只有明确关系／欲望事实，无身份自述,所核未见,所核未见,范围内版本、原作,出版渠道、故事／角色页、可见宣传,正篇事实／强推断,无,求婚式想象、亲吻拟声、相思病角色扮演、鼻血与身体话题笑料。,有可对应条目,872,0.1045323970635174,有,有,75,有
摇曳百合 夏日时光！,主线,文类内百合,重要副线,潜在恋爱,多组异质关系,只有关系性质推断，无身份自述,是,所核未见,范围内版本、原作,HTML 元数据、故事／角色页、可见宣传,正篇事实／强推断／读者解读,无,中学生群像喜剧、角色幻想中的恋爱情景、澡堂场景、夸张肢体笑料和整蛊,有可对应条目,880,0.11720430107526882,有,无,77,有
Love Live! 虹咲学园校园偶像同好会,主线,文类内百合,主线,潜在恋爱,多组异质关系,只有关系性质推断，无身份自述,所核未见,所核未见,—,—,正篇事实＋强推断,无,害怕分离、嫉妒和占有性语言；“没有对方就无法前进”的依赖表述；过劳与睡眠不足；泳装情节。,有可对应条目,883,0.10938743038981702,有,无,73,无
赛马娘 Pretty Derby 新时代之门,主线,文类内百合,缺席,非恋爱,多组异质关系,范围内没有性取向身份依据,所核未见,所核未见,范围内版本,故事／角色页、可见宣传,正篇事实＋强推断＋读者解读,无,赛场受伤、退赛、过度训练、竞技失败、自我否定、不可见朋友及高强度比赛。,有可对应条目,885,0.018243086218917036,无,无,0,无
特别篇 吹响吧！上低音号～合奏比赛～,主线,文类内百合,主线,潜在恋爱,多组异质关系,只有关系性质推断，无身份自述,所核未见,所核未见,范围内版本,可见宣传,正篇事实／强推断／读者解读,无,社团分组与公开投票、前后辈压力、练习挫败、竞赛压力和第一顺位玩笑。,有可对应条目,905,0.024102193299590263,无,无,0,无
大室家 亲爱的朋友们,主线,文类内百合,重要副线,明确女女交往关系,多组异质关系,只有明确关系／欲望事实，无身份自述,是,是,范围内版本、原作,访谈／评论、出版渠道、可见宣传,正篇事实＋强推断＋读者解读,无,姐妹争吵、恋人身份谜题、朋友间情绪波动、校园喜剧。,有可对应条目,916,0.1433399042523233,有,有,92,有
BanG Dream! 少女乐团派对！☆PICO,主线,文类内百合,缺席,非恋爱,多组异质关系,范围内没有性取向身份依据,所核未见,所核未见,范围内版本、原作,故事／角色页、可见宣传,正篇事实＋强推断＋读者解读,无,Q 版夸张事故与灾害喜剧、身体互换和变形笑点、轻度惊吓、食物与旅行危险玩笑、多乐队角色快速切换。,有可对应条目,920,0.01695633743111488,无,无,0,无
紫罗兰永恒花园 外传 - 永远与自动手记人偶 -,主线,文类内百合,缺席,非恋爱,多组异质关系,范围内没有性取向身份依据,所核未见,所核未见,范围内版本,故事／角色页、可见宣传,正篇事实＋强推断＋读者解读,副线,贫困、童年分离、家庭契约、贵族婚配压力、战争创伤与长期失联。,有可对应条目,922,0.00904977375565611,有,无,0,无
花开伊吕波,重要副线,文类外百合阅读,缺席,非恋爱,多组异质关系,范围内没有性取向身份依据,所核未见,所核未见,—,—,正篇事实＋读者解读,并列,亲职失责与家庭冲突、职场权力压力、绑架与非自愿束缚、性骚扰／窥视、强迫脱衣与未成年角色性化玩笑、言语攻击和肢体冲突。,有可对应条目,928,0.0017672742393790284,无,无,0,无
请问您今天要来点兔子吗？？,主线,文类内百合,缺席,非恋爱,多组异质关系,范围内没有性取向身份依据,所核未见,所核未见,范围内版本,出版渠道、故事／角色页、可见宣传,正篇事实／强推断／读者解读,无,校园与咖啡店日常、姐姐／妹妹式玩笑、制服与咖啡因笑料、朋友分开时的寂寞。,有可对应条目,933,0.11527139389557403,无,无,0,无
剧场总集篇孤独摇滚！ Re:Re:,主线,文类内百合,主线,潜在恋爱,多组异质关系,只有关系性质推断，无身份自述,所核未见,所核未见,范围内版本,可见宣传,正篇事实＋强推断＋读者解读,无,严重社交焦虑、自我否定、文化祭公开表演压力、未经同意提交报名表后的边界协商、舞台事故、成年角色饮酒与总集篇剪辑压缩。,有可对应条目,941,0.044072118011291204,无,无,56,无可对应条目
街角魔族,主线,文类内百合,主线,潜在恋爱,多组异质关系,只有关系性质推断，无身份自述,所核未见,所核未见,—,—,正篇事实＋强推断,无,贫困与食物不足、喜剧化伤害及战斗威胁、侵入梦境并试图用暗示促使对方献血、15 岁角色暴露度较高的变身服装及相关玩笑、家人失踪／被封印与角色可能消失的恐惧。,有可对应条目,947,0.11087253562365801,有,无,70,无
赛马娘 Pretty Derby 巅峰之路,主线,文类内百合,缺席,非恋爱,单一主要关系记录,范围内没有性取向身份依据,所核未见,所核未见,—,—,正篇事实＋强推断＋读者解读,无,未出生双胞胎妹妹死亡与哀悼、幸存者内疚、梦／幻视、自我责罚式训练、伤病风险、强烈竞技压力与哭泣。,有可对应条目,951,0.01348300514235545,无,无,0,无
红白黑黄,主线,文类内百合,缺席,非恋爱,多组异质关系,范围内没有性取向身份依据,所核未见,所核未见,—,—,正篇事实＋强推断＋读者解读,副线，含未获回应的男性对女性调情,枪械与冷兵器战斗、怪物袭击、校园霸凌与勒索、针对 Faunus 的歧视及暴力叙述。,有可对应条目,958,0.02512496711391739,有,无可对应条目,无可对应条目,无可对应条目
魔法使光之美少女！,主线,文类内百合,主线,潜在恋爱,多组异质关系,只有关系性质推断，无身份自述,所核未见,所核未见,—,—,正篇事实＋强推断,副线,幻想战斗、未成年人遇险、分离与失落、反派操纵、单向青春期告白与被拒。,有可对应条目,966,0.09911678115799803,无,无,70,无
玉响～more aggressive～,主线,文类内百合,缺席,非恋爱,多组异质关系,范围内没有性取向身份依据,所核未见,所核未见,范围内版本,出版渠道、故事／角色页,正篇事实／强推断／读者解读,副线,父亲去世后的回忆、毕业与离别情绪，以及反复出现的异性迷恋笑料,有可对应条目,977,0.05324764746385127,有,无,0,无
明天，美食广场见。,主线,文类内百合,主线,潜在恋爱,单一主要关系记录,只有关系性质推断，无身份自述,所核未见,所核未见,—,—,正篇事实＋强推断＋读者解读,副线,性骚扰与掀裙回忆、未成年年龄差性化玩笑、身体笑话、占有欲及以自伤威胁作笑料、网络攻击、抽卡与打赏情节、种族化夸张想象,有可对应条目,992,0.05754297471294883,无,无,37,无
摇曳百合 夏日时光！+,主线,文类内百合,重要副线,潜在恋爱,多组异质关系,只有关系性质推断，无身份自述,是,所核未见,范围内版本、原作,HTML 元数据、故事／角色页、可见宣传,正篇事实＋强推断＋读者解读,无,中学生群像喜剧、水球和湿身笑料、留宿、拍摄睡脸的恶作剧。,有可对应条目,993,0.11353009935710111,有,无,82,有
向阳素描 特别篇,主线,文类内百合,缺席,非恋爱,多组异质关系,范围内没有性取向身份依据,所核未见,所核未见,范围内版本、原作,出版渠道、故事／角色页,正篇事实／强推断／读者解读,副线,泳装与公共泳池、不会游泳的安全话题、校园情书。,有可对应条目,996,0.07871853546910755,有,无,20,无
此花绮谭,主线,文类内百合,主线,明确女女恋爱欲望,多组异质关系,只有明确关系／欲望事实，无身份自述,所核未见,所核未见,—,—,正篇事实＋强推断＋读者解读,无,来客未经同意触碰角色、温泉裸露与身体笑料、冒充熟人诱导亲密、死亡与离别主题,有可对应条目,1000,0.13023047661669276,有,无,73,有
我们不可能成为恋人！绝对不行。 (※似乎可行？),主线,文类内百合,主线,明确女女恋爱欲望,多组异质关系,只有明确关系／欲望事实，无身份自述,是,是,范围内版本,可见宣传,正篇事实／强推断,无,口头拒绝后仍继续亲吻与身体压制、浴室和温泉中的裸露及性化情节、未成年角色间性话题、掌掴、焦虑与反复自我贬低,有可对应条目,1034,0.13817941714937423,有,有,98,有
糖果男孩,主线,文类内百合,主线,明确女女恋爱欲望,多组异质关系,只有明确关系／欲望事实，无身份自述,所核未见,是,范围内版本,出版渠道、可见宣传,正篇事实＋强推断,无,高中年龄亲生双胞胎姐妹间的恋爱指向、床铺与亲密暗示笑料、嫉妒和关系误会、咲夜对奏的单向追求及照片相关表述。,有可对应条目,1036,0.1961820351116414,有,有,94,无
猫头鹰魔法社,主线,文类内百合,重要副线,潜在恋爱,多组异质关系,只有关系性质推断，无身份自述,所核未见,所核未见,—,—,正篇事实／强推断,无,奇幻暴力、未成年人遇险、校园欺凌、受制状态下的强迫约会要求、诅咒变形、控制型家长、家庭分离、监禁及石化威胁。,有可对应条目,1037,0.11320754716981132,无,无可对应条目,无可对应条目,无可对应条目
道子与哈金,主线,文类内百合,重要副线,潜在恋爱,多组异质关系,只有关系性质推断，无身份自述,所核未见,所核未见,—,—,正篇事实／强推断／读者解读,并列,儿童虐待与忽视、强行带走与不稳定照料、持枪暴力、犯罪组织、监禁与逃亡、绑架、以未成年人为威胁对象。,有可对应条目,1039,0.027325275880189175,有,无,0,无
轻拍翻转小魔女,主线,文类内百合,主线,潜在恋爱,多组异质关系,只有关系性质推断，无身份自述,所核未见,所核未见,范围内版本,故事／角色页、可见宣传,正篇事实＋强推断＋读者解读,副线,奇幻暴力与未成年人遇险、组织操控和实验、记忆改写、控制型亲子冲突、身体变化、年龄回退式回忆及校园恐怖情境。,有可对应条目,1049,0.11928866977726912,有,无,79,无
小林家的龙女仆,主线,文类内百合,主线,明确女女恋爱欲望,多组异质关系,只有明确关系／欲望事实，无身份自述,所核未见,是,范围内版本,故事／角色页,正篇事实＋强推断＋读者解读,无,涉及小学生角色的性化笑料、成年外形角色对小学生反复作出令其抗拒的身体接近、裸露与身体笑料、嫉妒和占有欲笑料、饮酒、奇幻暴力与死亡威胁。,有可对应条目,1071,0.09065975272664938,有,有,79,无
强袭魔女 通往柏林之路,主线,文类内百合,重要副线,潜在恋爱,多组异质关系,只有关系性质推断，无身份自述,所核未见,所核未见,范围内版本,故事／角色页、可见宣传,正篇事实／强推断／读者解读,无,战争、未成年参战、负伤与死亡威胁、裸体及内衣式服装取景、第 7 话身体笑料与带性意味的接触。,有可对应条目,1085,0.09796854521625163,有,无,0,无
Love Live! 虹咲学园校园偶像同好会 第二季,主线,文类内百合,重要副线,潜在恋爱,多组异质关系,只有关系性质推断，无身份自述,所核未见,所核未见,范围内版本,故事／角色页、可见宣传,正篇事实＋强推断＋读者解读,无,分离焦虑、依赖与排他表达；竞争与误解；同好会重组；偶像演出和轻度服务性镜头。,有可对应条目,1093,0.09059346859064772,有,无,60,无
请问您今天要来点兔子吗？？～Dear My Sister～,主线,文类内百合,缺席,非恋爱,多组异质关系,范围内没有性取向身份依据,所核未见,所核未见,范围内版本,故事／角色页、可见宣传,正篇事实＋强推断＋读者解读,无,暂时离开共同生活场所造成的失落与想念，家庭团聚与姐妹称呼，未成年角色的泳装、换装和身材笑料；英文字幕未同步画面复核。,有可对应条目,1103,0.10358949650686582,无,无,0,无
NEW GAME!! 第二季,主线,文类内百合,重要副线,明确女女恋爱欲望,多组异质关系,只有明确关系／欲望事实，无身份自述,所核未见,所核未见,范围内版本,故事／角色页、可见宣传,正篇事实＋强推断＋读者解读,无,职场加班与留宿、成人饮酒、身体与换装笑话、恋爱式误会主要以喜剧方式呈现。,有可对应条目,1118,0.1222540010953569,无,无,0,无
玉响～hitotose～,主线,文类内百合,缺席,非恋爱,多组异质关系,范围内没有性取向身份依据,所核未见,所核未见,范围内版本,出版渠道、故事／角色页,正篇事实／强推断／读者解读,无,父亲去世与遗物照片带来的回忆和悲伤、迁居、旧友重逢与离别情绪,有可对应条目,1123,0.046466912353789455,有,无,0,无
BanG Dream! 少女乐团派对！☆PICO～大份～,主线,文类内百合,缺席,非恋爱,多组异质关系,范围内没有性取向身份依据,所核未见,所核未见,范围内版本,出版渠道、故事／角色页、可见宣传,正篇事实／强推断／读者解读,无,Q 版事故、灾害与身体变形喜剧，快速切换的群像短篇,有可对应条目,1147,0.0426550598476605,有,无,0,无
NEW GAME!,主线,文类内百合,重要副线,潜在恋爱,多组异质关系,只有关系性质推断，无身份自述,所核未见,所核未见,—,—,正篇事实＋强推断,无,长期加班与留宿公司、内衣与换装笑话、游戏角色裙底笑话、成人职场饮酒、仿真枪与气枪笑话。,有可对应条目,1154,0.11581988923669637,有,无,0,无
少女与战车 这次是真正的安齐奥战！,主线,文类内百合,缺席,非恋爱,多组异质关系,范围内没有性取向身份依据,所核未见,所核未见,范围内版本,可见宣传,正篇事实／强推断／读者解读,无,战车炮击、车辆损伤、竞技险情、学校经费压力与夸张的队长崇拜喜剧,有可对应条目,1157,0.06391042204995694,有,无,0,无
BanG Dream! FILM LIVE 2nd Stage,主线,文类内百合,局部,潜在恋爱,多组异质关系,只有关系性质推断，无身份自述,所核未见,所核未见,范围内版本,出版渠道、可见宣传,正篇事实／强推断／读者解读,无,演唱会音量与闪光、舞台竞争、大量歌曲表演、关系推进有限,有可对应条目,1170,0.03587443946188341,无,无,0,无
剧场版 黄金拼图 谢谢你!!,主线,文类内百合,主线,潜在恋爱,多组异质关系,只有关系性质推断，无身份自述,所核未见,所核未见,范围内版本,故事／角色页、可见宣传,正篇事实／强推断／读者解读,无,毕业与分离焦虑、恋爱话题和暧昧配对笑料、旅行中的更衣与身体话题笑料。,有可对应条目,1178,0.11762523191094619,有,无,0,无
剧场总集篇孤独摇滚！ Re:,主线,文类内百合,局部,明确女女恋爱欲望,多组异质关系,只有明确关系／欲望事实，无身份自述,所核未见,所核未见,范围内版本,可见宣传,正篇事实／强推断／读者解读,无,严重社交焦虑、公开演出压力、夸张出丑笑料、成年角色饮酒及借钱笑料。,有可对应条目,1180,0.03678666876277315,无,无,65,无可对应条目
天才麻将少女 全国篇,主线,文类内百合,重要副线,潜在恋爱,多组异质关系,只有关系性质推断，无身份自述,所核未见,所核未见,范围内版本,故事／角色页、可见宣传,正篇事实／强推断／读者解读,无,高中生麻将比赛中的高压、晕厥与身体危险；超能力化的竞技表现和夸张身体反应；家庭分离、姊妹矛盾与全国赛压力；部分喜剧段落包含对高中女生身体的性化评论。,有可对应条目,1197,0.1267123287671233,有,无,75,无
魔法少女奈叶,主线,文类内百合,缺席,非恋爱,多组异质关系,范围内没有性取向身份依据,所核未见,所核未见,—,—,正篇事实＋读者解读,副线,儿童虐待、替代身份危机、儿童战斗与空间灾害,有可对应条目,1203,0.08205417607223477,无,无,75,无
亲吻那片花瓣「恋人的羁绊」,主线,文类内百合,主线,明确女女交往关系,单一主要关系记录,只有明确关系／欲望事实，无身份自述,是,是,相邻版本、范围内版本、原作,HTML 元数据、故事／角色页、可见宣传,正篇事实＋强推断,无,18+成人内容；照护与亲密发展交错,有可对应条目,1209,0.21442334159097165,有,无可对应条目,96,有
大剑,主线,文类内百合,缺席,非恋爱,多组异质关系,范围内没有性取向身份依据,所核未见,所核未见,—,—,正篇事实／强推断／读者解读,并列,大量肢解与流血、食人和身体恐怖、儿童受虐与遇险、性暴力威胁、人体改造、酷刑、死亡、自我牺牲、自杀及请求他人结束生命,有可对应条目,1217,0.03054474708171206,有,无,0,无
Princess Principal,主线,文类内百合,主线,潜在恋爱,单一主要关系记录,只有关系性质推断，无身份自述,所核未见,所核未见,—,—,正篇事实＋强推断＋读者解读,无,枪击与死亡、暗杀和政变、自尽、儿童遭殴打及人体实验、家庭暴力、贫困与阶级歧视、战争与革命、身份互换和长期冒名。,有可对应条目,1221,0.10970944901115,有,无,0,无
BanG Dream! 第三季,主线,文类内百合,重要副线,潜在恋爱,多组异质关系,只有关系性质推断，无身份自述,所核未见,所核未见,范围内版本、原作,故事／角色页、可见宣传,正篇事实／强推断／读者解读,无,竞赛压力与失败、团队冲突与排斥、成员离队和寻找失联伙伴、学校与舞台压力。,有可对应条目,1253,0.056658656886303276,无,无,60,无
BanG Dream! 少女乐团派对！☆PICO FEVER！,主线,文类内百合,缺席,非恋爱,多组异质关系,范围内没有性取向身份依据,所核未见,所核未见,范围内版本,出版渠道、故事／角色页、可见宣传,正篇事实／强推断／读者解读,无,Q 版夸张事故、灾害和身体变形喜剧，快速切换角色与三分钟短篇结构。,有可对应条目,1265,0.028327097808658473,无,无,0,无
请问您今天要来点兔子吗？,主线,文类内百合,重要副线,明确女女恋爱欲望,多组异质关系,只有明确关系／欲望事实，无身份自述,所核未见,所核未见,—,—,正篇事实＋强推断,无,未成年角色的更衣、内衣、泳装与身材笑料，兔女郎式制服，枪械和刀具笑料，咖啡因醉态，患病及死亡／哀伤提及。,有可对应条目,1278,0.11695203349778202,无,无,0,无
旋转少女,主线,文类内百合,缺席,非恋爱,多组异质关系,范围内没有性取向身份依据,所核未见,所核未见,—,—,正篇事实／强推断／读者解读,副线,夸张战斗与爆炸、绑架和人质危机、重伤住院、地区武装冲突、温泉裸露与身体笑料、控制型亲子关系。,有可对应条目,1322,0.07171717171717172,有,无,0,无
HELLO!! 黄金拼图,主线,文类内百合,主线,潜在恋爱,多组异质关系,只有关系性质推断，无身份自述,所核未见,所核未见,范围内版本,出版渠道、故事／角色页、可见宣传,正篇事实／强推断／读者解读,无,高中女生的泳装、身高和身体笑料；跨文化和金发刻板笑点；占有式反应、追逐和夸张肢体喜剧；朋友暂时分别带来的寂寞。,有可对应条目,1326,0.13393638751094253,有,无,0,无
校园乌托邦 学美向前冲！,主线,文类内百合,缺席,非恋爱,多组异质关系,范围内没有性取向身份依据,所核未见,所核未见,范围内版本,故事／角色页,正篇事实＋读者解读,副线,学校合并与活动取消压力、童年同伴利用与孤立的回忆、火灾、可疑成年男性进入女子校活动、喜剧性碰撞与受伤。,有可对应条目,1336,0.07044299201161947,有,无,0,无
Front Innocent,重要副线,文类外百合阅读,重要副线,明确女女恋爱欲望,多组异质关系,只有明确关系／欲望事实，无身份自述,所核未见,所核未见,范围内版本,可见宣传,正篇事实／强推断／读者解读,并列,成人性内容、三人结构、姐妹称呼与主仆权力差；字幕含拒绝、请求回家与被带走的台词，完整画面与语境未核实。,有可对应条目,1340,0.050573300573300575,有,无可对应条目,64,无
安达与岛村,主线,文类内百合,主线,明确女女恋爱欲望,单一主要关系记录,只有明确关系／欲望事实，无身份自述,所核未见,是,范围内版本,访谈／评论,正篇事实＋强推断,无,逃课、社会孤立、嫉妒与独占愿望；未经事先确认的突然拉手与拥抱，随后出现明确制止或许可对话。,有可对应条目,1341,0.16473355069752527,有,有,93,无
青之花,主线,文类内百合,主线,明确女女交往关系,多组异质关系,只有明确关系／欲望事实，无身份自述,所核未见,是,范围内版本,可见宣传,正篇事实／强推断,并列,列车性骚扰、与年长女性亲属的过往恋爱及年龄／家庭关系差、家人盘问同性关系与性行为、对女高中生身体的评论、学生对成年教师的单恋、婚约安排、失恋与分手。,有可对应条目,1355,0.1602641056422569,有,有,94,有
战姬绝唱SYMPHOGEAR XV,主线,文类内百合,主线,潜在恋爱,单一主要关系记录,只有关系性质推断，无身份自述,所核未见,所核未见,范围内版本,故事／角色页、可见宣传,正篇事实／强推断,无,超自然战斗、爆炸与重伤、死亡和创伤、精神操控与身体夺取、战争与大规模伤亡威胁。,有可对应条目,1356,0.0837874659400545,有,无,100,无
冰雪奇缘,主线,非百合,缺席,非恋爱,多组异质关系,范围内没有性取向身份依据,所核未见,所核未见,范围内版本、原作,出版渠道、可见宣传,正篇事实／强推断／读者解读,副线,姐妹长期隔离、失去父母、严寒与魔法失控、角色短暂濒危、求婚表象与背叛。,有可对应条目,1369,0.037089871611982884,有,无可对应条目,无可对应条目,无可对应条目
Smile 光之美少女！,主线,文类内百合,缺席,非恋爱,多组异质关系,范围内没有性取向身份依据,所核未见,所核未见,—,—,正篇事实＋强推断＋读者解读,副线,幻想战斗与受伤、未成年人遇险、反派操控绝望情绪、亲人离世回忆、世界毁灭威胁、离别悲伤、未确认的青春期异性初恋。,有可对应条目,1371,0.03138201569100785,无,无,0,无
花物语,主线,文类内百合,局部,明确女女恋爱欲望,多组异质关系,明确身份自述,所核未见,所核未见,范围内版本,故事／角色页、可见宣传,正篇事实／强推断／读者解读,无,自杀意念与不幸经历、身体异变、欺骗与情绪操纵、女性对女性的吸引表达。,有可对应条目,1373,0.019790382244143034,有,无,72,无
天使降临到了我身边！,主线,文类内百合,主线,明确女女恋爱欲望,多组异质关系,只有明确关系／欲望事实，无身份自述,是,是,范围内版本、原作,出版渠道、可见宣传,正篇事实＋强推断,无,女大学生对小学五年级儿童的一见钟情式迷恋；甜点换穿服装及拍照；拒绝或限制后继续请求、连拍与偷拍；成人同龄人的长期观察与尾随。,有可对应条目,1385,0.11331393233903238,有,有,76,无
玉响,主线,文类内百合,缺席,非恋爱,多组异质关系,范围内没有性取向身份依据,所核未见,所核未见,范围内版本,出版渠道、故事／角色页、可见宣传,正篇事实／强推断／读者解读,无,父亲去世与遗物相机带来的回忆和悲伤、迁居、重新交友与创作焦虑；具体身体或亲密场面因缺少完整字幕和视听材料无法穷尽。,有可对应条目,1391,0.0525676613462873,无,无,0,无
魔法少女奈叶StrikerS,主线,文类内百合,重要副线,潜在恋爱,多组异质关系,只有关系性质推断，无身份自述,所核未见,所核未见,范围内版本,故事／角色页、可见宣传,正篇事实／读者解读,无,军事组织、未成年战斗与重伤、人工生命、囚禁、身体改造和创伤。,有可对应条目,1394,0.09081954294720253,有,无,79,无
深夜重拳,主线,文类内百合,主线,潜在恋爱,多组异质关系,只有关系性质推断，无身份自述,所核未见,所核未见,—,—,正篇事实／强推断／读者解读,无,网络炎上与围攻、直播中的肢体冲突、反复追求吸血及身体边界协商、痛感描写、强制转化为吸血鬼的回忆、死亡与长期哀悼、酒精与赌博、欺骗式大型恶作剧。,有可对应条目,1395,0.08637830008558825,无,无,86,无
魔法少女奈叶 Detonation,主线,文类内百合,主线,潜在恋爱,多组异质关系,只有关系性质推断，无身份自述,所核未见,所核未见,范围内版本,访谈／评论、故事／角色页、可见宣传,正篇事实＋强推断＋读者解读,无,魔法战斗、重伤、亲友背叛、复仇、家庭病痛、身份控制与暴力画面,有可对应条目,1398,0.08078817733990148,有,无,66,无
我们不可能成为恋人！绝对不行。 (※似乎可行？) 〜再次闪耀！〜,主线,文类内百合,主线,明确女女交往关系,多组异质关系,只有明确关系／欲望事实，无身份自述,是,是,范围内版本、原作,故事／角色页、可见宣传,正篇事实／强推断,无,多名女性围绕同一主角的告白与嫉妒、同时交往及“二股”讨论、对同性恋爱是否普通的自我怀疑、cosplay、旅馆与浴室情节、身体暴露、自责与自我贬低,有可对应条目,1408,0.13648157758173327,有,有,97,有
公主大人“拷问”的时间到了 第二季,主线,文类内百合,缺席,非恋爱,多组异质关系,范围内没有性取向身份依据,所核未见,所核未见,范围内版本,故事／角色页、可见宣传,正篇事实／强推断／读者解读,无,拘禁与喜剧化拷问、制度权力不对等、阵营冲突、魔法失控和轻度身体危险。,有可对应条目,1418,0.015759787657597876,无,无,0,无
黄金拼图,主线,文类内百合,主线,潜在恋爱,多组异质关系,只有关系性质推断，无身份自述,所核未见,所核未见,—,—,正篇事实／强推断／读者解读,无,胸围、体型、泳装、内衣与入浴笑料，以及对金发和国籍差异的夸张调侃。,有可对应条目,1442,0.12896134823227698,有,无,0,无
Love Live! 学园偶像 电影,主线,文类内百合,主线,潜在恋爱,多组异质关系,只有关系性质推断，无身份自述,所核未见,所核未见,范围内版本,可见宣传,正篇事实＋强推断＋读者解读,无,毕业与团体结束压力、异国行程、离别与未来选择。,有可对应条目,1443,0.057655436866611884,无,无,0,无
结城友奈是勇者 -鹫尾须美之章-/-勇者之章-,主线,文类内百合,主线,潜在恋爱,多组异质关系,只有关系性质推断，无身份自述,所核未见,所核未见,范围内版本,故事／角色页、可见宣传,正篇事实／强推断／读者解读,无,战斗、牺牲与死亡风险、身体衰弱、自伤表述、强烈情绪依存,有可对应条目,1447,0.12283922288511549,有,无可对应条目,50,无
请问您今天要来点兔子吗？？～Sing for You～,主线,文类内百合,缺席,非恋爱,多组异质关系,范围内没有性取向身份依据,所核未见,所核未见,范围内版本,出版渠道、故事／角色页、可见宣传,正篇事实／强推断／读者解读,无,公开演出焦虑、对亡母的追忆、日常喜剧、自动转写准确度限制,有可对应条目,1465,0.09786921381337252,无,无,0,无
玛纳利亚的密友,主线,文类内百合,主线,明确女女恋爱欲望,单一主要关系记录,只有明确关系／欲望事实，无身份自述,所核未见,所核未见,—,—,正篇事实＋强推断,无,奇幻战斗与校园灾害演习、对身体变化和换装的喜剧性言谈、嫉妒、短暂争执与分离焦虑、以爱情魔药制造的喜剧桥段；现有材料没有确认接吻、交往或性描写。,有可对应条目,1469,0.14481842338352524,有,有,88,无
BanG Dream! 第二季,主线,文类内百合,缺席,非恋爱,多组异质关系,范围内没有性取向身份依据,所核未见,所核未见,范围内版本,故事／角色页、可见宣传,正篇事实／强推断／读者解读,无,竞赛压力与失败、成员时间冲突、能力差异与临场失误、学校与舞台压力。,有可对应条目,1471,0.07496128033040785,有,无,20,无
读或死 OVA,主线,文类外百合阅读,主线,潜在恋爱,多组异质关系,只有关系性质推断，无身份自述,所核未见,所核未见,范围内版本,出版渠道、故事／角色页、可见宣传,正篇事实＋强推断＋读者解读,副线,间谍行动、枪战、爆炸、克隆与身份置换；男女恋爱、操纵、背叛、牺牲与死亡。,有可对应条目,1474,0.05343292157426027,有,无,0,无
风灵玉秀,主线,文类内百合,主线,潜在恋爱,单一主要关系记录,只有关系性质推断，无身份自述,所核未见,所核未见,—,—,正篇事实＋强推断,副线,武打与武器、流血和重伤、绑架与囚禁、下药和中毒、死亡威胁、人体与内力操控、饮酒。,有可对应条目,1475,0.15547214539707627,有,有,84,无
暴力宇宙海贼,重要副线,文类外百合阅读,重要副线,明确女女交往关系,多组异质关系,只有明确关系／欲望事实，无身份自述,所核未见,所核未见,—,—,正篇事实＋读者解读,无,强迫政治婚约、父权式家族与企业控制、绑架伪装和追捕、公司贪腐与武器走私、宇宙战斗和未成年角色受险。,有可对应条目,1500,0.06921764562515233,有,无,0,无
魍魉之匣,重要副线,文类外百合阅读,重要副线,明确女女恋爱欲望,单一主要关系记录,只有明确关系／欲望事实，无身份自述,所核未见,所核未见,—,—,正篇事实＋强推断＋读者解读,并列,未成年人受险与死亡、推落站台、连环杀人与肢解、身体恐怖、活体切割与医学实验、亲子虐待与宗教操控、近亲性关系、成年人对未成年人的欲望、战时人体实验、自杀言行。,有可对应条目,1510,0.013974517057131115,无,无,0,无
Love Live! 第二季,主线,文类内百合,主线,潜在恋爱,多组异质关系,只有关系性质推断，无身份自述,所核未见,所核未见,范围内版本、原作,可见宣传,正篇事实＋强推断＋读者解读,无,毕业与团体解散、失去共同体的焦虑、校园偶像竞争和表演压力、性别气质取笑、泳装／洗浴／更衣相关场景。,有可对应条目,1513,0.05634479445473887,无,无,0,无
六翼天使之声,重要副线,文类外百合阅读,重要副线,明确女女恋爱欲望,多组异质关系,只有明确关系／欲望事实，无身份自述,所核未见,所核未见,—,—,正篇事实／强推断／读者解读,并列,双胞胎姐妹接吻与近亲指向、依存和身份融合、女女关系中的施压与边界侵犯、裸体绘画模特、偷窥式隐藏摄像、梦境中的持刀及自杀表述、亲人死亡与哀伤、爆炸及事故。,有可对应条目,1528,0.05661322645290581,有,无,0,无
结城友奈是勇者 -鹫尾须美之章- 第3章 约定,主线,文类内百合,缺席,非恋爱,多组异质关系,范围内没有性取向身份依据,所核未见,所核未见,范围内版本,故事／角色页、可见宣传,正篇事实／强推断／读者解读,无,儿童死亡与葬礼、遗属哀伤、激烈战斗、身体机能及记忆丧失、制度性利用与强制存活。,有可对应条目,1550,0.09377960214714241,有,无,0,无
舞-HiME,重要副线,文类外百合阅读,重要副线,明确女女恋爱欲望,多组异质关系,只有明确关系／欲望事实，无身份自述,所核未见,是,范围内版本,故事／角色页,正篇事实、强推断、读者解读,主导,睡眠中非自愿亲吻、占有与控制、针对第三者的暴力、同性欲望污名化、精神操控、朋友间强制战斗、暂时死亡、哀伤、裸露与性化画面。,有可对应条目,1569,0.11367673179396093,有,无,62,有
邪神与厨二病少女’,主线,文类内百合,主线,潜在恋爱,多组异质关系,只有关系性质推断，无身份自述,所核未见,所核未见,企划、范围内版本,故事／角色页、可见宣传,正篇事实／强推断／读者解读,无,肢解与出血黑色喜剧、强制同居、谋杀企图、赌博与借贷、跟踪和权力滥用、饥饿及性化笑料,有可对应条目,1602,0.07037064882339673,有,无,10,无
对圣母玛利亚保密喔,主线,文类外百合阅读,重要副线,潜在恋爱,多组异质关系,只有关系性质推断，无身份自述,所核未见,所核未见,—,—,正篇事实＋强推断＋读者解读,副线,片场／NG 恶搞、摔打与失态笑料、贬损性称呼、酒精与醉酒笑话、裙装／内衣／换装笑料，以及局部男友与婚姻假设。,有可对应条目,1618,0.15213358070500926,有,有,79,有
电影 摇曳露营△,主线,文类内百合,缺席,非恋爱,多组异质关系,范围内没有性取向身份依据,所核未见,所核未见,范围内版本,故事／角色页、可见宣传,正篇事实＋强推断＋读者解读,无,成年工作压力、项目中止、地方设施改造、露营施工与户外安全风险。,有可对应条目,1630,0.06375838926174497,无,无,0,无
少女手工,重要副线,文类外百合阅读,重要副线,潜在恋爱,单一主要关系记录,只有关系性质推断，无身份自述,所核未见,所核未见,—,—,正篇事实／强推断／读者解读,无,工具误操作与反复轻伤的喜剧化表现、丧亲回忆、短暂离别,有可对应条目,1637,0.05822762508809021,有,无,36,无
随风舞月影兰,主线,文类内百合,缺席,非恋爱,多组异质关系,范围内没有性取向身份依据,所核未见,是,范围内版本,故事／角色页、可见宣传,正篇事实／读者解读,副线,刀剑与拳法暴力、绑架和人口贩运、药物依赖与死亡、宗教诈骗、诬告与处刑威胁，以及喜剧性裸露和偷窥,有可对应条目,1652,0.07357449417535254,有,无,0,无
百合熊风暴,主线,文类内百合,主线,明确女女交往关系,多组异质关系,只有明确关系／欲望事实，无身份自述,所核未见,是,范围内版本,故事／角色页,正篇事实,无,死亡、枪击与食人意象，校园欺凌和集体排除，性化裸露与暗示，成年人对未成年学生的捕食性接近及强迫接吻未遂，嫉妒、背叛、丧亲、童年伤害、记忆抹除与身体变形。,有可对应条目,1659,0.1376893511191499,有,有,94,有
强袭魔女 剧场版,主线,文类内百合,重要副线,潜在恋爱,多组异质关系,只有关系性质推断，无身份自述,所核未见,所核未见,范围内版本,故事／角色页、可见宣传,正篇事实＋强推断＋读者解读,无,战争、空战、负伤和牺牲风险；部队解散与重组压力；频繁裸体、内衣式服装和身体凝视笑料；前后辈崇拜、守护和分离情绪。,有可对应条目,1692,0.1052813255091474,有,无,0,无
英雄联盟：双城之战 第二季,主线,文类内百合,重要副线,明确女女恋爱欲望,多组异质关系,只有明确关系／欲望事实，无身份自述,所核未见,所核未见,范围内版本,访谈／评论、可见宣传,正篇事实＋强推断＋读者解读,副线,战争、死亡与儿童受伤威胁、姐妹创伤、监禁与政治暴力、酒精滥用、地下格斗、自我毁灭／自杀意念、背叛，以及 Vi／Caitlyn 的冲突与高强度情感对话。,有可对应条目,1694,0.006837961044343141,无,无可对应条目,无可对应条目,无可对应条目
天才麻将少女 阿知贺篇,主线,文类内百合,重要副线,潜在恋爱,多组异质关系,只有关系性质推断，无身份自述,是,所核未见,范围内版本,HTML 元数据,正篇事实＋强推断,无,麻将竞技压力、晕厥与住院、丧母回忆、对高中女生身体的性化玩笑。,有可对应条目,1728,0.12518697503164192,有,无,83,无
强袭魔女2,主线,文类内百合,重要副线,潜在恋爱,多组异质关系,只有关系性质推断，无身份自述,所核未见,所核未见,范围内版本,出版渠道、故事／角色页、可见宣传,正篇事实＋强推断＋读者解读,无,战争与空战、青少年参战、负伤与死亡威胁、频繁裸体及内衣式服装、身体凝视与浴室笑料、带性意味的接触、牺牲式守护。,有可对应条目,1747,0.10858416945373467,有,无,55,无
忍者与杀手二人组的日常生活,主线,文类内百合,主线,明确女女交往关系,多组异质关系,只有明确关系／欲望事实，无身份自述,所核未见,是,范围内版本,可见宣传,正篇事实／强推断／读者解读,无,频繁杀人、肢解与尸体处理，血腥重伤、绑架监禁、非自愿人体实验、年龄倒退与身份扰乱、家庭创伤、身体笑料、赌博成瘾和经济剥削。,有可对应条目,1751,0.10006761325219743,无,无,77,无
蔷薇少女 序曲,主线,文类外百合阅读,缺席,非恋爱,多组异质关系,范围内没有性取向身份依据,所核未见,所核未见,范围内版本,出版渠道、故事／角色页,正篇事实＋强推断＋读者解读,无,人偶未完成状态、创造者承认焦虑、身体衰弱与行走练习、战斗、关系破裂及伤害性言语。,有可对应条目,1764,0.0296220633299285,有,无,0,无
AIURA,主线,文类内百合,缺席,非恋爱,单一主要关系记录,范围内没有性取向身份依据,所核未见,所核未见,—,—,正篇事实／强推断／读者解读,无,喜剧化肘击、敲打、假死与死亡玩笑；心肺复苏假设；拍摄未成年女高中生裸腿的笑话,有可对应条目,1766,0.06982085438677078,有,无,0,无
偶像大师 灰姑娘女孩 第二季,主线,文类内百合,缺席,非恋爱,多组异质关系,范围内没有性取向身份依据,所核未见,所核未见,范围内版本,出版渠道、可见宣传,正篇事实／强推断／读者解读,无,项目解体威胁、竞争性选拔、工作压力、失去自信、情绪低落、组合分流、舞台责任与未成年人过劳风险。,有可对应条目,1779,0.02225047679593134,无,无,0,无
魔女之旅,重要副线,文类外百合阅读,重要副线,明确女女恋爱欲望,多组异质关系,只有明确关系／欲望事实，无身份自述,所核未见,所核未见,—,—,正篇事实＋强推断＋读者解读,副线,反复求婚与共同生活要求被喜剧化处理、魔法导致的非自愿情感暴露、姐妹间欲望、身体互换、家庭虐待暗示、奴役、怀孕与亲人或恋人被杀、较强暴力和血腥场面、身体边界侵犯。,有可对应条目,1790,0.08710537319673844,有,无,52,无
小鸟之翼 高尔夫少女,主线,文类内百合,主线,明确女女恋爱欲望,单一主要关系记录,只有明确关系／欲望事实，无身份自述,所核未见,是,范围内版本,可见宣传,正篇事实＋强推断＋读者解读,无,地下赌博与犯罪组织胁迫、枪击与致命暴力、贫困和强制拆迁、带性意味的威吓与身体边界侵犯、未成年角色处于高风险环境、少量裸露与性化玩笑,有可对应条目,1806,0.12479652740097667,有,无,46,无
穷神,主线,文类内百合,缺席,非恋爱,多组异质关系,范围内没有性取向身份依据,所核未见,所核未见,—,—,正篇事实＋强推断＋读者解读,副线,未经同意的触摸与女浴区侵入、偷窥／性骚扰笑料、胸部和身体羞辱、性化服装、暴力与强制夺取能力、校园排斥与背叛回忆、家庭缺席、身体及人格变化危机。,有可对应条目,1817,0.03344198961728842,无,无,0,无
Love Live!,主线,文类内百合,主线,潜在恋爱,多组异质关系,只有关系性质推断，无身份自述,所核未见,所核未见,—,—,正篇事实＋强推断＋读者解读,无,过度训练后病倒、朋友隐瞒离别计划与关系破裂、未经同意的胸部触碰笑料、泳装与洗浴场景、外貌及体型笑料。,有可对应条目,1818,0.05868327575300472,无,无,0,无
恋爱研究所,主线,文类内百合,局部,潜在恋爱,多组异质关系,只有关系性质推断，无身份自述,所核未见,所核未见,—,—,正篇事实＋强推断＋读者解读,副线,校园纪律压力、秘密与谎言引发的信任破裂、学生恋爱被调查、恋爱练习中的性别角色笑料。,有可对应条目,1826,0.11263408820023837,有,无,0,无
天使特警,主线,文类内百合,主线,潜在恋爱,单一主要关系记录,只有关系性质推断，无身份自述,所核未见,所核未见,—,—,正篇事实／强推断／读者解读,副线,科幻战斗与死亡、阶级压迫与制度暴力、记忆操控、身体更替与复制人、自杀意念、药物及医疗危机、儿童受威胁、少量性化画面及骚扰式玩笑,有可对应条目,1845,0.11144130757800892,有,无,70,无
竹剑少女,重要副线,文类外百合阅读,重要副线,明确女女恋爱欲望,多组异质关系,只有明确关系／欲望事实，无身份自述,所核未见,所核未见,—,—,正篇事实＋读者解读,副线,跟踪、反复拍摄及制作等身人像，利用他人制造嫉妒；另有冒充家属、把参赛者骗离赛场并反锁、校园斗殴、欺凌、比赛受伤及师长失职。,有可对应条目,1852,0.05342551854179761,有,无,0,无
神推偶像登上武道馆我就死而无憾,主线,文类内百合,主线,明确女女恋爱欲望,多组异质关系,只有明确关系／欲望事实，无身份自述,是,是,范围内版本、原作,出版渠道、故事／角色页,正篇事实＋强推断,并列,大额购买唱片和付费接触、带病或受伤工作与观演、夸张伤病喜剧、偶像恋爱禁忌、绯闻压力和粉丝占有欲。,有可对应条目,1854,0.12329137907700637,有,有,85,无
房间露营△,主线,文类内百合,缺席,非恋爱,多组异质关系,范围内没有性取向身份依据,所核未见,所核未见,范围内版本,故事／角色页、可见宣传,正篇事实／读者解读,无,短篇节奏、旅行与道路活动、轻度地方传说惊吓,有可对应条目,1865,0.0469790675547098,无,无,0,无
前桥魔女,主线,文类内百合,缺席,非恋爱,多组异质关系,范围内没有性取向身份依据,所核未见,所核未见,—,—,正篇事实＋读者解读,无,校园排斥与身体羞辱、家庭压力和丧亲、记忆消除与身份动摇、顾客遭遇的单恋和关系欺瞒、愿望被替人决定、社交媒体比较、经济／学业压力、青少年被成年人操纵参与魔法劳动。,有可对应条目,1867,0.04794879865701395,无,无,46,无
玛利亚狂热,主线,文类内百合,主线,明确女女恋爱欲望,多组异质关系,只有明确关系／欲望事实，无身份自述,是,是,范围内版本,故事／角色页,正篇事实／强推断,无,以女性向欲望和鼻血作反复笑料、对女学生身体的性化凝视、胁迫与秘密威胁、被迫同住和监视、羞辱性称呼与校园排斥、性别表达被用于欺骗和揭露笑料、宗教学校意象戏仿。,有可对应条目,1872,0.09286495684939833,有,有,79,有
光之美少女,主线,文类内百合,缺席,非恋爱,单一主要关系记录,范围内没有性取向身份依据,所核未见,所核未见,范围内版本,故事／角色页,正篇事实＋强推断＋读者解读,副线,幻想战斗与未成年人遇险、敌方胁迫、离别与哀伤、校园冲突。,有可对应条目,1902,0.04450499545867393,无,无,57,无
夜樱四重奏 花之歌,重要副线,文类外百合阅读,局部,明确女女恋爱欲望,多组异质关系,只有明确关系／欲望事实，无身份自述,所核未见,是,范围内版本,故事／角色页,正篇事实＋强推断＋读者解读,副线,奇幻战斗与未成年人遇险、附身和强制送往异界的威胁、青少年角色的泳装／身体笑料、姐妹死亡与家庭创伤、人类—妖怪歧视和牺牲政策、饮酒笑料。,有可对应条目,1928,0.01883745963401507,无,无,0,无
Endro~！,主线,文类内百合,重要副线,明确女女恋爱欲望,多组异质关系,只有明确关系／欲望事实，无身份自述,所核未见,是,范围内版本,故事／角色页,正篇事实／强推断／读者解读,无,奇幻战斗与怪物威胁、时间回溯与记忆影响、朋友实施的绑架骗局、涉及年轻外形角色的泳装及性化画面、学校与师生权力结构,有可对应条目,1930,0.10120177103099304,有,无,66,无
回忆中的玛妮,主线,文类外百合阅读,主线,潜在恋爱,多组异质关系,只有关系性质推断，无身份自述,所核未见,所核未见,范围内版本,访谈／评论、可见宣传,正篇事实／强推断／读者解读,副线,哮喘与慢性病、童年忽视与女仆欺凌、寄养与家庭遗弃焦虑、发烧与筒仓恐惧、父母死亡与哀伤、跨代家庭创伤和记忆混淆。,有可对应条目,1933,0.03544929925803792,无,无,0,无
侦探歌剧 少女福尔摩斯 ～逆袭的少女福尔摩斯～,主线,文类内百合,缺席,非恋爱,多组异质关系,范围内没有性取向身份依据,所核未见,所核未见,范围内版本,出版渠道、故事／角色页、可见宣传,正篇事实／强推断／读者解读,无,夸张战斗、温泉与身体笑料、能力丧失、团队挫败、催眠操控、侦探／怪盗／警察多方冲突。,有可对应条目,1944,0.06359102244389027,无,无,0,无
轻声密语,主线,文类内百合,主线,明确女女交往关系,多组异质关系,只有明确关系／欲望事实，无身份自述,所核未见,是,范围内版本,故事／角色页,正篇事实／强推断,副线,单恋、拒绝与失去友谊焦虑、同性倾向带来的孤立与污名压力、以喜剧处理的暴露隐私和胁迫、女装及性别表达喜剧、涉及青少年角色的泳装／服务性画面、空手道暴力与肢体喜剧,有可对应条目,1957,0.17713669452682665,有,有,92,有
上伊那牡丹，酒醉身姿似百合花般,主线,文类内百合,主线,明确女女交往关系,多组异质关系,只有明确关系／欲望事实，无身份自述,所核未见,所核未见,—,—,正篇事实＋强推断＋读者解读,无,贯穿全季的饮酒与醉态、吸烟、夜间酒吧及俱乐部、醉后判断能力降低、穿耳洞与亲密行动中的边界确认、关系不确定与嫉妒。,有可对应条目,1968,0.14813266443701226,有,有,93,有
库拉乌 幻之记忆,主线,文类内百合,缺席,非恋爱,单一主要关系记录,范围内没有性取向身份依据,所核未见,所核未见,—,—,正篇事实＋强推断＋读者解读,副线，终话英语字幕出现圣诞称泰德为男朋友的局部材料,追捕与拘禁、人体与能源实验、身体分解及身份置换、战争与恐怖活动、死亡和哀伤、儿童受伤、强制结对。,有可对应条目,1981,0.08786848072562359,有,无,0,无
荒野的寿飞行队,主线,文类外百合阅读,局部,潜在恋爱,多组异质关系,只有关系性质推断，无身份自述,所核未见,所核未见,—,—,正篇事实＋强推断＋读者解读,副线,空战、枪炮、坠机与伤亡风险，政治强迫与宣传，饮酒，异性调情、求婚及失败婚姻笑料,有可对应条目,2022,0.02051538653990493,有,无,0,无
莉可丽丝：友谊是时间的窃贼,主线,文类内百合,主线,潜在恋爱,多组异质关系,只有关系性质推断，无身份自述,所核未见,所核未见,范围内版本,故事／角色页、可见宣传,正篇事实＋强推断＋读者解读,无,轻度枪械与秘密组织设定、幽灵恶作剧、留宿与换制服桥段。,有可对应条目,2038,0.057692307692307696,无,无,60,无
魔法使光之美少女！！～未来之日～,主线,文类内百合,主线,潜在恋爱,多组异质关系,只有关系性质推断，无身份自述,所核未见,所核未见,范围内版本,故事／角色页、可见宣传,正篇事实／强推断／读者解读,无,奇幻战斗、儿童与青少年遇险、时间停止、记忆丧失、亲子分离、胁迫与世界危机。,有可对应条目,2044,0.07256235827664399,有,无,80,无
Fate/kaleid liner 魔法少女☆伊莉雅 2wei Herz!,主线,文类内百合,重要副线,潜在恋爱,多组异质关系,只有关系性质推断，无身份自述,所核未见,所核未见,范围内版本,故事／角色页、可见宣传,正篇事实／强推断／读者解读,副线,未成年角色之间围绕亲吻／唾液补给的台词与尴尬玩笑、角色犹豫的补给台词、男性恋爱药剂、魔法战斗与生命危险,有可对应条目,2045,0.09791522576820472,有,无,20,无
糖果男孩,主线,文类内百合,主线,明确女女恋爱欲望,多组异质关系,只有明确关系／欲望事实，无身份自述,所核未见,所核未见,范围内版本,故事／角色页、可见宣传,正篇事实／强推断,无,亲生双胞胎姐妹的恋爱方向、血亲题材、自动字幕证据限制,有可对应条目,2054,0.17949603037625128,有,有,79,无
牵牛花与加濑同学。,主线,文类内百合,主线,明确女女交往关系,多组异质关系,只有明确关系／欲望事实，无身份自述,所核未见,是,范围内版本,访谈／评论、可见宣传,正篇事实＋官方表述＋强推断,无,初次交往中的不安、嫉妒与沟通困难，毕业／升学带来的未来压力。,有可对应条目,2061,0.18548695098663273,有,有,99,无
Fate/kaleid liner 魔法少女☆伊莉雅 2wei!,主线,文类内百合,缺席,非恋爱,多组异质关系,范围内没有性取向身份依据,所核未见,所核未见,范围内版本,故事／角色页、可见宣传,正篇事实／强推断／读者解读,副线,未成年角色的性化喜剧、亲吻式魔力补给与身体边界问题、义兄恋爱笑点、魔法战斗与生命危险,有可对应条目,2064,0.09915518008003557,有,无,70,无
代号17,主线,文类内百合,主线,潜在恋爱,多组异质关系,只有关系性质推断，无身份自述,所核未见,所核未见,范围内版本,故事／角色页,正篇事实／强推断／读者解读,副线,儿童死亡与长期哀伤、怪物暴力和身体恐怖、儿童陷入战斗、人工生命体死亡与被迫分离、复制／操纵／消除记忆、姐妹身份与恋爱方向叠加、强烈依赖及分离焦虑、丧亲。,有可对应条目,2107,0.06625891946992865,无,无,0,无
结城友奈是勇者 -鹫尾须美之章- 第2章 魂,主线,文类内百合,重要副线,潜在恋爱,多组异质关系,只有关系性质推断，无身份自述,所核未见,所核未见,范围内版本,故事／角色页、可见宣传,正篇事实／强推断／读者解读,无,未成年少女战斗、受伤、角色死亡、同伴哀伤与未完成约定,有可对应条目,2108,0.09055944055944055,有,无,0,无
剧场版 BanG Dream! Poppin'Dream！,主线,文类内百合,缺席,非恋爱,多组异质关系,范围内没有性取向身份依据,所核未见,所核未见,范围内版本,出版渠道、可见宣传,正篇事实／强推断／读者解读,无,承接 TV 第三季、海外旅行、舞台压力、临场受伤与完整剧透,有可对应条目,2112,0.058989756269869305,有,无,0,无
mono女孩,主线,文类内百合,主线,潜在恋爱,多组异质关系,只有关系性质推断，无身份自述,所核未见,所核未见,—,—,正篇事实＋强推断,无,网络恶评与传言扩散、危险驾驶及下坡滑板、暴食与肠胃不适笑料、幽灵及伪纪录恐怖、短暂绝望时的随口轻生表达、动物遇险。,有可对应条目,2117,0.050499259471597155,无,无,79,无
向山进发,主线,文类内百合,缺席,非恋爱,多组异质关系,范围内没有性取向身份依据,所核未见,所核未见,—,—,正篇事实＋强推断＋读者解读,无；第 1 话只有男朋友玩笑与童年米田君转述，属于局部提及而非关系线,童年坠落骨折与恐高、初学登山风险、坏鞋下山。,有可对应条目,2118,0.10858585858585859,有,无,50,无
黑街二人组,主线,文类内百合,主线,潜在恋爱,多组异质关系,只有关系性质推断，无身份自述,所核未见,所核未见,—,—,正篇事实＋强推断＋读者解读,副线,暗杀、枪击、刺伤与死亡，犯罪组织和政治暴力，儿童杀手训练、失忆与身份操纵，邪教式控制与强迫仪式，家人被杀与复仇，要求对方杀死自己，强迫性的“死亡之吻”威胁和身体控制，火灾、溺水及心理崩溃。,有可对应条目,2160,0.10200544689279524,有,无,60,无
结城友奈是勇者,主线,文类内百合,主线,潜在恋爱,多组异质关系,只有关系性质推断，无身份自述,所核未见,所核未见,—,—,正篇事实／强推断／读者解读,无,未成年人在信息不完整的情况下被投入战斗、身体机能损失、失忆、残障、制度操控、自毁式牺牲、自杀念头、毁灭世界的行动与末世威胁。,有可对应条目,2176,0.10343332128659198,有,无,79,无
爱杀宝贝,主线,文类内百合,缺席,非恋爱,单一主要关系记录,范围内没有性取向身份依据,所核未见,所核未见,—,—,正篇事实＋读者解读,无,频繁喜剧化击打、关节技、刀枪与暗杀笑话；意外身体接触；公共浴室与身体笑点；情人节恋爱惯例及误认,有可对应条目,2183,0.043444192930524116,有,无,0,无
珈百璃的堕落,主线,文类内百合,局部,明确女女恋爱欲望,多组异质关系,只有明确关系／欲望事实，无身份自述,所核未见,所核未见,—,—,正篇事实＋强推断＋读者解读,无,女性间性化骚扰、索取内衣、窥视／拍摄企图、身体笑料、未经同意入室、捆绑与打闹。,有可对应条目,2186,0.10416039723141739,有,无,0,无
SSSS.古立特,重要副线,文类外百合阅读,重要副线,潜在恋爱,多组异质关系,只有关系性质推断，无身份自述,所核未见,所核未见,—,—,正篇事实＋强推断＋读者解读,并列,怪兽暴力与城市破坏、死亡及记忆被抹除、刺伤与流血、失忆和身份置换、情感操纵、梦境诱导、自我否定。,有可对应条目,2192,0.0022065864523918566,无,无,0,无
樱Trick,主线,文类内百合,主线,明确女女恋爱欲望,多组异质关系,只有明确关系／欲望事实，无身份自述,所核未见,是,范围内版本,故事／角色页,正篇事实＋强推断,无,突然发起的亲吻与边界误会、对未成年角色的性化身体笑料、亲戚关系、家族安排的男性婚约。,有可对应条目,2196,0.18046456223942822,有,有,98,有
我家也有外星人,主线,文类内百合,缺席,非恋爱,单一主要关系记录,范围内没有性取向身份依据,所核未见,所核未见,—,—,正篇事实＋强推断,副线,贫困与食物不安全、居住和劳动不对等、异族／阶层歧视用语、族裔刻板描写、性骚扰笑料、丧亲与家园可能消失。,有可对应条目,2205,0.04329896907216495,有,无,0,无
Re: 甜心战士,主线,文类内百合,重要副线,潜在恋爱,多组异质关系,只有关系性质推断，无身份自述,所核未见,所核未见,范围内版本,出版渠道、可见宣传,正篇文本＋有限推断,无,成人向性化台词语境、暴力、强制同化；未作逐镜视觉判断,有可对应条目,2231,0.07449605609114812,有,无,70,有
影宅 第二季,主线,文类内百合,主线,潜在恋爱,多组异质关系,只有关系性质推断，无身份自述,所核未见,所核未见,范围内版本,故事／角色页、可见宣传,正篇事实＋强推断＋读者解读,副线,主从等级、洗脑与人格剥夺、强制融合、共同跳楼与处分威胁、馆邸监视、单向恋爱与权力不平等。,有可对应条目,2237,0.041584158415841586,无,无,0,无
玛利亚狂热 ALIVE,主线,文类内百合,主线,明确女女恋爱欲望,多组异质关系,只有明确关系／欲望事实，无身份自述,是,是,范围内版本,故事／角色页,正篇事实／强推断／读者解读,无,女性向欲望、鼻血与身体凝视被反复用于喜剧；女学生身体、气味与梦境场景被性化；鞠也和茉莉花的捉弄与辛辣言辞；梦境和夸张想象不能单独当作现实交往证据。,有可对应条目,2242,0.07643040136635354,有,有,92,有
放学后海堤日记,主线,文类内百合,缺席,非恋爱,多组异质关系,范围内没有性取向身份依据,所核未见,所核未见,—,—,正篇事实,无,捕捉、处理和食用鱼类及海洋生物，活饵与昆虫，利用主人公恐惧促成入部，成人教师饮酒后向学生说结婚与亲吻笑话并遭拒绝，泳装与身体笑料，水上安全风险。,有可对应条目,2284,0.07059561128526645,有,无,0,无
黄金拼图 Pretty Days,主线,文类内百合,重要副线,潜在恋爱,多组异质关系,只有关系性质推断，无身份自述,所核未见,所核未见,范围内版本,出版渠道、故事／角色页、可见宣传,正篇事实／强推断／读者解读,无,校园文化祭准备、过度努力的喜剧化描写、女生之间的争宠与暧昧笑料、跨文化误解、身体与更衣话题笑料,有可对应条目,2292,0.11794298490776971,有,无,0,无
漫画女孩,主线,文类内百合,重要副线,明确女女恋爱欲望,多组异质关系,只有明确关系／欲望事实，无身份自述,所核未见,所核未见,—,—,正篇事实／强推断／读者解读,无,未成年人物的身体／内衣／泳装／沐浴与胸部笑料、剧中 TL 与成人性内容讨论、尾随和惊吓式边界侵犯、成人醉酒、体重与节食笑料、强烈自我否定和退稿压力、恐怖与血迹意象,有可对应条目,2305,0.11548447398483747,无,无,77,无
BanG Dream! 少女乐团派对！5周年纪念动画 -CiRCLE THANKS PARTY!-,主线,文类内百合,缺席,非恋爱,单一主要关系记录,范围内没有性取向身份依据,所核未见,所核未见,范围内版本,出版渠道、故事／角色页、可见宣传,正篇事实／强推断／读者解读,无,群像切换频繁、场地受损后的紧急修复与演出压力。,有可对应条目,2312,0.0650887573964497,无,无,0,无
顶点!!!!!!!!!!!!!!!,主线,文类内百合,缺席,非恋爱,多组异质关系,范围内没有性取向身份依据,所核未见,所核未见,—,—,正篇事实／读者解读,副线,暗杀误会、伪造自杀与诅咒故事、跟踪与偷窥误会、喜剧性暴力和武器、VR 战斗、身体笑料、诈骗与网络攻击。,有可对应条目,2319,0.055089820359281436,无,无,0,无
魔法少女奈叶 Reflection,主线,文类内百合,缺席,非恋爱,多组异质关系,范围内没有性取向身份依据,所核未见,所核未见,范围内版本,故事／角色页、可见宣传,正篇事实／强推断／读者解读,无,星球灾害、父亲病危、姐妹冲突、欺骗与利用、控制、复仇、儿童战斗、前篇悬念。,有可对应条目,2330,0.09103840682788052,有,无,60,无
魔法少女小圆 新作概念视频,主线,文类外百合阅读,主线,潜在恋爱,多组异质关系,只有关系性质推断，无身份自述,所核未见,所核未见,企划、范围内版本,出版渠道、可见宣传,正篇事实／强推断／读者解读,无,碎片化概念叙事、抽象神性意象、魔法少女战斗与不安氛围。,有可对应条目,2377,0.04838709677419355,有,无,0,无
侦探歌剧 少女福尔摩斯,主线,文类内百合,缺席,非恋爱,多组异质关系,范围内没有性取向身份依据,所核未见,所核未见,范围内版本,故事／角色页、可见宣传,正篇事实／强推断,副线,饥饿与居住惩罚、打闹暴力、非自愿身体接触、脱衣和胸部笑料、男性性骚扰、暴露、活埋及溺水险境。,有可对应条目,2392,0.055965055965055965,有,无,0,无
强袭魔女,主线,文类内百合,重要副线,潜在恋爱,多组异质关系,只有关系性质推断，无身份自述,所核未见,所核未见,—,—,正篇事实／强推断／读者解读,副线,战争与空战、未成年角色参战、负伤与推定死亡、丧亲和战时分离、频繁裸体与内衣式服装、身体凝视、侵入性触摸和浴室服务性内容。,有可对应条目,2393,0.09604153147306943,有,无,68,无
结城友奈是勇者 -鹫尾须美之章- 第1章 朋友,主线,文类内百合,局部,明确女女恋爱欲望,多组异质关系,只有明确关系／欲望事实，无身份自述,所核未见,所核未见,范围内版本,故事／角色页、可见宣传,正篇事实／强推断／读者解读,无,小学六年级少女承担战斗职责、受伤与组织压力；含温泉和身体发育笑料。,有可对应条目,2397,0.09758485639686684,有,无,0,无
读或死 TV,主线,文类内百合,重要副线,潜在恋爱,多组异质关系,只有关系性质推断，无身份自述,所核未见,所核未见,企划、范围内版本,出版渠道、可见宣传,正篇事实＋强推断＋读者解读,副线,超能力战斗、枪击、爆炸、记忆与身份被操纵；校园离别、创伤及异性恋人背景。,有可对应条目,2419,0.055883178882336425,有,无,0,无
天体的秩序 另一个愿望,主线,文类内百合,主线,明确女女恋爱欲望,多组异质关系,只有明确关系／欲望事实，无身份自述,所核未见,所核未见,范围内版本,可见宣传,正篇事实／强推断／读者解读,无,离别焦虑、排斥朋友的尝试、情绪痛苦、归属冲突、暂时消失与重逢,有可对应条目,2428,0.0812470477090222,有,无,0,无
魔女猎人,主线,文类内百合,主线,潜在恋爱,多组异质关系,只有关系性质推断，无身份自述,所核未见,所核未见,范围内版本,故事／角色页、可见宣传,正篇事实／强推断／读者解读,并列,枪击与死亡、人体实验和精神操纵、跟踪与占有式控制、非自愿亲吻、绑架与拘束、研究者／受试者权力差、要求亲近者开枪及短暂死亡、丧亲与针对性别不合规范人物的贬称。,有可对应条目,2431,0.12893203883495147,有,无,72,无
百合星人奈绪子 OVA,主线,文类内百合,主线,明确女女恋爱欲望,多组异质关系,只有明确关系／欲望事实，无身份自述,是,是,范围内版本,故事／角色页、可见宣传,正篇事实、强推断、读者解读,无,露骨性双关、色情书与性工作笑料、未成年少女性化、冒充亲属、边界侵犯、非自愿干预与长期昏睡。,有可对应条目,2433,0.11079136690647481,有,无,68,有
Estab-Life Great Escape,主线,文类内百合,重要副线,明确女女恋爱欲望,多组异质关系,只有明确关系／欲望事实，无身份自述,所核未见,是,范围内版本,访谈／评论、故事／角色页、可见宣传,正篇事实／强推断,无,枪战、威权控制、自杀笑话、身体笑料与带强迫意味的亲密幻想,有可对应条目,2440,0.06648534300392868,无,无,0,无
邪神与厨二病少女,主线,文类内百合,重要副线,明确女女恋爱欲望,多组异质关系,只有明确关系／欲望事实，无身份自述,所核未见,是,范围内版本,故事／角色页,正篇事实＋强推断,无,反复谋杀、肢解、酷刑与出血笑料；强制召唤与同居；跟踪、绑走、占有式骚扰和警权滥用；经济剥削与赌博；无家可归、饥饿；裸露、泳装及性化笑料。,有可对应条目,2442,0.07592821782178218,有,无,10,无
A频道+smile,主线,文类内百合,缺席,非恋爱,多组异质关系,范围内没有性取向身份依据,所核未见,所核未见,范围内版本,故事／角色页、可见宣传,正篇事实／强推断／读者解读,无,病中照料、喂食、擦拭身体玩笑、同学调侃与轻微身体笑料。,有可对应条目,2459,0.11605053813757604,有,无,0,无
憧憬成为魔法少女,主线,文类内百合,主线,明确女女恋爱欲望,多组异质关系,只有明确关系／欲望事实，无身份自述,所核未见,所核未见,—,—,正篇事实＋强推断＋读者解读,无,初中年龄角色被持续性化；非自愿束缚、剥衣、猥亵及乳房／生殖器刺激；封闭房间中的胁迫亲吻和性行为；施虐、受虐、羞辱与高潮反应；触手、怪物袭击和公开暴露；勒索变身、身份威胁、精神控制、幼儿化角色扮演、战斗伤害和城市破坏。,有可对应条目,2470,0.13731333819473066,有,有,95,有
狂赌之渊,主线,文类内百合,缺席,非恋爱,多组异质关系,范围内没有性取向身份依据,所核未见,所核未见,—,—,正篇事实／强推断／读者解读,无,强迫赌博、债务与制度性奴役、羞辱与霸凌、枪械与求死欲望、性化支配和受虐、拔指甲与流血、强制婚育和职业安排。,有可对应条目,2471,0.015646431292862587,有,无,0,无
死后文,主线,文类外百合阅读,缺席,非恋爱,多组异质关系,范围内没有性取向身份依据,所核未见,所核未见,范围内版本,访谈／评论、故事／角色页,正篇事实＋读者解读,副线,性别未确认的非人搭档另有单向潜在恋爱读法；自杀与自杀未遂、未成年人死亡、家庭暴力、儿童性剥削与被迫拍摄、谋杀与枪击、校园霸凌、解离身份与污名、昏迷、媒体骚扰、动物死亡、忽视与遗弃。,有可对应条目,2494,0.017564575645756458,无,无,0,无
为美好的世界献上爆焰！,主线,文类内百合,主线,明确女女恋爱欲望,多组异质关系,只有明确关系／欲望事实，无身份自述,所核未见,所核未见,—,—,正篇事实＋强推断,副线,未成年人遭成人性化凝视与纠缠；男性角色的跟踪、偷窥和婚姻妄想；贫困与食物短缺；校园孤立与利用；魔物袭击、战斗、受伤及爆炸；邪教笑料、宗教操控和低俗性笑话。,有可对应条目,2500,0.002704530087897228,无,无,0,无
+模型姐妹,主线,文类内百合,缺席,非恋爱,多组异质关系,范围内没有性取向身份依据,所核未见,所核未见,—,—,正篇事实＋公共标签用途判断,副线,夸张肢体暴力、威胁、强行剥衣与身体边界侵犯、内衣和局部裸露笑料、同性身体骚扰、未定对象暗恋／失恋、男朋友与异性求偶笑话、身材与青春期羞辱、粗俗语言及生殖器笑话。,有可对应条目,2545,0.03918169209431346,有,无,0,无
迷你龙小剧场,主线,文类内百合,重要副线,明确女女恋爱欲望,多组异质关系,只有明确关系／欲望事实，无身份自述,所核未见,所核未见,范围内版本,可见宣传,正篇事实／强推断,无,含共同生活、配偶与生育笑料、儿童角色的单向对象明确欲望及竞争性喜剧；未做画面复核。,有可对应条目,2586,0.07532051282051282,有,有,70,无
Slow Start,主线,文类内百合,重要副线,明确女女恋爱欲望,多组异质关系,只有明确关系／欲望事实，无身份自述,所核未见,所核未见,—,—,正篇事实／强推断／读者解读,无,师生年龄与职权差、教师查看学生衣物的越界笑料、未成年角色的泳装与身体笑料、社交焦虑、升学中断、饮酒照护。,有可对应条目,2591,0.13290474940960378,有,无,40,无
邻家索菲,主线,文类内百合,主线,明确女女恋爱欲望,多组异质关系,只有明确关系／欲望事实，无身份自述,所核未见,所核未见,—,—,正篇事实／强推断／读者解读,无,未经邀请搬入、反复试探边界、拒绝后吸血、秘密搬运导致阳光与海水风险、洗浴与身体笑料、针对年轻女性的性化评论、装病延长照料、占有欲与嫉妒。,有可对应条目,2593,0.13161235717308506,有,无,88,无
红白黑黄 第三季,主线,文类内百合,重要副线,潜在恋爱,多组异质关系,只有关系性质推断，无身份自述,所核未见,所核未见,范围内版本,可见宣传,正篇事实＋强推断＋读者解读,并列,战斗、角色死亡、肢体重伤、失去手臂、Faunus 歧视、心理操纵、前盟友占有与暴力、异性求偶语境。,有可对应条目,2596,0.048363636363636366,有,无可对应条目,无可对应条目,无可对应条目
Princess Principal Crown Handler 第1章,主线,文类内百合,重要副线,潜在恋爱,多组异质关系,只有关系性质推断，无身份自述,所核未见,所核未见,范围内版本、原作,故事／角色页,正篇事实、强推断、读者解读,无,枪械、拘留与营救、审讯、政治暴力、身份隐瞒、尸体发现与未完调查。,有可对应条目,2597,0.10837138508371386,有,无,0,无
雾尾粉丝俱乐部,主线,文类内百合,主线,明确女女恋爱欲望,多组异质关系,只有明确关系／欲望事实，无身份自述,所核未见,所核未见,—,—,正篇事实／强推断／读者解读,并列,童年好友病逝与哀伤、拒学和负罪感、跟踪拍摄及个人边界侵犯笑料、涉及高中生的体液／排泄／性暗示笑料、诅咒与受伤幻想、单恋与拒绝,有可对应条目,2632,0.0422237860661506,无,无,58,无
侦探歌剧 少女福尔摩斯 夏季特别篇,主线,文类内百合,主线,潜在恋爱,多组异质关系,只有关系性质推断，无身份自述,所核未见,所核未见,范围内版本,出版渠道、故事／角色页、可见宣传,正篇事实／强推断／读者解读,无,绑架与强迫偶像出道、商业利用、喜剧性追逐与战斗、职业选择冲突,有可对应条目,2633,0.08144796380090498,有,无,0,无
A频道 来吃火锅吧,主线,文类内百合,重要副线,潜在恋爱,多组异质关系,只有关系性质推断，无身份自述,所核未见,所核未见,范围内版本,可见宣传,正篇事实／强推断／读者解读,无,夸张想念与寻找、暗锅恶作剧、饮食与体重笑料、校园群像日常,有可对应条目,2637,0.11006018916595013,有,无,0,无
战姬绝唱SYMPHOGEAR G,主线,文类内百合,主线,明确女女恋爱欲望,多组异质关系,只有明确关系／欲望事实，无身份自述,所核未见,是,范围内版本,故事／角色页、可见宣传,正篇事实／强推断／读者解读,无,高强度战斗、身体与精神控制、重伤与死亡、姐妹失去、灾难威胁、实验和政治阴谋。,有可对应条目,2670,0.09354413702239789,有,无,100,无
赛马娘 Pretty Derby,主线,文类内百合,缺席,非恋爱,多组异质关系,范围内没有性取向身份依据,所核未见,所核未见,—,—,正篇事实／强推断／读者解读,无,赛场严重骨折与急救、长期复健和再次受伤恐惧、过量训练、体重与节食笑料、男性训练师未经同意触碰腿部的性骚扰笑料、主人公出生母亲去世。,有可对应条目,2679,0.06515349444807315,有,无,0,无
小鸟之翼 高尔夫少女 第二季,主线,文类内百合,主线,明确女女恋爱欲望,多组异质关系,只有明确关系／欲望事实，无身份自述,所核未见,所核未见,范围内版本,故事／角色页、可见宣传,正篇事实／强推断／读者解读,副线,犯罪与丑闻、职业赛事压力、身体不适与医疗风险、家族冲突。,有可对应条目,2690,0.1443762781186094,有,无,0,无
强袭魔女 胜利之箭行动,主线,文类内百合,局部,潜在恋爱,多组异质关系,只有关系性质推断，无身份自述,所核未见,所核未见,范围内版本,故事／角色页,正篇事实＋强推断＋读者解读,无,战争与空战、未成年参战、离散与战后重建、频繁裸体和内衣式服装、身体凝视与服务性笑料、照护责任及牺牲风险。,有可对应条目,2704,0.1184084372003835,有,无,0,无
爱杀宝贝OVA,主线,文类内百合,缺席,非恋爱,多组异质关系,范围内没有性取向身份依据,所核未见,所核未见,范围内版本,故事／角色页、可见宣传,正篇事实／强推断／读者解读,无,殴打、飞刀、关节技、暗杀威胁、强行靠近与恶作剧被作为动作喜剧笑点；未作画面复核。,有可对应条目,2720,0.05227272727272727,有,无,0,无
剧场版 BanG Dream! It's MyGO!!!!! 后篇 歌唱着，由我们所作的歌 & FILM LIVE,主线,文类内百合,重要副线,潜在恋爱,多组异质关系,只有关系性质推断，无身份自述,所核未见,所核未见,范围内版本,出版渠道、可见宣传,正篇事实／强推断／读者解读,无,旧乐队解散、关系操控、强烈依赖、排斥、情绪崩溃与舞台表演,有可对应条目,2722,0.0377906976744186,无,无,0,无
放学后的昴星团,主线,文类内百合,缺席,非恋爱,多组异质关系,范围内没有性取向身份依据,所核未见,所核未见,范围内版本,故事／角色页,正篇事实／读者解读,并列,未成年人遭遇宇宙险境与轻度魔法战斗；住院、昏迷与死亡威胁；自我消失意愿；亲友离别、记忆断裂及丧亲回忆,有可对应条目,2723,0.057047909166435894,有,无,0,无
无能力者娜娜,主线,文类内百合,缺席,非恋爱,多组同质关系,范围内没有性取向身份依据,所核未见,所核未见,范围内版本,访谈／评论,正篇事实／读者解读,副线,连续谋杀与未遂谋杀、欺骗与利用信任、刀伤与死亡、校园欺凌、以恋爱名义实施的恶作剧和胁迫、自伤式伪装、动物虐待、童年创伤与丧亲,有可对应条目,2790,0.012835472578763127,无,无,0,无
剧场版 Fate/kaleid liner 魔法少女☆伊莉雅 雪下的誓言,局部,非百合,缺席,非恋爱,多组异质关系,范围内没有性取向身份依据,所核未见,所核未见,范围内版本,故事／角色页、可见宣传,正篇事实＋强推断＋读者解读,副线,儿童被工具化、收养家庭、家人死亡、魔法战争、绑架、牺牲选择、重伤与世界毁灭。,有可对应条目,2793,0.0325276420673695,有,无,0,无
悠悠式 OVA,主线,文类内百合,主线,潜在恋爱,多组异质关系,只有关系性质推断，无身份自述,所核未见,所核未见,范围内版本,故事／角色页、可见宣传,正篇事实＋强推断＋读者解读,无,亲密玩笑与捉弄，穿衣洗澡、床上场景、胸部和性暗示笑料，以及对“好想死／不想死”的语言玩笑。,有可对应条目,2808,0.10498220640569395,有,无,0,无
大正野球娘。,主线,文类内百合,重要副线,潜在恋爱,多组异质关系,只有关系性质推断，无身份自述,所核未见,是,范围内版本,故事／角色页,正篇事实＋强推断＋读者解读,并列,时代性别歧视、未成年婚约与年龄差、侵入式求爱、家长隐瞒和禁足、以断绝关系相威胁、运动伤害、夜间冲突及犯罪威胁。,有可对应条目,2814,0.1023778071334214,有,无,0,无
蓝海少女 第二季,主线,文类内百合,主线,潜在恋爱,多组异质关系,只有关系性质推断，无身份自述,所核未见,是,范围内版本,故事／角色页、可见宣传,正篇事实／强推断／读者解读,副线,潜水风险、分离焦虑、梦境及男女恋爱副线。,有可对应条目,2817,0.064030131826742,有,无,0,无
网球并不可笑嘛 3期,主线,文类内百合,缺席,非恋爱,多组异质关系,范围内没有性取向身份依据,所核未见,所核未见,范围内版本,故事／角色页、可见宣传,正篇事实／强推断／读者解读,无,高速荒诞喜剧、夸张肢体与追逐笑料、身体和内衣笑料、非自愿附身。,有可对应条目,2823,0.057621791513881616,有,无,0,无
悠悠式,主线,文类内百合,重要副线,潜在恋爱,多组异质关系,只有关系性质推断，无身份自述,是,所核未见,范围内版本,可见宣传,正篇事实＋强推断＋读者解读,无,高中生角色的身体与内衣笑料，亲吻、触摸胸部等请求，口头拒绝与身体边界被用作喜剧，成年教师与学生之间的胸部笑料。,有可对应条目,2828,0.11793372319688109,有,无,80,无
高校舰队,主线,文类内百合,缺席,非恋爱,多组异质关系,范围内没有性取向身份依据,所核未见,所核未见,—,—,正篇事实／强推断／读者解读,无,海战与实弹攻击、爆炸和沉船危险、病毒导致失控攻击、受伤与溺水威胁、幼年丧亲回忆、灾难撤离、少量洗浴／内衣及体重笑话,有可对应条目,2837,0.10509507911162723,有,无,60,无
忍者椿的胸之内,主线,文类外百合阅读,重要副线,潜在恋爱,多组异质关系,只有关系性质推断，无身份自述,所核未见,是,范围内版本,可见宣传,正篇事实／强推断／读者解读,主导,未成年角色的裸体、洗浴、胸部与身体笑料，性器官查验笑话，性别气质刻板判断，异性隔离与强制性恋爱教育，身体惩罚、轻度暴力、疾病、运动伤害、外貌比较与羞辱。,有可对应条目,2848,0.06582182712313221,有,无,0,无
恋爱小行星,主线,文类内百合,主线,明确女女恋爱欲望,多组异质关系,只有明确关系／欲望事实，无身份自述,所核未见,是,范围内版本,故事／角色页,正篇事实／强推断／读者解读,无,泳装、沐浴与身体玩笑；偷拍与跟随同伴的喜剧处理；嫉妒、私奔、同住与妻子角色玩笑；搬迁与离别焦虑；病弱、疲劳和灾害回忆,有可对应条目,2861,0.10731971525843392,有,无,79,无
偶像大师 灰姑娘女孩,主线,文类内百合,缺席,非恋爱,多组异质关系,范围内没有性取向身份依据,所核未见,所核未见,—,—,正篇事实／强推断／读者解读,无,偶像行业与表演压力、情绪崩溃和暂时退出、压力性发热，以及轻度服装和身体笑料,有可对应条目,2870,0.028833377624235983,有,无,0,无
学园孤岛,主线,文类内百合,缺席,非恋爱,多组异质关系,范围内没有性取向身份依据,所核未见,所核未见,范围内版本,可见宣传,正篇事实／强推断／读者解读,副线,僵尸灾难、感染、死亡、血腥与武器、创伤性否认、同伴处置困境、教师与犬只死亡,有可对应条目,2896,0.10497835497835498,有,无,32,无
某科学的超电磁炮S OVA,主线,文类内百合,重要副线,明确女女恋爱欲望,多组异质关系,只有明确关系／欲望事实，无身份自述,所核未见,所核未见,范围内版本、原作,出版渠道、可见宣传,正篇事实／强推断／读者解读,无,澡堂同浴、女性身体服务笑料、黑子对美琴的性感化言语与越界触摸愿望,有可对应条目,2899,0.06103993971363979,有,无,0,无
Fate/kaleid liner 魔法少女☆伊莉雅 2wei OAD,主线,文类内百合,重要副线,明确女女恋爱欲望,多组异质关系,只有明确关系／欲望事实，无身份自述,所核未见,是,范围内版本、原作,故事／角色页、可见宣传,正篇事实／强推断／读者解读,副线,小学年龄角色、温泉裸身语境、女女性暗示身体交换、兄妹称谓下的单向性挑逗、成人用品与双关笑料,有可对应条目,2927,0.07215519280813816,有,无,70,无
古城荆棘王,主线,非百合,缺席,非恋爱,单一主要关系记录,范围内没有性取向身份依据,所核未见,所核未见,范围内版本,访谈／评论、故事／角色页、可见宣传,正篇事实＋强推断＋读者解读,无,石化病毒、怪物袭击、血腥死亡、身体恐怖、双胞胎分离、自我牺牲、身份错位、复制／替代存在与现实边界。,有可对应条目,2941,0.05249343832020997,有,无,0,无
摇曳露营△ 第三季,主线,文类内百合,缺席,非恋爱,多组异质关系,范围内没有性取向身份依据,所核未见,所核未见,范围内版本,出版渠道、故事／角色页、可见宣传,正篇事实／强推断／读者解读,无,长途骑行、山路、吊桥、夜间露营与交通安全风险，低温、野外环境、用火与露营装备风险，少量公共浴池或泡澡场景。,有可对应条目,2949,0.05600870038064165,无,无,0,无
Fate/kaleid liner 魔法少女☆伊莉雅 3rei!!,主线,文类外百合阅读,主线,潜在恋爱,多组异质关系,只有关系性质推断，无身份自述,所核未见,所核未见,范围内版本,故事／角色页、可见宣传,正篇事实／强推断／读者解读,无,未成年角色性化笑剧、强制人偶化与意识操纵、囚禁、战争及战斗伤害,有可对应条目,2999,0.09607821103494775,有,无,79,无
舞-乙HiME 0～S.ifr～,主线,文类内百合,重要副线,明确女女恋爱欲望,多组异质关系,只有明确关系／欲望事实，无身份自述,所核未见,是,范围内版本,访谈／评论、故事／角色页、可见宣传,正篇事实＋强推断＋读者解读,无,少女绑架、战争与政治阴谋、军事代理、主人—奥托梅权力差、轻度裸露与身体暴露。,有可对应条目,3026,0.08213096559378469,有,无,0,无
暴力宇宙海贼 剧场版 亚空的深渊,重要副线,文类外百合阅读,局部,潜在恋爱,多组异质关系,只有关系性质推断，无身份自述,所核未见,是,范围内版本,故事／角色页、可见宣传,正篇事实＋强推断＋读者解读,无,宇宙追捕与战斗、未成年角色危险、威胁与强制逃离、家庭离散、服务性演出和身体笑料。,有可对应条目,3028,0.054414784394250515,无,无,0,无
网球并不可笑嘛 2期,主线,文类内百合,缺席,非恋爱,多组异质关系,范围内没有性取向身份依据,所核未见,所核未见,范围内版本,故事／角色页、可见宣传,正篇事实＋强推断＋读者解读,无,超高速荒诞、肢体与洗浴笑料、竞争与追逐、男性棒球部和外星人单元。,有可对应条目,3052,0.058599333015721775,有,无,0,无
神无月的巫女,主线,文类内百合,主线,明确女女交往关系,单一主要关系记录,只有明确关系／欲望事实，无身份自述,所核未见,所核未见,—,—,正篇事实、强推断,并列,性侵与强行接吻、击打和压制、操纵与蓄意造成心理伤害、自伤／自杀举动、相爱者互相持械伤害、死亡献祭、灭世灾难、血与战斗伤、未成年角色裸露和性化、同性恋爱遭否定的社会压力。,有可对应条目,3069,0.18972542072630647,有,有,94,有
虹四动画,主线,文类内百合,重要副线,潜在恋爱,多组异质关系,只有关系性质推断，无身份自述,所核未见,所核未见,范围内版本,故事／角色页、可见宣传,正篇事实＋强推断＋读者解读,无,短篇喜剧将亲密互动压缩为笑点；侑与步梦有特殊幼驯染读法；“妹妹”游戏、竞争和恶作剧会夸张呈现关系边界。,有可对应条目,3084,0.08187134502923976,有,无,0,无
未确认进行式,重要副线,文类外百合阅读,局部,潜在恋爱,多组异质关系,只有关系性质推断，无身份自述,所核未见,所核未见,范围内版本,访谈／评论、故事／角色页、可见宣传,正篇事实／强推断／读者解读,主导,包办婚约与未先行同意的同居、姐妹执着及越界喜剧、性化玩笑、幼态角色置于高中语境、事故失忆和疾病／雪山救援,有可对应条目,3085,0.03328217916746595,有,无,0,无
惊爆草莓,主线,文类内百合,主线,明确女女交往关系,多组异质关系,只有明确关系／欲望事实，无身份自述,是,所核未见,范围内版本,可见宣传,正篇事实／强推断,无,突然逼近与试图亲吻、无视连续拒绝的强迫亲密、创伤性错认、单向感情与占有、情感操纵、重病与死亡、长期哀伤、骑马事故与失忆,有可对应条目,3088,0.17467711200508151,有,有,100,有
Fate/kaleid liner 魔法少女☆伊莉雅,主线,文类内百合,缺席,非恋爱,单一主要关系记录,范围内没有性取向身份依据,所核未见,所核未见,范围内版本,故事／角色页、可见宣传,正篇事实／读者解读,副线,未成年角色遭遇战斗危险与性化喜剧；强制魔法契约；对义兄的单向恋心；误认对象的接吻喜剧,有可对应条目,3096,0.08048015277588323,有,无,79,无
A频道,主线,文类内百合,重要副线,潜在恋爱,多组异质关系,只有关系性质推断，无身份自述,所核未见,是,范围内版本,故事／角色页、可见宣传,正篇事实／强推断／读者解读,无,高中生泳装与身体尺寸笑料、夸张打闹与威胁、占有式反应被当作笑点、成年男性校医对女学生的恋物化言论、未经充分协商的身体接触笑料,有可对应条目,3098,0.12278440219142765,有,无,0,无
非常偶像Key,主线,文类内百合,缺席,非恋爱,多组异质关系,范围内没有性取向身份依据,所核未见,所核未见,范围内版本,故事／角色页、可见宣传,正篇事实＋强推断＋读者解读,副线,枪械与机器人暴力、死亡、人体与意识实验、宗教操纵、未成年人遭控制、偶像及成人影像产业剥削、裸体与性暗示。,有可对应条目,3104,0.044275774826059454,无,无,0,无
风灵玉秀 第二章 特别篇,主线,文类内百合,主线,潜在恋爱,单一主要关系记录,只有关系性质推断，无身份自述,所核未见,所核未见,范围内版本,故事／角色页、可见宣传,正篇事实／强推断／读者解读,无,武侠暴力、兵器、流血与重伤、擂台及多方冲突、身份伪装与阴谋、拘禁风险、死亡威胁、群像焦点转移,有可对应条目,3105,0.14285714285714285,有,有,60,无
迦南,主线,文类内百合,主线,潜在恋爱,多组异质关系,只有关系性质推断，无身份自述,所核未见,所核未见,范围内版本,故事／角色页、可见宣传,正篇事实／强推断／读者解读,无,恐怖袭击、枪战与死亡、生化感染与人体实验、囚禁胁迫、创伤与心理操控,有可对应条目,3106,0.05023509032417718,有,无,15,无
网球并不可笑嘛 4期,主线,文类内百合,缺席,非恋爱,多组异质关系,范围内没有性取向身份依据,所核未见,所核未见,企划、范围内版本,故事／角色页,正篇事实／强推断／读者解读,无,高速台词、荒诞暴力与死亡笑料、身体触碰与性化玩笑、昆虫与动物威胁、电影戏仿,有可对应条目,3112,0.060762766645119586,有,无,0,无
狂赌之渊××,主线,文类内百合,重要副线,明确女女恋爱欲望,多组异质关系,只有明确关系／欲望事实，无身份自述,所核未见,所核未见,范围内版本,故事／角色页、可见宣传,正篇事实／强推断／读者解读,无,赌博债务与强迫、制度性羞辱、身体伤害、生死赌局、性化支配、家庭权力冲突,有可对应条目,3118,0.028548770816812053,有,无,61,无
舞-乙HiME,主线,文类外百合阅读,重要副线,明确女女恋爱欲望,多组异质关系,只有明确关系／欲望事实，无身份自述,所核未见,所核未见,范围内版本,可见宣传,正篇事实／读者解读,主导,性侵或性侵未遂、未成年角色性化裸露、控制与政治暴力、朋友背叛、角色死亡、战争、失忆、年龄及权力差恋爱,有可对应条目,3121,0.11442415206857995,有,无,0,无
SHOW BY ROCK!! Mashumairesh!!,主线,文类内百合,重要副线,明确女女恋爱欲望,多组异质关系,只有明确关系／欲望事实，无身份自述,所核未见,所核未见,范围内版本、原作,故事／角色页、可见宣传,正篇事实／强推断／读者解读,无,乐队竞争与演出压力、暂时疏离、被离开焦虑、行业契约压力及轻度奇幻危险。,有可对应条目,3131,0.09865900383141762,有,无,50,无
千绪的通学路,主线,文类内百合,缺席,非恋爱,多组异质关系,范围内没有性取向身份依据,所核未见,所核未见,范围内版本,故事／角色页,正篇事实／强推断／读者解读,副线,夸张打闹和危险特技、如厕／身体／衣着笑话、女学生对成年教师的单向心意、前暴走族相关追逐与威胁笑料、地位羞辱式喜剧,有可对应条目,3138,0.023306164034640857,无,无,40,无
花舞少女,主线,文类内百合,重要副线,潜在恋爱,多组异质关系,只有关系性质推断，无身份自述,所核未见,所核未见,范围内版本,故事／角色页、可见宣传,正篇事实／强推断／读者解读,无,朋友间占有与嫉妒、言语冲突和短暂决裂、家庭对社团活动的压力、姐妹冲突与师生角色张力、官方梗概中的温泉合宿语境,有可对应条目,3171,0.12209677419354839,有,无,0,无
网球并不可笑嘛 9期,主线,文类内百合,重要副线,潜在恋爱,多组异质关系,只有关系性质推断，无身份自述,所核未见,所核未见,范围内版本,故事／角色页、可见宣传,正篇事实／强推断／读者解读,副线,高速对白、荒诞肢体笑料、身体与性暗示笑料、竞争与追逐,有可对应条目,3172,0.05398457583547558,无,无,0,无
狂赌之渊 双,主线,文类内百合,主线,潜在恋爱,多组异质关系,只有关系性质推断，无身份自述,所核未见,所核未见,范围内版本,可见宣传,正篇事实＋强推断＋读者解读,副线,赌博债务、羞辱与“家畜”制度；异性配对赌局与“过夜”赌注；婚约和性别权力压力；背叛、操控与心理威吓。,有可对应条目,3182,0.06823027718550106,有,无,0,无
天使降临到了我身边！Precious Friends,主线,文类内百合,主线,明确女女恋爱欲望,多组异质关系,只有明确关系／欲望事实，无身份自述,是,是,范围内版本、原作,出版渠道、可见宣传,正篇事实＋强推断＋读者解读,无,成年人对小学生的特殊关注、明显年龄差与照护边界不对等，以及服装、摄影、点心交换、旅行风险和家庭感伤。,有可对应条目,3200,0.09504759277141675,有,有,78,无
Suite 光之美少女♪,主线,文类内百合,缺席,非恋爱,多组异质关系,范围内没有性取向身份依据,所核未见,所核未见,范围内版本,故事／角色页,正篇事实／强推断／读者解读,副线,未成年角色遇险、欺骗与心理操纵、家庭分离、世界危机与石化。,有可对应条目,3201,0.07777777777777778,无,无,0,无
网球并不可笑嘛 5期,主线,文类内百合,缺席,非恋爱,多组异质关系,范围内没有性取向身份依据,所核未见,所核未见,企划、范围内版本,故事／角色页、可见宣传,正篇事实／强推断／读者解读,无,高速语言、夸张受伤与威胁笑料、身体和内衣玩笑、轻度性暗示。,有可对应条目,3202,0.0627177700348432,有,无,0,无
网球并不可笑嘛 8期,主线,文类内百合,缺席,非恋爱,多组异质关系,范围内没有性取向身份依据,所核未见,所核未见,范围内版本,故事／角色页、可见宣传,正篇事实／强推断／读者解读,无,高速短片、荒诞暴力与死亡笑料、胸部和内裤话题、未经同意的触摸台词。,有可对应条目,3236,0.056134723336006415,有,无,0,无
Princess Principal Crown Handler 第2章,主线,文类内百合,缺席,非恋爱,多组异质关系,范围内没有性取向身份依据,所核未见,所核未见,范围内版本、原作,故事／角色页、可见宣传,正篇事实＋强推断＋读者解读,无,枪械、追捕、拘留、营救、暗杀未遂、政变阴谋、政治暴力、双重间谍、重要人物死亡与悬念式结尾。,有可对应条目,3242,0.11397557666214382,有,无,0,无
樱花任务,主线,文类内百合,缺席,非恋爱,多组异质关系,范围内没有性取向身份依据,所核未见,所核未见,范围内版本,故事／角色页、可见宣传,正篇事实／读者解读,无,工作压力、职业受挫、地方衰退、朋友冲突、疾病与性别化婚恋压力,有可对应条目,3243,0.006620360321250272,无,无,0,无
剧场版 BanG Dream! It's MyGO!!!!! 前篇 春日向阳，迷途野猫,主线,文类内百合,局部,潜在恋爱,多组异质关系,只有关系性质推断，无身份自述,所核未见,所核未见,范围内版本,故事／角色页、可见宣传,正篇事实／强推断／读者解读,无,女子乐队解散创伤、归属焦虑、隐瞒、关系操控、激烈争执与情绪崩溃,有可对应条目,3247,0.03558576569372251,无,无,0,无
归宅部活动记录,主线,文类内百合,局部,潜在恋爱,多组异质关系,只有关系性质推断，无身份自述,所核未见,所核未见,范围内版本,故事／角色页、可见宣传,正篇事实＋强推断＋读者解读,无,喜剧化暴力、威胁与死亡玩笑；带性意味的画面或台词；性别角色扮演笑话,有可对应条目,3257,0.06491575817641229,有,无,0,无
网球并不可笑嘛 7期,主线,文类内百合,缺席,非恋爱,多组异质关系,范围内没有性取向身份依据,所核未见,所核未见,范围内版本,故事／角色页、可见宣传,正篇事实＋强推断＋读者解读,无,高速对白、洗澡闯入、全裸、内裤、胸部与擦身笑料、夸张暴力和死亡表达、危险饮食、幽灵及混合性别集会误导。,有可对应条目,3266,0.05780780780780781,有,无,0,无
影宅,主线,文类内百合,缺席,非恋爱,多组异质关系,范围内没有性取向身份依据,所核未见,所核未见,范围内版本,故事／角色页、可见宣传,正篇事实／读者解读,副线,主从等级、洗脑与记忆剥夺、人格去除、囚禁威胁、身体危险。,有可对应条目,3277,0.03268428372739916,无,无,0,无
LoveLive！虹咲学园学园偶像同好会 NEXT SKY,主线,文类内百合,缺席,非恋爱,多组异质关系,范围内没有性取向身份依据,所核未见,所核未见,范围内版本,出版渠道、可见宣传,正篇事实＋强推断,无,短期留学、学园偶像梦想受阻、离别与社团申请压力；未确认女女交往,有可对应条目,3281,0.06689895470383275,有,无,40,无
MADLAX,主线,文类内百合,主线,明确女女恋爱欲望,多组异质关系,只有明确关系／欲望事实，无身份自述,所核未见,所核未见,范围内版本,故事／角色页,正篇事实／强推断／读者解读,副线,战争、枪击、暗杀、死亡、犯罪组织控制、失忆与身份碎裂、绑架、心理操纵、男性强迫求爱与身体胁迫、创伤。,有可对应条目,3285,0.09283135636926251,有,无,60,无
网球并不可笑嘛 6期,主线,文类内百合,局部,潜在恋爱,多组异质关系,只有关系性质推断，无身份自述,所核未见,所核未见,企划、范围内版本,故事／角色页、可见宣传,正篇事实／强推断／读者解读,副线,高速语言、电影戏仿、夸张吐槽、身体与伤害笑料、武器笑话、情人节巧克力及剧中求婚,有可对应条目,3299,0.05371596762325239,有,无,0,无
结城友奈是勇者 -大满开之章-,主线,文类外百合阅读,重要副线,潜在恋爱,多组异质关系,只有关系性质推断，无身份自述,所核未见,所核未见,范围内版本,故事／角色页、可见宣传,正篇事实／强推断／读者解读,无,未成年人战斗、同伴死亡与失踪、身体损失、制度性献祭、创伤及情绪崩溃,有可对应条目,3301,0.11344623546215059,有,无,60,无
Another 第0话,主线,非百合,缺席,非恋爱,多组异质关系,范围内没有性取向身份依据,所核未见,所核未见,范围内版本、原作,出版渠道、可见宣传,正篇事实,未知,收养与家庭分离、死亡预兆、白血病与治疗、事故危险、电视正篇前史剧透,有可对应条目,3334,0.06202898550724638,有,无,0,无
选择破坏者WIXOSS剧场版,主线,文类内百合,主线,明确女女恋爱欲望,多组异质关系,只有明确关系／欲望事实，无身份自述,所核未见,所核未见,范围内版本,出版渠道、故事／角色页、可见宣传,正篇事实＋强推断＋读者解读,副线,社会孤立、自杀企图相关叙述、危险游戏、高压卡牌战斗、分离、精神伤害、威胁性台词和近亲恋爱欲望。,有可对应条目,3355,0.0888468809073724,有,无,0,无
幸腹涂鸦,主线,文类内百合,主线,潜在恋爱,多组异质关系,只有关系性质推断，无身份自述,所核未见,所核未见,范围内版本,故事／角色页,正篇事实／强推断／读者解读,无,祖母去世后的独居与孤独、父母不在身边、升学压力、短暂生病与食欲不适,有可对应条目,3361,0.09949892627057981,有,无,0,无
演剧星世界,主线,文类内百合,缺席,非恋爱,多组异质关系,范围内没有性取向身份依据,所核未见,所核未见,—,—,正篇事实／强推断／读者解读,无,舞台竞争与落选压力、人格化 Sense 的消失焦虑、童年记忆与自我认识困惑、剧中剧的异性恋爱／接吻／死亡、职业年龄压力。,有可对应条目,3386,0.1064410480349345,有,无,0,无
网球并不可笑嘛,主线,文类内百合,局部,明确女女恋爱欲望,多组异质关系,只有明确关系／欲望事实，无身份自述,所核未见,所核未见,范围内版本,故事／角色页,正篇事实／强推断／读者解读,无,超现实肢体喜剧、内衣与身体边界笑料、泳衣及澡堂裸体笑料、高速台词与感官负荷,有可对应条目,3399,0.052086601819893316,有,无,0,无
宝石幻想：光芒重现,主线,文类内百合,缺席,非恋爱,多组异质关系,范围内没有性取向身份依据,所核未见,所核未见,范围内版本,故事／角色页、可见宣传,正篇事实／读者解读,无,奇幻怪物袭击与危险、慢性病与失声焦虑、家庭分离与王室约束、死亡及幽灵相关内容、喜剧性的暂时年龄变化,有可对应条目,3405,0.08763605916829473,有,无,79,无
舞-乙HiME Zwei,主线,文类内百合,主线,潜在恋爱,多组异质关系,只有关系性质推断，无身份自述,所核未见,所核未见,范围内版本,故事／角色页、可见宣传,正篇事实／强推断／读者解读,无,女性角色的裸露、性化服务与性骚扰场景、陨石灾害、战斗与武器、绑架和身体控制、主从契约与国家权力不对等、失踪和世界末日危机。,有可对应条目,3411,0.09651741293532339,有,无,0,无
战姬绝唱SYMPHOGEAR AXZ,主线,文类内百合,主线,潜在恋爱,多组异质关系,只有关系性质推断，无身份自述,所核未见,所核未见,范围内版本,故事／角色页、可见宣传,正篇事实＋强推断＋读者解读,副线,战争、奴役、身体改造、精神控制、死亡、重伤和灾难战斗。,有可对应条目,3458,0.09697732997481108,有,无,79,无
蓝海少女,主线,文类内百合,缺席,非恋爱,多组异质关系,范围内没有性取向身份依据,所核未见,所核未见,范围内版本,故事／角色页、可见宣传,正篇事实／强推断／读者解读,无,潜水训练中的呼吸困难、水下焦虑与风险、高中生泳装场景,有可对应条目,3501,0.06053384175405148,有,无,0,无
.hack//时空,主线,文类内百合,主线,潜在恋爱,单一主要关系记录,只有关系性质推断，无身份自述,所核未见,所核未见,范围内版本,可见宣传,正篇事实／强推断／读者解读,无,昏迷与住院、亲属控制与恐惧、记忆改写与身份困惑、虚拟世界中的受困、战斗威胁、孤立与严重心理痛苦,有可对应条目,3506,0.03477141017385705,无,无,20,无
流汗吧！健身少女,主线,文类外百合阅读,缺席,非恋爱,多组异质关系,范围内没有性取向身份依据,所核未见,所核未见,范围内版本,HTML 元数据、故事／角色页,正篇事实／强推断／读者解读,副线,体重与身材焦虑、身体与肌肉的性化展示、泳装／服装笑料、运动过度与受伤风险笑料、局部异性恋意向,有可对应条目,3516,0.0429938097917839,无,无,0,无
冰雪奇缘：生日惊喜,主线,非百合,缺席,非恋爱,多组异质关系,范围内没有性取向身份依据,所核未见,所核未见,范围内版本、原作,出版渠道、可见宣传,正篇事实＋强推断＋读者解读,副线,感冒发热、魔法失控、生日筹备混乱、极短篇幅与音乐喜剧节奏。,有可对应条目,3525,0.05112474437627812,无,无可对应条目,无可对应条目,无可对应条目
一杆青空,主线,文类内百合,缺席,非恋爱,多组异质关系,范围内没有性取向身份依据,所核未见,所核未见,—,—,正篇事实／强推断／读者解读,无,运动挫折、社交媒体压力、年龄与经验差异,有可对应条目,3549,0.05499735589635114,无,无,0,无
这里是充满笑容的职场。,主线,文类内百合,局部,潜在恋爱,多组异质关系,只有关系性质推断，无身份自述,所核未见,是,范围内版本,HTML 元数据、故事／角色页,正篇事实＋强推断＋读者解读,无,截稿与职业焦虑、酒后纠缠笑料、自我贬抑、体重与饮食笑话、成人漫画工作话题,有可对应条目,3562,0.09479799313440718,无,无,63,无
人马小姐不迷茫,主线,文类内百合,局部,潜在恋爱,多组异质关系,只有关系性质推断，无身份自述,所核未见,是,范围内版本,HTML 元数据、故事／角色页,正篇事实／强推断／读者解读,副线,卖弄身体与裸露笑料、身体与生理讨论、未成年人置于暧昧或浴室语境、族群歧视与威权政治讽喻、战争及大规模迫害暗示、儿童照护与疾病。,有可对应条目,3585,0.0886426592797784,有,无,20,无
对我垂涎欲滴的非人少女,主线,文类内百合,主线,潜在恋爱,多组异质关系,只有关系性质推断，无身份自述,是,是,范围内版本,HTML 元数据、故事／角色页,正篇事实＋强推断＋读者解读,无,自杀意念、自伤威胁、家人死亡、车祸、火灾、溺水、捕食、身体恐怖、强制控制、身体自主权威胁和严重心理痛苦。,有可对应条目,3620,0.14508946643996437,有,有,80,有
Anne Happy♪,主线,文类内百合,重要副线,明确女女恋爱欲望,多组异质关系,只有明确关系／欲望事实，无身份自述,所核未见,是,范围内版本,故事／角色页、可见宣传,正篇事实／强推断／读者解读,无,事故、疾病、学校考核、嫉妒及敌对反应的喜剧化表达,有可对应条目,3647,0.12270412100632813,有,无,0,无
女孩的钓鱼慢活,主线,文类内百合,局部,明确女女恋爱欲望,多组异质关系,只有明确关系／欲望事实，无身份自述,所核未见,是,范围内版本,故事／角色页、可见宣传,正篇事实＋强推断＋读者解读,无（所核十二话字幕）,父亲死亡与哀伤、重组家庭适应、性别刻板印象与同伴排斥、饮酒喜剧、成年角色关于年轻女性的喜剧性表述、儿童焦虑与家庭冲突,有可对应条目,3673,0.08992761624340571,有,无,0,无
三者三叶,主线,文类内百合,缺席,非恋爱,多组异质关系,范围内没有性取向身份依据,所核未见,所核未见,范围内版本,故事／角色页、可见宣传,正篇事实／强推断／读者解读,副线,食物匮乏、贫困与大食笑料，言语冲突及带血服装笑料。,有可对应条目,3675,0.10033655868742111,有,无,0,无
普通女高中生要做当地偶像,主线,文类内百合,缺席,非恋爱,多组同质关系,范围内没有性取向身份依据,所核未见,所核未见,范围内版本,出版渠道、故事／角色页、可见宣传,正篇事实、强推断、读者解读,无,女高中生泳装与温泉情境、身体羞耻笑料、演出与公众压力、服装失窃疑云,有可对应条目,3679,0.11168329578371419,有,无,0,无
生存游戏社,主线,文类内百合,重要副线,明确女女恋爱欲望,多组异质关系,只有明确关系／欲望事实，无身份自述,所核未见,是,相邻版本、范围内版本,故事／角色页、可见宣传,正篇事实／强推断／读者解读,无,性骚扰开场、玩具枪与夸张暴力笑料、欺凌与残酷玩笑、体型羞辱／节食笑料、单向追逐式亲密笑料,有可对应条目,3706,0.09457329430308489,有,无,0,无
再得一胜！,主线,文类内百合,重要副线,潜在恋爱,多组异质关系,只有关系性质推断，无身份自述,所核未见,所核未见,范围内版本,HTML 元数据、故事／角色页、可见宣传,正篇事实／强推断／读者解读,无,柔道对抗与受伤、比赛失利、学业与家庭期待压力、性别角色笑谈。,有可对应条目,3714,0.05226480836236934,无,无,0,无
看得见的女孩,主线,文类内百合,缺席,非恋爱,多组异质关系,范围内没有性取向身份依据,所核未见,所核未见,范围内版本,出版渠道、故事／角色页、可见宣传,正篇事实／强推断／读者解读,无,异形与怪诞恐怖、威胁和惊吓、围绕“看得见”的孤立与嘲弄、含女高中生身体与内衣相关的喜剧性台词、丧亲和动物伤害指控主题。,有可对应条目,3724,0.015781211269933076,无,无,20,无
普通女高中生要做当地偶像 OVA,主线,文类内百合,重要副线,潜在恋爱,多组异质关系,只有关系性质推断，无身份自述,所核未见,所核未见,范围内版本,出版渠道、可见宣传,正篇事实、强推断、读者解读,无,圣诞生日、夜访、共浴邀请、留宿话题与地方宣传拍摄。,有可对应条目,3731,0.1303030303030303,有,无,0,无
Urara迷路帖,主线,文类内百合,重要副线,潜在恋爱,多组异质关系,只有关系性质推断，无身份自述,所核未见,所核未见,相邻版本、范围内版本,其他位置、故事／角色页、可见宣传,正篇事实／强推断／读者解读,无,浴场与泳装画面、饮酒失态喜剧、占术怪异与轻度幻想危机、寻母与童年分离、童年女女亲吻被称为魔法问候,有可对应条目,3733,0.12222406363937686,有,无,0,无
Fate/kaleid liner 魔法少女☆伊莉雅 OAD,主线,文类内百合,缺席,非恋爱,多组异质关系,范围内没有性取向身份依据,所核未见,所核未见,范围内版本、原作,故事／角色页、可见宣传,正篇事实／强推断／读者解读,无,小学部运动会、成人威胁与“侧室”误会笑料、针对儿童角色的“性感”台词与性化笑料、厕所急迫笑料、竞技压力与过度训练,有可对应条目,3757,0.0787244643746886,有,无,0,无
咲日和 OAD,主线,文类内百合,缺席,非恋爱,多组异质关系,范围内没有性取向身份依据,所核未见,所核未见,企划、范围内版本、原作,出版渠道、可见宣传,正篇事实＋强推断,无,女性群像日常、泳装和猫耳玩笑、庆生与团队活动。,有可对应条目,3760,0.1211750305997552,有,无,0,无
空之音,主线,文类内百合,缺席,非恋爱,多组异质关系,范围内没有性取向身份依据,所核未见,所核未见,相邻版本、范围内版本,故事／角色页、可见宣传,正篇事实／强推断／读者解读,副线,战争与军事占领、枪炮威胁、战争创伤与丧失、敌国偏见、疾病与儿童遇险、关于婚外恋与非婚生育的回忆叙事。,有可对应条目,3766,0.02057142857142857,有,无,20,无
加奈日记,主线,文类内百合,重要副线,明确女女恋爱欲望,多组异质关系,只有明确关系／欲望事实，无身份自述,所核未见,是,范围内版本,故事／角色页、可见宣传,正篇事实／强推断,无,亲人去世、失去住处与未成年人工作处境；成年角色对未成年角色的性骚扰和性化幻想作为反复笑料；饮酒；浴场、泳池与服务性画面,有可对应条目,3794,0.12578241430700446,有,有,81,有
不良少女,主线,文类内百合,主线,潜在恋爱,多组异质关系,官方身份设定,是,是,相邻版本、范围内版本,访谈／评论、其他位置、故事／角色页、可见宣传,正篇事实／强推断／读者解读,无,追逐与嫉妒笑料、未经邀请的贴近、主从玩笑、性暗示、姐妹依恋竞争与夸张威胁,有可对应条目,3808,0.10764158262218775,无,有,95,无
Princess Principal Crown Handler 第3章,主线,文类内百合,重要副线,潜在恋爱,多组异质关系,只有关系性质推断，无身份自述,所核未见,所核未见,范围内版本、原作,故事／角色页、可见宣传,正篇事实＋强推断＋读者解读,无,枪械、潜入、王位继承危机、暗杀阴谋、政治暴力、身份伪装、儿童权力压力与悬念结尾。,有可对应条目,3812,0.1163575042158516,有,无,0,无
剧场版 高校舰队,主线,文类内百合,主线,潜在恋爱,多组异质关系,只有关系性质推断，无身份自述,所核未见,所核未见,范围内版本,故事／角色页、可见宣传,正篇事实／强推断／读者解读,无,海上武装战斗、炮击爆炸、舰船危险、儿童被卷入危险、强制劳动与救援行动、密集海事术语。,有可对应条目,3827,0.08503401360544217,有,无,0,无
战姬绝唱SYMPHOGEAR GX,主线,文类内百合,主线,潜在恋爱,多组异质关系,只有关系性质推断，无身份自述,所核未见,所核未见,范围内版本,故事／角色页、可见宣传,正篇事实＋强推断＋读者解读,无,精神控制、身体改造、家庭创伤、重伤、死亡和灾难战斗。,有可对应条目,3835,0.09400269541778976,有,无,79,无
"Wake Up, Girls!",主线,文类内百合,缺席,非恋爱,多组异质关系,范围内没有性取向身份依据,所核未见,所核未见,企划、范围内版本,故事／角色页、可见宣传,正篇事实、强推断、读者解读,副线,未成年偶像的暴露工作与男性顾客接吻要求、偶像恋爱禁令、羞辱与解雇、事务所剥削、流言、团体冲突,有可对应条目,3847,0.01632769979948439,无,无,0,无
江户前精灵,主线,文类内百合,缺席,非恋爱,多组异质关系,范围内没有性取向身份依据,所核未见,所核未见,相邻版本、范围内版本,故事／角色页、可见宣传,正篇事实／强推断／读者解读,无,长寿与历史失落、赌博和金钱困扰的喜剧描写、未成年人的考试焦虑,有可对应条目,3850,0.04874274661508704,有,无,0,无
奇蛋物语,主线,文类内百合,重要副线,明确女女恋爱欲望,多组异质关系,只有明确关系／欲望事实，无身份自述,所核未见,所核未见,范围内版本,故事／角色页、可见宣传,正篇事实／强推断／读者解读,副线,未成年人自杀与自伤、校园欺凌与孤立、性暴力与虐待、疑似师生边界越界、身体恐怖与血腥幻想暴力、饮食障碍与身体羞辱、家庭冲突与悲伤、宠物死亡、针对跨性别者的恐同与错称性别伤害、医疗实验与操控。,有可对应条目,3851,0.04557861444478142,无,无,0,无
你的光芒 ～牵牛花与加濑同学。～,主线,文类内百合,主线,潜在恋爱,单一主要关系记录,只有关系性质推断，无身份自述,所核未见,是,范围内版本,故事／角色页、可见宣传,正篇事实＋强推断＋读者解读,无,英语字幕是主体未标的歌词轨；完整短片画面已经核对，但脸红、同行或身体距离不单独证明恋爱回应或交往；2018 年 OVA 与漫画不在范围内。,有可对应条目,3857,0.16191768430574402,有,有,100,有
Alice in Deadly School,主线,文类内百合,主线,潜在恋爱,单一主要关系记录,只有关系性质推断，无身份自述,所核未见,所核未见,范围内版本,出版渠道、可见宣传,正篇事实／强推断／读者解读,无,校园丧尸灾难、咬伤、血迹、武器、爆炸、死亡与同伴失去。,有可对应条目,3860,0.05903527717782577,有,无,0,无
和谐,主线,文类内百合,主线,明确女女恋爱欲望,多组异质关系,只有明确关系／欲望事实，无身份自述,所核未见,所核未见,范围内版本,可见宣传,正篇事实／强推断／读者解读,无,自杀与群体死亡、创伤、性暴力相关叙述、意识控制、战争与枪声。,有可对应条目,3893,0.08113148896487411,有,无,80,无
电影 Love Live! 虹咲学园校园偶像同好会 完结篇 第1章,主线,文类内百合,重要副线,潜在恋爱,多组异质关系,只有关系性质推断，无身份自述,所核未见,所核未见,范围内版本,故事／角色页、可见宣传,正篇事实／强推断／读者解读,无,个人排名与公开投票压力、伙伴间竞争与退出焦虑、亲子赞助公平冲突、旧搭档失和与修复、未确认的女女浪漫指向,有可对应条目,3900,0.07285546415981199,无,无,73,无
猫神八百万,主线,文类内百合,重要副线,明确女女恋爱欲望,多组异质关系,只有明确关系／欲望事实，无身份自述,所核未见,是,范围内版本,出版渠道、故事／角色页、可见宣传,正篇事实、强推断、读者解读,副线,泳装与身体暴露笑料、赌博与财务失当笑料、失亲与宠物离别、包办婚约与分离焦虑、超自然威胁,有可对应条目,3920,0.04696356275303644,有,无,0,无
终末的伊泽塔,主线,文类内百合,主线,潜在恋爱,单一主要关系记录,只有关系性质推断，无身份自述,所核未见,所核未见,—,—,正篇事实／强推断／读者解读,副线,战争入侵与军事占领、枪炮轰炸与战场伤害、军民死亡、处决与灭口、酷刑与火刑叙述、人体实验与克隆、可能致命的自我牺牲、政治宣传与超自然力量工具化、政治性婚约、身体笑料及沐浴／更衣场景。,有可对应条目,3923,0.12180028129395218,有,无,20,无
SHOW BY ROCK!!,主线,文类内百合,重要副线,潜在恋爱,多组异质关系,只有关系性质推断，无身份自述,所核未见,是,企划、范围内版本,故事／角色页、可见宣传,正篇事实＋强推断＋读者解读,无,怪物袭击、角色受操控、乐队冲突与短暂分离、可能离别带来的情绪压力。,有可对应条目,4010,0.05179282868525897,有,无,50,无
联盟空军航空魔法音乐队 光辉魔女,主线,文类内百合,缺席,非恋爱,多组异质关系,范围内没有性取向身份依据,所核未见,所核未见,范围内版本,出版渠道、故事／角色页、可见宣传,正篇事实、强推断、读者解读,无,战争与流离失所、军队纪律、受伤与失去魔力、与使魔分离、少量身体暴露笑料,有可对应条目,4018,0.09380952380952381,有,无,0,无
雏逻辑 ～from Luck & Logic～,主线,文类内百合,主线,明确女女恋爱欲望,多组异质关系,只有明确关系／欲望事实，无身份自述,所核未见,所核未见,相邻版本、范围内版本,故事／角色页、可见宣传,正篇事实／强推断／读者解读,无,幻想战斗与危机、学生之间突如其来的亲吻、魔法造成的短暂情感失常笑料、学校场景与轻度服务性画面。,有可对应条目,4020,0.13834173156207055,有,无,85,无
寒蝉鸣泣之时 业,主线,文类内百合,主线,明确女女恋爱欲望,单一主要关系记录,只有明确关系／欲望事实，无身份自述,所核未见,所核未见,范围内版本,出版渠道、故事／角色页、可见宣传,正篇事实／强推断／读者解读,无,恐怖、惨剧循环、谋杀与身体伤害；精神崩溃、家庭暴力、监禁和儿童受害；关系中的执着、操纵与权力失衡。,有可对应条目,4058,0.015994354933552862,无,无,40,无
CAROLE & TUESDAY,主线,文类内百合,局部,明确女女交往关系,多组异质关系,只有明确关系／欲望事实，无身份自述,所核未见,所核未见,范围内版本,故事／角色页、可见宣传,正篇事实／强推断／读者解读,副线,越界追随与骚扰、家庭控制与隔离、反移民政治与拘留、职业压力与物化、亲子冲突、疾病与丧失、威胁及非血腥暴力。,有可对应条目,4073,0.02920016927634363,无,无,0,无
Re:Stage！Dream Days♪,主线,文类内百合,主线,潜在恋爱,多组异质关系,只有关系性质推断，无身份自述,所核未见,是,范围内版本,HTML 元数据、故事／角色页,正篇事实／强推断／读者解读,无,中学生偶像与公开舞台压力、社团存废与竞赛焦虑、家长反对演艺活动、家庭期待与姐妹冲突、喜剧性潜入与误导情报。,有可对应条目,4114,0.08422837761447145,有,无,0,无
选择扩散者WIXOSS,主线,文类内百合,主线,明确女女恋爱欲望,多组异质关系,只有明确关系／欲望事实，无身份自述,所核未见,是,范围内版本,访谈／评论、可见宣传,正篇事实／强推断／读者解读,副线,高压卡牌战斗与强制规则、暴力与身体伤害、记忆丧失与身份置换、操控与虐待、晶—乌莉丝关系中的伤害和依赖、花代／游月—香月的近亲恋爱欲望、孤独与自我危险。,有可对应条目,4119,0.08257686676427525,有,无,0,无
踏切时间,重要副线,文类外百合阅读,重要副线,明确女女恋爱欲望,单一主要关系记录,只有明确关系／欲望事实，无身份自述,所核未见,是,范围内版本,故事／角色页、可见宣传,正篇事实＋强推断＋读者解读,副线,未获确认的女女告白与关系尴尬、男性对女高中生的性化评论、学生角色,有可对应条目,4120,0.04829834929692276,有,无,50,无
骇客娃娃,重要副线,文类外百合阅读,缺席,非恋爱,多组异质关系,范围内没有性取向身份依据,所核未见,所核未见,范围内版本,出版渠道、故事／角色页,正篇事实／强推断／读者解读,副线,洗浴与局部裸露、性暗示、性别变形及“男の娘”笑料、儿童单向求婚、身体故障与伤害、职场和御宅文化讽刺。,有可对应条目,4130,0.02436412315930388,有,无,0,无
猫神八百万OVA,主线,文类内百合,局部,潜在恋爱,多组异质关系,只有关系性质推断，无身份自述,所核未见,所核未见,企划、范围内版本,出版渠道、可见宣传,正篇事实／强推断／读者解读,副线,废弃医院、女性幽灵、死亡与升天告别；脱衣猜拳、身体暴露、捆绑及性化喜剧；男性单向求婚幻想与裸露欲望。,有可对应条目,4165,0.08066298342541436,有,无,0,无
初瓣,主线,文类内百合,主线,潜在恋爱,多组异质关系,只有关系性质推断，无身份自述,所核未见,所核未见,范围内版本,访谈／评论、故事／角色页,正篇事实／强推断／读者解读,副线,严重社交焦虑与失语、强势社团招募、慢性声带疾病与健康风险、校园冲突、朋友分离、单向告白与拒绝,有可对应条目,4206,0.08596713021491782,有,无,0,无
虹四动画 第二季,主线,文类内百合,重要副线,潜在恋爱,多组异质关系,只有关系性质推断，无身份自述,所核未见,所核未见,范围内版本,出版渠道、故事／角色页、可见宣传,正篇事实＋强推断＋读者解读,无,短篇喜剧把亲密互动压缩成笑点；第 2 话的共伞与信件有浪漫读法；第 1、6、11 话的胜利之路是幻想层。,有可对应条目,4216,0.08087091757387248,有,无,0,无
若叶女孩,主线,文类内百合,缺席,非恋爱,多组异质关系,范围内没有性取向身份依据,所核未见,所核未见,范围内版本,HTML 元数据、可见宣传,正篇事实／强推断／读者解读,副线,泳装与身材笑料、性别气质和选美笑话、BL 游戏话题、轻微夸张喜剧。,有可对应条目,4234,0.10183750276732345,有,无,0,无
SHOW BY ROCK!! STARS!!,主线,文类内百合,局部,潜在恋爱,多组异质关系,只有关系性质推断，无身份自述,所核未见,所核未见,范围内版本,故事／角色页、可见宣传,正篇事实／强推断／读者解读,无,奇幻袭击、误判与拘押、竞赛和演出压力、家庭紧急情况、公共冲突与音乐都市危机。,有可对应条目,4268,0.11547619047619048,有,无,40,无
心跳！光之美少女,主线,文类内百合,主线,潜在恋爱,多组异质关系,只有关系性质推断，无身份自述,所核未见,是,范围内版本,故事／角色页,正篇事实／强推断／读者解读,副线,幻想战斗与受伤、未成年角色遇险、情绪操控与独占、记忆操控、家庭分离与告别、局部异性恋爱支线。,有可对应条目,4288,0.07828134196586227,无,无,79,无
D4DJ First Mix,主线,文类内百合,缺席,非恋爱,多组异质关系,范围内没有性取向身份依据,所核未见,所核未见,范围内版本,故事／角色页、可见宣传,正篇事实／强推断／读者解读,无,学业与舞台压力、家庭规划限制、成员短暂失和、住宿与洗浴笑料、竞演焦虑,有可对应条目,4290,0.06693989071038252,有,无,0,无
呼唤少女特别篇 想做的事到底是什么,主线,文类内百合,重要副线,潜在恋爱,多组异质关系,只有关系性质推断，无身份自述,所核未见,所核未见,范围内版本、原作,可见宣传,正篇事实＋强推断,无,身体部位特写、按摩与拉伸、轻度性意味和搭讪玩笑；结尾开启后续悬念。,有可对应条目,4313,0.06775170325510976,无,无可对应条目,0,有
BanG Dream! Episode of Roselia Ⅱ : Song I am.,主线,文类内百合,局部,潜在恋爱,多组异质关系,只有关系性质推断，无身份自述,所核未见,所核未见,范围内版本,出版渠道、故事／角色页、可见宣传,正篇事实／强推断／读者解读,无,竞赛压力、团队焦虑与意见分歧；局部直接爱意表达的关系语境与相互性未确认恋爱。,有可对应条目,4342,0.04538279400157853,无,无,0,无
选择感染者WIXOSS,主线,文类内百合,缺席,非恋爱,多组异质关系,范围内没有性取向身份依据,所核未见,所核未见,范围内版本,访谈／评论、故事／角色页、可见宣传,正篇事实／强推断／读者解读,副线,高压许愿游戏、心理痛苦与绝望、记忆丧失和社交隔离、霸凌与公开羞辱、身体／身份置换、近亲恋爱欲望、暴力与自我危险。,有可对应条目,4407,0.08257825370675453,有,无,0,无
少女爱上姐姐,重要副线,文类外百合阅读,缺席,非恋爱,多组异质关系,范围内没有性取向身份依据,所核未见,所核未见,范围内版本,故事／角色页、可见宣传,正篇事实＋读者解读,主导,性别隐瞒与女装、由隐瞒形成的恋爱张力、台词提及舞台／意外亲密接触、抢劫与暴力威胁、死亡与幽灵角色。,有可对应条目,4411,0.0803030303030303,有,无,20,无
动作女主 水果应援团,主线,文类内百合,重要副线,潜在恋爱,多组异质关系,只有关系性质推断，无身份自述,所核未见,所核未见,范围内版本,故事／角色页,正篇事实／强推断／读者解读,无,舞台事故风险、自我否定、团队争执、自然灾害与交通危机,有可对应条目,4440,0.07810650887573964,有,无,0,无
迷你百合,主线,文类内百合,重要副线,明确女女恋爱欲望,多组异质关系,只有明确关系／欲望事实，无身份自述,是,所核未见,范围内版本,可见宣传,正篇事实／强推断,无,短篇喜剧、单向爱意、占有性笑料、接吻话题、性化鞭打玩笑、身体笑料与推理式假伤害。,有可对应条目,4477,0.11858190709046455,有,有,79,有
萤子,主线,文类内百合,主线,明确女女恋爱欲望,多组异质关系,只有明确关系／欲望事实，无身份自述,所核未见,是,范围内版本,故事／角色页、可见宣传,正篇事实／强推断／读者解读,副线,18 禁成人内容、亲属关系、操纵、性暴力与同意状态复杂、邪教献祭、血腥恐怖和身体伤害,有可对应条目,4488,0.10372608257804633,有,无可对应条目,60,无
怪兽娘（黑）～奥特怪兽拟人化计划～,主线,文类内百合,缺席,非恋爱,多组异质关系,范围内没有性取向身份依据,所核未见,所核未见,范围内版本,故事／角色页、可见宣传,正篇事实／强推断／读者解读,无,怪兽拟人化、变身、超能力失控、侵略计划、阵营战斗与城市危机。,有可对应条目,4494,0.07452574525745258,无,无,0,无
稻荷恋之歌,主线,文类外百合阅读,重要副线,明确女女恋爱欲望,多组异质关系,只有明确关系／欲望事实，无身份自述,所核未见,所核未见,相邻版本、范围内版本,出版渠道、故事／角色页、可见宣传,正篇事实／强推断／读者解读,主导,单恋受挫、嫉妒、排斥、关系隐瞒、超自然力量失控与消失风险,有可对应条目,4506,0.018157807857378673,有,无,0,无
超次元游戏 海王星,主线,文类内百合,缺席,非恋爱,多组异质关系,范围内没有性取向身份依据,所核未见,所核未见,范围内版本,可见宣传,正篇事实＋读者解读,副线,战斗、囚禁与人身威胁；成人向裸露／泳装、越界身体笑料及单向追求笑料。,有可对应条目,4530,0.07455099966113182,有,无,0,无
女恶魔人,主线,文类内百合,主线,明确女女恋爱欲望,多组异质关系,只有明确关系／欲望事实，无身份自述,所核未见,是,范围内版本,故事／角色页、可见宣传,正篇事实／强推断／读者解读,副线,怪物暴力、血腥与死亡；绑架、囚禁、机构控制、药物致昏迷、束缚、难以行使同意时的性化触碰、裸体、性暴力威胁、心理胁迫、丧亲与绝望。,有可对应条目,4578,0.07547169811320754,有,无,0,无
邪神与厨二病少女 X,主线,文类内百合,主线,潜在恋爱,多组异质关系,只有关系性质推断，无身份自述,所核未见,所核未见,范围内版本,故事／角色页、可见宣传,正篇事实／强推断／读者解读,无,肢解、酷刑、出血与再生、强制召唤、谋杀企图、绑架／占有、债务和经济剥削、裸露与性化笑点。,有可对应条目,4580,0.060058048671578476,有,无,10,无
D4DJ All Mix,主线,文类内百合,缺席,非恋爱,多组异质关系,范围内没有性取向身份依据,所核未见,所核未见,范围内版本,故事／角色页、可见宣传,正篇事实／强推断／读者解读,无,服务义务、地区活动与舞台压力、创作分歧、合宿和温泉情境,有可对应条目,4591,0.0766990291262136,有,无,0,无
LoveLive! Sunshine!! 学园偶像 电影 彩虹彼端,主线,文类内百合,缺席,非恋爱,多组异质关系,范围内没有性取向身份依据,所核未见,所核未见,范围内版本,出版渠道、可见宣传,正篇事实＋强推断＋读者解读,副线,毕业与团体分离、三年级成员失联、家庭安排婚姻的压力、离别和重聚。,有可对应条目,4596,0.04216660953033939,无,无,0,无
在地下城寻求邂逅是否搞错了什么 外传 剑姬神圣谭,主线,文类内百合,重要副线,潜在恋爱,多组异质关系,只有关系性质推断，无身份自述,所核未见,所核未见,范围内版本,HTML 元数据、故事／角色页,正篇事实＋强推断＋读者解读,副线,地下城战斗、怪物袭击、伤亡危险、谋杀未遂、身体笑料、单向理想化与嫉妒。,有可对应条目,4603,0.017401244760574114,无,无,0,无
一个人的○○小日子,主线,文类内百合,缺席,非恋爱,多组异质关系,范围内没有性取向身份依据,所核未见,所核未见,范围内版本,故事／角色页,正篇事实＋读者解读,无,严重社交焦虑与回避、紧张引发呕吐或倒下的笑料、幼驯染以绝交为条件的约定、反复害怕被朋友抛下、校园出丑与摔倒、因外貌而令人畏惧的教师。,有可对应条目,4611,0.09615676743126234,有,无,0,无
NULL & PETA,主线,文类内百合,缺席,非恋爱,单一主要关系记录,范围内没有性取向身份依据,所核未见,所核未见,企划、范围内版本,访谈／评论、故事／角色页、可见宣传,正篇事实＋强推断＋读者解读,无,儿童交通事故与昏迷、误认姐姐死亡、孤独与虚拟世界不安、学校回避、科幻喜剧暴力。,有可对应条目,4621,0.07964033397559409,有,无,0,无
小林家的龙女仆 怕寂寞的龙,主线,文类内百合,重要副线,潜在恋爱,多组异质关系,只有关系性质推断，无身份自述,所核未见,所核未见,范围内版本,出版渠道、可见宣传,正篇事实／强推断／读者解读,无,家庭分离、亲子关系破裂、龙族战争、战斗、儿童角色卷入危险、性化笑料与暗示性对白。,有可对应条目,4628,0.036961195863622405,无,有,51,无
高校舰队 OVA,主线,文类内百合,缺席,非恋爱,多组异质关系,范围内没有性取向身份依据,所核未见,所核未见,范围内版本,出版渠道、可见宣传,正篇事实／强推断／读者解读,无,校园军事训练与舰艇背景、旧船受损、班级解散传闻、分离焦虑、密令与请愿压力、喜剧性夸张。,有可对应条目,4639,0.11128284389489954,有,无,0,无
爆裂天使,主线,文类内百合,主线,潜在恋爱,多组异质关系,只有关系性质推断，无身份自述,所核未见,所核未见,范围内版本,故事／角色页,正篇事实／强推断／读者解读,无,枪战、爆炸、绑架与拘束、人体实验、政治暴力、未成年人反复置于危险中。,有可对应条目,4657,0.12004801920768307,有,无,56,无
虎子,主线,文类内百合,局部,明确女女恋爱欲望,多组异质关系,明确身份自述,所核未见,所核未见,范围内版本,故事／角色页,正篇事实／强推断／读者解读,副线,肢体恶作剧、外貌与摄影笑料、学生角色间性玩笑与意外亲吻、单向男性恋爱笑料、家庭冲突与离家情节,有可对应条目,4661,0.10636442894507411,有,无,0,无
Happy Sugar Life,主线,文类内百合,主线,明确女女交往关系,多组异质关系,只有明确关系／欲望事实，无身份自述,所核未见,是,范围内版本,故事／角色页、可见宣传,正篇事实,副线,高中生与年幼儿童的恋爱化关系、诱拐与对外隔绝、家庭暴力与遗弃、勒索和操纵、跟踪、肢体伤害、杀人和尸体处理、纵火、性暴力及对未成年人的性化欲望、共同赴死提议、死亡。,有可对应条目,4674,0.154003923666845,有,有,66,有
红壳的潘多拉,主线,文类内百合,主线,潜在恋爱,多组异质关系,只有关系性质推断，无身份自述,所核未见,所核未见,范围内版本,出版渠道、故事／角色页、可见宣传,正篇事实＋强推断＋读者解读,无,全身义体、武装机器人、爆炸与动作暴力、身体与性暗示笑料。,有可对应条目,4676,0.09689922480620156,有,无,78,无
白沙的水族馆,主线,文类内百合,缺席,非恋爱,单一主要关系记录,范围内没有性取向身份依据,所核未见,所核未见,范围内版本,可见宣传,正篇事实／强推断／读者解读,无,童年丧亲与哀伤、失去居所与水族馆闭馆、职业挫败与工作压力、家人疾病住院、孤立与情绪困扰、饮酒。,有可对应条目,4705,0.06969376979936642,有,无,60,无
末日列车去哪里？,主线,文类内百合,缺席,非恋爱,多组异质关系,范围内没有性取向身份依据,所核未见,所核未见,—,—,正篇事实、强推断、读者解读,无,末日灾变、青少年长期失联、危险旅行与战斗、身体变形、蘑菇寄生、僵尸、流血与死亡威胁、记忆篡改、精神控制、粗俗笑话和家庭冲突。,有可对应条目,4747,0.05978621897457576,无,无,0,无
RIN×SEN＋Ran→Sem Cross Mix,局部,文类外百合阅读,局部,明确女女恋爱欲望,多组异质关系,只有明确关系／欲望事实，无身份自述,所核未见,所核未见,范围内版本,HTML 元数据,正篇事实／强推断／读者解读,副线,成人色情、教团控制、威胁与强迫、姐妹性化互动、多人性行为、性奴役设定与怀孕焦虑。,有可对应条目,4779,0.036177105831533475,无,无可对应条目,40,无
海底娇娃蓝华,重要副线,文类外百合阅读,缺席,非恋爱,多组异质关系,范围内没有性取向身份依据,所核未见,是,相邻版本、范围内版本、原作,故事／角色页、可见宣传,正篇事实＋强推断＋读者解读,副线,成人向性感宣传、动作冲突、囚禁、胁迫与越界亲属欲望,有可对应条目,4785,0.04259776536312849,无,无,0,无
女皇之刃 王座的继承者,主线,文类内百合,重要副线,明确女女恋爱欲望,多组异质关系,只有明确关系／欲望事实，无身份自述,所核未见,所核未见,企划、范围内版本,出版渠道、故事／角色页,正篇事实／强推断／读者解读,副线,成人向裸露与性化呈现、非自愿触摸与羞辱、战斗伤害／死亡／石化、精神控制与附身、姐妹间单向占有欲、异性婚姻与家庭分离。,有可对应条目,4818,0.05428716387620497,有,无,66,无
暗与帽子与书之旅人,主线,文类内百合,主线,明确女女恋爱欲望,多组异质关系,只有明确关系／欲望事实，无身份自述,所核未见,是,范围内版本,故事／角色页、可见宣传,正篇事实／强推断,副线,无血缘姊妹欲望、睡眠状态下靠近嘴唇且实际接触与同意未确认、分离与单向爱意、奇幻暴力、死亡、牺牲、黑暗主题与性化呈现。,有可对应条目,4826,0.15605999189298744,有,有,92,有
碧蓝航线：微速前行！,主线,文类内百合,局部,潜在恋爱,多组异质关系,只有关系性质推断，无身份自述,所核未见,所核未见,范围内版本,故事／角色页,正篇事实／读者解读,未知,指挥官指向的约会与占有台词、泡澡及身体笑料、短暂失忆误会。,有可对应条目,4831,0.035390591281829954,无,无,0,无
森田同学很沉默 2,主线,文类内百合,局部,明确女女恋爱欲望,多组异质关系,只有明确关系／欲望事实，无身份自述,所核未见,是,范围内版本,故事／角色页、可见宣传,正篇事实／强推断／读者解读,副线,未成年角色的恋爱告白、男性同学的性化妄想、疾病与交通事故误会笑料,有可对应条目,4832,0.05286343612334802,有,无,0,无
天体的秩序,主线,文类内百合,缺席,非恋爱,多组异质关系,范围内没有性取向身份依据,所核未见,所核未见,范围内版本,故事／角色页、可见宣传,正篇事实／强推断／读者解读,无,亲人死亡与哀伤、记忆缺失、朋友冲突与和解、掌掴、情绪困扰、分离与角色暂时消失,有可对应条目,4839,0.10089615181866105,有,无,0,无
女皇之刃 美丽女斗士们,主线,文类内百合,局部,潜在恋爱,多组异质关系,只有关系性质推断，无身份自述,所核未见,所核未见,企划、范围内版本,出版渠道、可见宣传,正篇事实＋强推断＋读者解读,无,成人向裸露、持续身体性化、性化身体接触、强迫服务、战斗受伤、身体侵犯、姐妹间占有、魔法附身与控制、生命力吸取。,有可对应条目,4870,0.04717710750193349,无,无,79,无
轮回的拉格朗日 鸭川日常,主线,文类内百合,局部,潜在恋爱,多组异质关系,只有关系性质推断，无身份自述,所核未见,所核未见,范围内版本、原作,出版渠道、可见宣传,正篇事实／强推断／读者解读,无,科幻与机甲背景、远距离分隔、友情与恋爱式玩笑并置,有可对应条目,4901,0.09396751740139211,有,无,30,无
女高中生的腰技,重要副线,文类外百合阅读,重要副线,明确女女恋爱欲望,多组异质关系,只有明确关系／欲望事实，无身份自述,所核未见,所核未见,—,—,正篇事实＋强推断＋读者解读,主导,成人色情内容、高中生角色性化、师生关系、亲属间性化互动、多人性行为、窥视、拒绝与同意边界不清。,有可对应条目,4902,0.026633165829145728,无,无可对应条目,50,无
夏色奇迹,主线,文类内百合,缺席,非恋爱,多组异质关系,范围内没有性取向身份依据,所核未见,所核未见,范围内版本,可见宣传,正篇事实／强推断／读者解读,副线,分离焦虑、身体互换与魔法造成的失控／贴近、单向异性恋误会、风暴与遇险。,有可对应条目,4902,0.07113613101330604,有,无,0,无
人渣的本愿,重要副线,非百合,重要副线,明确女女恋爱欲望,多组异质关系,只有明确关系／欲望事实，无身份自述,所核未见,是,范围内版本,故事／角色页、可见宣传,正篇事实＋强推断,主导,高中年龄角色的性内容、师生及前师生边界、单向感情被利用、亲密场景中的同意问题、重叠关系与出轨、言语骚扰、失恋与情绪痛苦。,有可对应条目,4914,0.007137408739239403,无,无,55,无
BLUE DROP 天使们的戏曲,主线,文类内百合,主线,明确女女交往关系,单一主要关系记录,只有明确关系／欲望事实，无身份自述,所核未见,所核未见,范围内版本,故事／角色页、可见宣传,正篇事实／强推断,无,科幻侵略与战争、灾难和死亡背景、威胁与肢体攻击、幸存者创伤、分离与牺牲风险,有可对应条目,4930,0.19063270336894,有,有,91,有
女子高中生,主线,文类内百合,局部,明确女女交往关系,多组异质关系,只有明确关系／欲望事实，无身份自述,所核未见,所核未见,范围内版本,故事／角色页、可见宣传,正篇事实／强推断／读者解读,副线,内衣、身体检查、泳装、月经及身体／性话题笑料；男女交往、师生搭讪语境与跟随进洗手间的紧张设置；流言、姐妹冲突与外貌评价,有可对应条目,4935,0.047123623011015914,无,无,0,无
强袭魔女 剧场版 501部队起飞！,主线,文类内百合,重要副线,潜在恋爱,多组异质关系,只有关系性质推断，无身份自述,所核未见,所核未见,范围内版本、原作,出版渠道、故事／角色页,正篇事实／强推断／读者解读,无,架空战争、战斗危险、夸张伤势、裸体、内衣式服装与身体笑料,有可对应条目,4956,0.10869565217391304,有,无,0,无
转生成为了只有乙女游戏破灭Flag的邪恶大小姐,重要副线,文类外百合阅读,重要副线,明确女女恋爱欲望,多组异质关系,只有明确关系／欲望事实，无身份自述,所核未见,是,范围内版本,故事／角色页、可见宣传,正篇事实／强推断／读者解读,并列,阶级霸凌、绑架与非法拘禁、虚假指控及流放或处刑威胁、魔法伤害、占有与嫉妒被喜剧化、收养义姐弟恋爱候选。,有可对应条目,4963,0.03660178724446077,无,无,30,无
你遭难了吗？,主线,文类内百合,缺席,非恋爱,多组异质关系,范围内没有性取向身份依据,所核未见,所核未见,范围内版本,可见宣传,正篇事实／强推断／读者解读,无,求生险境、脱水和落水救援、捕猎与食用动物／昆虫、救急口腔接触、侵入性补水、体液与卫生话题，以及学生角色的身体和衣物笑料。,有可对应条目,4966,0.09420216533441263,有,无,50,无
伯纳德小姐说。,重要副线,文类外百合阅读,缺席,非恋爱,单一主要关系记录,范围内没有性取向身份依据,所核未见,所核未见,范围内版本,故事／角色页、可见宣传,正篇事实／强推断／读者解读,副线,高密度文学梗、以文学为话题的死亡与暴力、肢体闹剧及尖锐吐槽、局部单向异性好感。,有可对应条目,4984,0.04472843450479233,有,无,0,无
强袭魔女 501部队起飞！,主线,文类内百合,重要副线,明确女女恋爱欲望,多组异质关系,只有明确关系／欲望事实，无身份自述,所核未见,所核未见,范围内版本,故事／角色页、可见宣传,正篇事实／强推断／读者解读,无,架空战争、军事训练、身体服务性喜剧、裸体与内衣式服装、洗浴和身体接触笑料、前后辈压力。,有可对应条目,5015,0.07850707850707851,有,无,0,无
群花绽放，彷如修罗,主线,文类内百合,主线,潜在恋爱,多组异质关系,只有关系性质推断，无身份自述,所核未见,所核未见,范围内版本,故事／角色页、可见宣传,正篇事实＋强推断＋读者解读,副线,家庭控制与短暂限制行动、亲人离散造成的情绪困扰、校园竞赛压力、严厉批评与人际冲突。,有可对应条目,5021,0.055618381823789455,无,无,0,无
战姬绝唱SYMPHOGEAR,主线,文类内百合,主线,潜在恋爱,多组异质关系,只有关系性质推断，无身份自述,所核未见,所核未见,范围内版本,故事／角色页、可见宣传,正篇事实／强推断／读者解读,无,灾害与战斗、死亡与哀伤、身体伤害、操控与阴谋、心理痛苦、学校遇袭,有可对应条目,5083,0.08973650267182605,有,无,85,无
LoveLive! Sunshine!!,主线,文类内百合,主线,潜在恋爱,多组异质关系,只有关系性质推断，无身份自述,所核未见,所核未见,范围内版本,可见宣传,正篇事实＋强推断＋读者解读,无,废校与前途压力、旧友疏离和自责、能力焦虑、喜剧化肢体碰撞及泳装／更衣画面。,有可对应条目,5112,0.05125887669464171,无,无,0,无
少女爱上姐姐 2人的Elder THE ANIMATION,重要副线,文类外百合阅读,缺席,非恋爱,多组异质关系,范围内没有性取向身份依据,是,是,范围内版本,可见宣传,正篇事实／强推断／读者解读,主导,男性主角女装、性别隐瞒与阶级冲突。,有可对应条目,5125,0.053896576839038604,有,无,无可对应条目,无
长骑美眉,主线,文类内百合,缺席,非恋爱,多组异质关系,范围内没有性取向身份依据,所核未见,所核未见,范围内版本,HTML 元数据、故事／角色页,正篇事实／强推断／读者解读,无,长距离骑行的疲劳、饥饿与天气暴露；自行车活动的道路安全风险,有可对应条目,5126,0.08536585365853659,有,无,0,无
地下城里的人们,主线,文类内百合,缺席,非恋爱,单一主要关系记录,范围内没有性取向身份依据,所核未见,所核未见,范围内版本,故事／角色页、可见宣传,正篇事实／强推断／读者解读,无,地下城战斗、死亡与复活设定、亲人失踪与早年丧失、犯罪团伙的同伴杀害、雇佣与管理权力差。,有可对应条目,5133,0.049338758901322485,无,无,0,无
真・恋姬无双～少女大乱～,主线,文类内百合,重要副线,明确女女恋爱欲望,多组异质关系,只有明确关系／欲望事实，无身份自述,所核未见,所核未见,范围内版本,访谈／评论、故事／角色页、可见宣传,正篇事实／强推断／读者解读,无,历史幻想与战斗、性化服装和身体笑料、强迫服药与囚禁、强推和性化威胁语句、妖术变形、追杀和群体暴力。,有可对应条目,5134,0.1271276595744681,有,无,0,无
斯特拉的魔法,主线,文类内百合,缺席,非恋爱,多组异质关系,范围内没有性取向身份依据,所核未见,所核未见,范围内版本,故事／角色页、可见宣传,正篇事实／强推断／读者解读,无,创作期限压力、自我怀疑、疾病与照护，以及涉及未成年角色的恋爱、性别转换和攻受玩笑,有可对应条目,5142,0.10396409872849663,有,无,0,无
LoveLive! Sunshine!! 第二季,主线,文类内百合,缺席,非恋爱,多组同质关系,范围内没有性取向身份依据,所核未见,所核未见,范围内版本,可见宣传,正篇事实＋强推断＋读者解读,无,毕业、学校关闭与团体分离压力；成员冲突、竞争与修复；舞台演出和竞赛压力；对未来道路的焦虑。,有可对应条目,5162,0.04691588785046729,无,无,0,无
贫穷姐妹物语,主线,文类内百合,缺席,非恋爱,多组同质关系,范围内没有性取向身份依据,所核未见,所核未见,范围内版本,故事／角色页、可见宣传,正篇事实＋强推断；恋爱读法只能另作读者解读,无,贫困与儿童承担劳动、父母缺席与丧亲、疾病及住院焦虑。,有可对应条目,5169,0.05547226386806597,有,无,0,无
赛马娘四格,主线,文类内百合,缺席,非恋爱,多组异质关系,范围内没有性取向身份依据,所核未见,所核未见,范围内版本,可见宣传,正篇事实／强推断／读者解读,无,竞技失败、追逐与轻度摔倒笑料，拟人化赛马设定，试胆、悬疑剧场和夸张角色扮演。,有可对应条目,5191,0.05116925214169947,有,无,0,无
剧场版 Fate/kaleid liner 魔法少女☆伊莉雅 Licht 无名的少女,重要副线,文类外百合阅读,缺席,非恋爱,多组异质关系,范围内没有性取向身份依据,所核未见,所核未见,范围内版本,故事／角色页、可见宣传,正篇事实／强推断／读者解读,副线,魔法战斗、战争创伤、囚禁、牺牲、死亡与人物工具化。,有可对应条目,5194,0.05275954291271578,有,无,0,无
魔法纪录 魔法少女小圆外传,主线,文类内百合,缺席,非恋爱,多组异质关系,范围内没有性取向身份依据,所核未见,所核未见,范围内版本,故事／角色页,正篇事实／强推断／读者解读,无,魔法战斗、伤害与死亡风险、疾病和失散、记忆操控、组织招募、家庭忽视与情绪困境,有可对应条目,5245,0.06220362622036262,有,无,0,无
4个人各自有着自己的秘密,主线,文类内百合,缺席,非恋爱,多组异质关系,范围内没有性取向身份依据,所核未见,是,范围内版本,出版渠道、故事／角色页、可见宣传,正篇事实／强推断／读者解读,无,性别呈现与身份隐瞒、记忆处理、夸张科幻威胁、未成年角色危险处境、身体与青春期笑料。,有可对应条目,5247,0.047446274072006696,无,无,0,无
裤袜视界,主线,文类内百合,缺席,非恋爱,多组异质关系,范围内没有性取向身份依据,所核未见,所核未见,范围内版本,出版渠道、故事／角色页、可见宣传,正篇事实＋强推断＋读者解读,无,裤袜／足部和身体部位服务性表现、带性意味的双关、身体接触笑料、男学生与教师的性化幻想喜剧。,有可对应条目,5288,0.03155403628714173,有,无,54,无
轮回的拉格朗日 第二季,主线,文类内百合,主线,潜在恋爱,多组异质关系,只有关系性质推断，无身份自述,所核未见,所核未见,范围内版本,故事／角色页,正篇事实＋强推断＋读者解读,副线,机甲战斗、宇宙战争、政治冲突、城市与地球级灾害、离别、失忆、背叛、危险实验和关系误解,有可对应条目,5295,0.1076555023923445,有,无,0,无
灼热乒乓妹,主线,文类内百合,主线,潜在恋爱,多组异质关系,只有关系性质推断，无身份自述,所核未见,所核未见,范围内版本,故事／角色页、可见宣传,正篇事实／强推断／读者解读,无,竞技压力与败北、运动伤痛、身体和内衣笑料、胸部相关笑话。,有可对应条目,5299,0.12233009708737864,有,无,67,无
蓝色星夜,主线,文类内百合,主线,明确女女交往关系,多组异质关系,只有明确关系／欲望事实，无身份自述,所核未见,所核未见,原作,出版渠道,正篇事实＋强推断＋读者解读,无,成人向露骨性描写、双性体身体设定、秘密勒索、无视拒绝的性接触、把人作为收藏品或赌注、演艺行业权力胁迫与多人性暴力、经理／艺人与支配／服从关系中的权力不对等。,有可对应条目,5324,0.10323886639676114,无,无可对应条目,79,无
Love Live! Superstar!!,主线,文类内百合,主线,潜在恋爱,多组异质关系,只有关系性质推断，无身份自述,所核未见,所核未见,—,—,正篇事实＋强推断＋读者解读,无,舞台恐惧与惊恐反应、童年霸凌、学校停办与财务压力、丧亲、家庭对学业和返乡的压力、网络评价与竞赛挫败、过度训练和中暑风险。,有可对应条目,5332,0.05895214187383594,无,无,0,无
刀剑神域外传 Gun Gale Online,主线,文类内百合,局部,明确女女恋爱欲望,多组异质关系,只有明确关系／欲望事实，无身份自述,所核未见,所核未见,范围内版本,故事／角色页、可见宣传,正篇事实／强推断／读者解读,副线,虚拟枪战与重复模拟死亡、现实自伤／自杀威胁、跟踪和束缚、亲密关系中的威胁与暴力、性化玩笑与亲密边界的模糊描写,有可对应条目,5335,0.013234515616728428,无,无,0,无
顺其自然的日子,重要副线,文类外百合阅读,重要副线,明确女女交往关系,多组异质关系,只有明确关系／欲望事实，无身份自述,所核未见,是,范围内版本,故事／角色页、可见宣传,正篇事实／读者解读,并列,四段恋爱群像、触摸乳房的提及与拒绝性语气、男校师生关系语境、同居表姐与少年、青春期身体变化。,有可对应条目,5356,0.0717628705148206,有,有,70,有
第三飞行少女队,主线,文类内百合,重要副线,潜在恋爱,多组异质关系,只有关系性质推断，无身份自述,所核未见,所核未见,范围内版本,出版渠道、可见宣传,正篇事实／强推断／读者解读,无,空战、军用武器、人员伤亡、失忆、救援与同室安排,有可对应条目,5390,0.04437119675456389,有,无可对应条目,无可对应条目,无
时光碎片,主线,文类内百合,主线,明确女女交往关系,多组异质关系,只有明确关系／欲望事实，无身份自述,所核未见,是,范围内版本,故事／角色页、可见宣传,正篇事实,副线,非自愿窥视与掀裙、以泄露秘密相要挟、未经预先协商的接吻与脱衣、公开身体暴露、性化流言、前任出轨、社交孤立、自我否定与激烈争吵。,有可对应条目,5411,0.18915046059365404,有,有,94,有
漫研部～妄想突变～,主线,文类内百合,缺席,非恋爱,多组异质关系,范围内没有性取向身份依据,所核未见,所核未见,范围内版本,出版渠道、可见宣传,正篇事实／强推断／读者解读,无（另有 SP13 的局部圈外绯闻笑料）,夸张暴力与死亡、威胁、粗俗及性暗示笑料、声优贞洁传闻与“处女厨”话题。,有可对应条目,5426,0.04668534080298786,无,无,0,无
Fate/kaleid liner 魔法少女☆伊莉雅 Prisma☆Phantasm,重要副线,文类外百合阅读,缺席,非恋爱,多组异质关系,范围内没有性取向身份依据,所核未见,所核未见,范围内版本,故事／角色页、可见宣传,正篇事实／强推断／读者解读,无,闹剧暴力、受伤与危险竞赛、未成年角色性化笑点、性别转换戏仿、露骨性用语与身体双关。,有可对应条目,5453,0.0548651817116061,有,无,0,无
森田同学很沉默,主线,文类内百合,局部,潜在恋爱,多组异质关系,只有关系性质推断，无身份自述,所核未见,所核未见,范围内版本,故事／角色页、可见宣传,正篇事实／强推断／读者解读,副线,男同学对女学生的性化妄想、校服与身体笑料、泳池／浴衣笑料、父母婚姻争吵及成人娱乐场所提及。,有可对应条目,5455,0.0630891950688905,有,无,0,无
Princess Principal Crown Handler 第4章,主线,文类内百合,重要副线,潜在恋爱,多组异质关系,只有关系性质推断，无身份自述,所核未见,所核未见,范围内版本,故事／角色页,正篇事实、强推断与读者解读分开记录,副线,拘捕、监视、双重间谍、身份伪装、政治压力、持械暴力与身体伤害；未作影片画面复核。,有可对应条目,5457,0.09422492401215805,无,无,0,无
本田小狼与我,主线,文类内百合,缺席,非恋爱,多组异质关系,范围内没有性取向身份依据,所核未见,所核未见,范围内版本,HTML 元数据、故事／角色页,正篇事实／强推断／读者解读,无,摩托车道路风险、冰冷溪流落水与严寒暴露、未成年主角的无父母生活和经济压力,有可对应条目,5476,0.025490457760576537,有,无,0,无
黑岩射手,主线,文类内百合,缺席,非恋爱,多组异质关系,范围内没有性取向身份依据,所核未见,所核未见,范围内版本,出版渠道、故事／角色页、可见宣传,正篇事实＋强推断＋读者解读,无,心理创伤、社会孤立、友情破裂与失踪、枪炮刀刃伤害、死亡／自毁或自伤意象。,有可对应条目,5478,0.07511454063178201,有,无,0,无
SHOW BY ROCK!! 第二季,主线,文类内百合,局部,潜在恋爱,多组异质关系,只有关系性质推断，无身份自述,所核未见,所核未见,范围内版本,故事／角色页,正篇事实／强推断／读者解读,无,奇幻袭击、音乐竞演、返乡与家庭压力、公开演出、水上活动。,有可对应条目,5484,0.06393054459352802,有,无,50,无
花粉少女注意报,重要副线,文类外百合阅读,重要副线,明确女女恋爱欲望,多组异质关系,只有明确关系／欲望事实，无身份自述,所核未见,所核未见,范围内版本,出版渠道,强推断＋读者解读,并列,成人向色情内容、露骨性描写、群体性行为、女性与男性欲望并置、可能的非自愿接触；未作画面复核。,有可对应条目,5503,0.06092436974789916,有,无可对应条目,60,无
机动战士高达 水星的魔女,主线,文类内百合,主线,明确女女交往关系,多组异质关系,只有明确关系／欲望事实，无身份自述,所核未见,所核未见,企划,故事／角色页,正篇事实＋强推断＋读者解读,副线,强制婚约与决斗所有权、校园霸凌与阶级歧视、企业胁迫、人体实验、父母操纵、政治暴力、战争与死亡、季末具冲击力的碾压死亡及关系创伤。,有可对应条目,5504,0.07684972233129522,有,无,76,无
魔法少女什么的已经够了啦。第二季,主线,文类内百合,重要副线,潜在恋爱,多组异质关系,只有关系性质推断，无身份自述,所核未见,所核未见,范围内版本,可见宣传,正篇事实／强推断／读者解读,无,泳装变身、窥视与身体笑料、吉祥物越界玩笑、幽灵及溺水危险。,有可对应条目,5505,0.10776487663280115,有,无,0,无
轮回的拉格朗日,主线,文类内百合,主线,明确女女恋爱欲望,多组异质关系,只有明确关系／欲望事实，无身份自述,所核未见,所核未见,范围内版本,出版渠道、故事／角色页、可见宣传,正篇事实／强推断／读者解读,无,机甲战斗、城镇与平民危险、背叛和分离、童年溺水记忆,有可对应条目,5527,0.08555133079847908,有,无,40,无
超次元游戏 海王星 ～涅普的暑假～,主线,文类内百合,缺席,非恋爱,多组异质关系,范围内没有性取向身份依据,所核未见,所核未见,范围内版本,可见宣传,正篇事实／读者解读,无,异次元迷路、动作战斗、被捕风险、泳装及轻度性化笑料,有可对应条目,5568,0.05751765893037336,无,无,0,无
诗片,主线,文类内百合,主线,潜在恋爱,多组异质关系,只有关系性质推断，无身份自述,所核未见,所核未见,相邻版本、范围内版本,故事／角色页、可见宣传,正篇事实／强推断／读者解读,副线,未成年人遭受超自然试炼与操控、心理困扰、进食困难、自我消失风险、成人与未成年人权力差、危险和受伤、涉及未成年人的变身与沐浴呈现。,有可对应条目,5606,0.13970588235294118,有,无,0,无
红白黑黄 第四季,主线,文类内百合,缺席,非恋爱,多组异质关系,范围内没有性取向身份依据,所核未见,所核未见,范围内版本,可见宣传,正篇事实＋强推断＋读者解读,副线,幻想战斗、伤残与创伤、角色死亡、歧视与政治暴力、家庭控制、异性吸引和追求。,有可对应条目,5621,0.037388392857142856,有,无可对应条目,无可对应条目,无可对应条目
真・恋姬无双～少女大乱～ OVA,主线,文类内百合,局部,明确女女恋爱欲望,多组异质关系,只有明确关系／欲望事实，无身份自述,所核未见,所核未见,范围内版本,可见宣传,正篇事实＋强推断,无,校园祭群像、恋足癖笑料、轻度裸露、男性配对同人本与其他性化笑料。,有可对应条目,5622,0.10725075528700906,有,无,0,无
MyGO!!!!!成员的日常生活,主线,文类内百合,缺席,非恋爱,单一主要关系记录,范围内没有性取向身份依据,所核未见,所核未见,范围内版本,可见宣传,正篇事实＋强推断＋读者解读,无,极短篇生活喜剧、食物与季节活动、成员吐槽；不含 TV 版关系冲突。,有可对应条目,5627,0.05860010851871948,有,无,0,无
秋日天空 ～梦之中～,重要副线,文类外百合阅读,重要副线,明确女女恋爱欲望,多组异质关系,只有明确关系／欲望事实，无身份自述,所核未见,所核未见,范围内版本,出版渠道,正篇事实／读者解读,主导,成人色情、亲姐弟乱伦、单向女女告白、嫉妒、边界与同意争议,有可对应条目,5630,0.05843439911797133,有,无,50,无
犬神同学和猫山同学,主线,文类内百合,主线,明确女女恋爱欲望,多组异质关系,只有明确关系／欲望事实，无身份自述,是,是,企划、范围内版本,HTML 元数据、故事／角色页、可见宣传,正篇事实／强推断／读者解读,无,高中生角色的性暗示与身体笑料、越界式追求、木天蓼茶的边界模糊前提、疾病与照护,有可对应条目,5662,0.16825483256193846,有,有,97,有
PANDRA 白き欲望 黒の希望 THE ANIMATION,主线,文类内百合,主线,明确女女恋爱欲望,多组异质关系,只有明确关系／欲望事实，无身份自述,所核未见,所核未见,范围内版本,出版渠道,正篇事实,无,成人向色情、裸露、附身、强奸／强迫、触手、群体性暴力、羞辱、以孩子生命胁迫母亲，以及结尾双方同意的女女性行为。,有可对应条目,5665,0.06989247311827956,有,无可对应条目,79,无
CROSS ANGE 天使与龙的轮舞,主线,文类外百合阅读,重要副线,明确女女恋爱欲望,多组异质关系,只有明确关系／欲望事实，无身份自述,所核未见,所核未见,范围内版本,故事／角色页、可见宣传,正篇事实＋强推断＋读者解读,主导,系统性歧视、战争与死亡、霸凌羞辱、性化台词、身体边界与权力不对等、强迫求婚、囚禁及暴力。,有可对应条目,5688,0.028200371057513916,有,无,56,无
不受欢迎之家,主线,文类内百合,缺席,非恋爱,多组异质关系,范围内没有性取向身份依据,所核未见,所核未见,范围内版本,出版渠道、故事／角色页、可见宣传,正篇事实／强推断／读者解读,无,成人恋爱与性话题笑料、相席联谊、饮酒与宿醉、澡堂裸露／搓背／按摩、超现实与元叙事,有可对应条目,5715,0.04736129905277402,有,无,0,无
宇宙海贼萨拉,主线,文类内百合,主线,明确女女恋爱欲望,多组异质关系,只有明确关系／欲望事实，无身份自述,所核未见,所核未见,范围内版本,可见宣传,强推断／读者解读,副线,成人向露骨性描写、囚禁、性暴力、强迫、群体性行为、扶她、触手、奴役、公开性行为和同意状态不明。,有可对应条目,5717,0.05283605283605284,有,无可对应条目,75,无
机甲少女 FRAME ARMS GIRL,主线,文类内百合,局部,明确女女恋爱欲望,多组异质关系,只有明确关系／欲望事实，无身份自述,所核未见,所核未见,范围内版本,故事／角色页、可见宣传,正篇事实／强推断／读者解读,无,玩具机器人战斗、身体与内衣笑料、越界亲吻拟声、持续的性化骚扰与施虐式言谈、商品化身体语境、疾病照料与轻度恐怖笑料。,有可对应条目,5728,0.06236243580337491,有,无,20,无
冰雪奇缘2,主线,非百合,缺席,非恋爱,多组异质关系,范围内没有性取向身份依据,所核未见,所核未见,范围内版本,可见宣传,正篇事实／强推断／读者解读,副线,姐妹分离、父母遗产、自然灾害、殖民历史与异性恋求婚,有可对应条目,5730,0.0361952861952862,有,无可对应条目,无可对应条目,无可对应条目
桃华月惮,重要副线,文类外百合阅读,重要副线,明确女女恋爱欲望,多组异质关系,只有明确关系／欲望事实，无身份自述,所核未见,是,范围内版本,HTML 元数据、故事／角色页、可见宣传,正篇事实／读者解读,主导,奇幻暴力、死亡与失落、胁迫与失去自主、性化呈现、姐妹间单向恋爱与身体欲望、未获回应的追求和占有式语言,有可对应条目,5735,0.05382619974059663,有,无,0,无
突击莉莉Fruits,主线,文类内百合,主线,明确女女恋爱欲望,多组异质关系,只有明确关系／欲望事实，无身份自述,所核未见,是,范围内版本,出版渠道、故事／角色页、可见宣传,正篇事实＋强推断＋读者解读,无,迷你单元喜剧、轻度战斗训练、身体笑料、婚礼化与占有式玩笑。,有可对应条目,5740,0.14570230607966456,有,无,74,无
真・恋姬无双 OVA,主线,文类内百合,缺席,非恋爱,多组异质关系,范围内没有性取向身份依据,所核未见,所核未见,范围内版本、原作,可见宣传,正篇事实／强推断／读者解读,无,泳装、裸露、强制脱衣、胸部与性化身体笑料、巨大章鱼危机,有可对应条目,5752,0.10121457489878542,有,无,0,无
少女☆寸剧 All Starlight,主线,文类内百合,缺席,非恋爱,多组异质关系,范围内没有性取向身份依据,所核未见,所核未见,范围内版本,故事／角色页、可见宣传,正篇事实＋强推断＋读者解读,无,舞台竞演、夸张恶作剧、摔角式身体喜剧；与手游企划绑定但不纳入手游剧情。,有可对应条目,5762,0.0794392523364486,有,无,0,无
失忆融合WIXOSS,主线,文类内百合,主线,潜在恋爱,多组异质关系,只有关系性质推断，无身份自述,所核未见,是,范围内版本,故事／角色页、可见宣传,正篇事实／强推断／读者解读,副线,高压卡牌战斗、记忆丧失、人格／身体转换、绑架、操控、暴力、创伤关系及近亲恋爱欲望前史。,有可对应条目,5781,0.08546433378196501,有,无,0,无
转生王女与天才千金的魔法革命,主线,文类内百合,主线,明确女女恋爱欲望,多组异质关系,明确身份自述,所核未见,是,范围内版本,故事／角色页,正篇事实＋强推断,副线,公开羞辱与政治婚约解除；权力斗争与魔法战斗伤害；亲吻前未见明确口头确认（仅字幕语境）,有可对应条目,5782,0.1873036781842132,有,有,91,有
One Off,主线,文类内百合,重要副线,潜在恋爱,多组异质关系,只有关系性质推断，无身份自述,所核未见,所核未见,范围内版本,出版渠道、故事／角色页、可见宣传,正篇事实＋强推断＋读者解读,无,高原乡镇、父母经营的旅店、夜间骑行、海边出行、离别与同学音乐创作；字幕为社区英语译文，未核画面和日文原文。,有可对应条目,5803,0.06692160611854685,有,无,0,无
Anima Yell!,主线,文类内百合,重要副线,明确女女恋爱欲望,多组异质关系,只有明确关系／欲望事实，无身份自述,所核未见,所核未见,范围内版本,故事／角色页、可见宣传,正篇事实／强推断／读者解读,无,高空训练与失误风险、恐高与比赛压力、旧队友冲突、未成年学生计划向年长女性家庭教师告白。,有可对应条目,5809,0.10323423717739301,有,无,70,无
Music S.T.A.R.T!!,主线,文类内百合,缺席,非恋爱,单一主要关系记录,范围内没有性取向身份依据,所核未见,所核未见,范围内版本,可见宣传,正篇事实＋强推断,无,梦境、校园异变、成员疑似生病与短暂失联。,有可对应条目,5810,0.07067510548523206,有,无,0,无
竞女,主线,文类内百合,重要副线,明确女女恋爱欲望,多组异质关系,只有明确关系／欲望事实，无身份自述,所核未见,所核未见,范围内版本,出版渠道、故事／角色页、可见宣传,正篇事实／强推断／读者解读,副线,性化身体竞技、泳装与成人玩笑、身体冲撞和受伤、嫉妒与竞争。,有可对应条目,5816,0.07165231010180109,无,无,58,无
红壳的潘多拉,主线,文类内百合,主线,潜在恋爱,多组异质关系,只有关系性质推断，无身份自述,所核未见,所核未见,范围内版本,出版渠道、故事／角色页、可见宣传,正篇事实＋强推断＋读者解读,无,全身义体、人工智能、恐怖袭击、机器人战斗、爆炸、性化笑料、机械身体相关台词与身体边界冒犯。,有可对应条目,5821,0.1307820299500832,有,无,78,无
真・恋姬无双,主线,文类内百合,局部,明确女女恋爱欲望,多组异质关系,只有明确关系／欲望事实，无身份自述,所核未见,所核未见,范围内版本,故事／角色页、可见宣传,正篇事实／强推断／读者解读,无,战斗、绑架与威胁；女性床伴表述；性欲笑料；裸体共浴要求、裸露暗示和性化身体内容。,有可对应条目,5835,0.11494252873563218,有,无,0,无
绯色战姬,主线,文类内百合,主线,潜在恋爱,多组异质关系,只有关系性质推断，无身份自述,所核未见,所核未见,范围内版本,可见宣传,正篇事实／强推断／读者解读,无,未成年战斗与重伤、世界毁灭和亲人丧失、校园排挤、不登校，以及裸身／共同洗浴／身体话题；未复核视觉呈现。,有可对应条目,5850,0.13386761650341347,有,无,66,无
女生爱女生,主线,文类内百合,主线,明确女女交往关系,多组异质关系,只有明确关系／欲望事实，无身份自述,所核未见,是,范围内版本,可见宣传,正篇事实／强推断／读者解读,副线,性别转换与身体重建、三角竞争、拒绝与分手、视觉障碍与心理危机、接吻及誓约语境、男性单向追求与性化凝视笑料。,有可对应条目,5867,0.13545042125729098,有,有,40,有
无畏魔女,主线,文类内百合,局部,明确女女恋爱欲望,多组异质关系,只有明确关系／欲望事实，无身份自述,所核未见,所核未见,范围内版本,出版渠道、故事／角色页、可见宣传,正篇事实／强推断／读者解读,无,战争、空战、少女参战、负伤与死亡威胁、姐妹分离与照护责任、喜剧语境中的单向约会式提议。,有可对应条目,5874,0.0973622963537626,有,无,0,无
紧扣的星星,主线,文类内百合,主线,明确女女交往关系,多组异质关系,只有明确关系／欲望事实，无身份自述,是,是,范围内版本,出版渠道、故事／角色页,正篇事实／强推断／读者解读,副线,成人向性内容、体育仓库禁闭、同意边界不对等、兄妹间性欲望与家庭边界侵犯、重病与死亡、背叛、威胁、离别。,有可对应条目,5894,0.2143928035982009,有,有,100,有
雏子的笔记,主线,文类内百合,重要副线,潜在恋爱,多组异质关系,只有关系性质推断，无身份自述,所核未见,所核未见,范围内版本,故事／角色页、可见宣传,正篇事实／强推断／读者解读,无,泳装与身材笑料、偏服务性的喜剧呈现、舞台恐惧与社交焦虑,有可对应条目,5919,0.10834251101321586,有,无,0,无
魔法少女什么的已经够了啦。,重要副线,文类外百合阅读,重要副线,潜在恋爱,多组异质关系,只有关系性质推断，无身份自述,所核未见,所核未见,范围内版本、原作,可见宣传,正篇事实＋强推断＋读者解读,无,泳装变身、未成年角色身体展示、性化笑料、身体边界冒犯、记忆操纵与过劳喜剧。,有可对应条目,5922,0.08771117796806295,有,无,0,无
爱吃拉面的小泉同学,主线,文类内百合,主线,潜在恋爱,多组异质关系,只有关系性质推断，无身份自述,所核未见,是,范围内版本,故事／角色页、可见宣传,正篇事实＋强推断＋读者解读,副线,跟随式追逐、反复邀约被拒、把拉面激情与亲密关系并置、同学和男性邀约笑料、双向恋爱未确认。,有可对应条目,5925,0.10063982937883231,有,无,0,无
BanG Dream!,主线,文类内百合,缺席,非恋爱,多组异质关系,范围内没有性取向身份依据,所核未见,所核未见,范围内版本,故事／角色页、可见宣传,正篇事实／强推断／读者解读,无,舞台失误、同伴压力、家庭责任与现场演出竞争。,有可对应条目,5934,0.07293041259787103,无,无,60,无
爆音少女!!,主线,文类内百合,局部,明确女女恋爱欲望,多组异质关系,只有明确关系／欲望事实，无身份自述,所核未见,所核未见,范围内版本,出版渠道、故事／角色页、可见宣传,正篇事实／强推断／读者解读,无,摩托车风险、服务性展示、酒后越界言谈与师生权力差。,有可对应条目,5953,0.07673389080177079,有,无,0,无
世界魔女 起飞！,主线,文类内百合,重要副线,明确女女恋爱欲望,多组异质关系,只有明确关系／欲望事实，无身份自述,所核未见,所核未见,范围内版本,故事／角色页、可见宣传,正篇事实＋强推断＋读者解读,无,架空战争、空战、军队命令、训练压力、事故、裸露、内衣式制服、洗浴、身体笑料、姐妹离别和受伤威胁。,有可对应条目,5967,0.0642737896494157,有,无,0,无
前辈是男孩子,重要副线,非百合,缺席,非恋爱,多组异质关系,明确身份自述,所核未见,是,范围内版本,故事／角色页、可见宣传,正篇事实＋强推断＋读者解读,并列,性别表达压力、家庭分离与重逢、照护冲突、告白后的拒绝与三角关系。,有可对应条目,5977,0.029595404595404596,无,无,0,无
我家的女仆太烦人了！,主线,文类内百合,主线,明确女女恋爱欲望,多组异质关系,只有明确关系／欲望事实，无身份自述,所核未见,是,范围内版本,访谈／评论、故事／角色页,正篇事实／强推断／读者解读,无,成年女性对小学女孩的欲望与求婚、雇佣和照护权力差、反复越界与拒绝、丧亲、受虐倾向喜剧,有可对应条目,5979,0.10455655004068348,有,有,79,有
企鹅娘,主线,文类外百合阅读,重要副线,明确女女恋爱欲望,多组异质关系,只有明确关系／欲望事实，无身份自述,所核未见,所核未见,范围内版本,可见宣传,正篇事实／强推断／读者解读,无,高频恶搞、卖肉、暴露、性暗示、身体笑料、单向追求、性别错认、学校战斗与绑架式闹剧,有可对应条目,6000,0.12016021361815754,有,无,20,无
极上生徒会,主线,文类内百合,重要副线,潜在恋爱,多组异质关系,只有关系性质推断，无身份自述,所核未见,所核未见,范围内版本、原作,故事／角色页、可见宣传,正篇事实／强推断／读者解读,副线,校园谣言、嫉妒、照护与组织权力不对等、短暂男性交往及相亲喜剧。,有可对应条目,6026,0.11134020618556702,无,无,0,无
黑岩射手,主线,文类内百合,主线,明确女女恋爱欲望,多组异质关系,只有明确关系／欲望事实，无身份自述,所核未见,是,范围内版本,出版渠道、故事／角色页、可见宣传,正篇事实＋强推断＋读者解读,无,校园孤立与欺凌、嫉妒和关系控制、失踪、异世界战斗、枪炮刀刃伤害、自伤与死亡意象。,有可对应条目,6027,0.08952254641909814,无,无,0,无
满溢的水果挞,主线,文类内百合,重要副线,明确女女恋爱欲望,多组异质关系,官方身份设定,所核未见,是,范围内版本、原作,HTML 元数据、故事／角色页、可见宣传,正篇事实／强推断／读者解读,副线,偶像活动压力、宿舍拆除危机、对衣乃的过度追随、内衣与身体笑料、未成年角色性化喜剧、姐妹冲突与团队竞争。,有可对应条目,6067,0.09062369192130598,有,无,69,无
森田同学很沉默 OVA,主线,文类内百合,局部,明确女女恋爱欲望,多组异质关系,只有明确关系／欲望事实，无身份自述,所核未见,所核未见,企划,出版渠道,强推断／读者解读,副线,男学生的旁观、取向猜测与妄想；脸颊亲吻、膝枕及山本的带性意味措辞。,有可对应条目,6070,0.07909090909090909,有,无,0,无
满月之战,主线,文类内百合,主线,潜在恋爱,多组异质关系,只有关系性质推断，无身份自述,所核未见,所核未见,范围内版本,故事／角色页、可见宣传,正篇事实／强推断／读者解读,无,魔法机甲战斗、少女受伤与淘汰、记忆／身份／存在操控、家族压力、嫉妒、牺牲与开放性结尾。,有可对应条目,6079,0.11028085544962639,有,无,50,无
风灵玉秀 第二章,重要副线,文类外百合阅读,重要副线,潜在恋爱,多组异质关系,只有关系性质推断，无身份自述,所核未见,是,范围内版本,可见宣传,正篇事实＋强推断＋读者解读,副线,武侠打斗与兵器、流血和重伤、阴谋与多方势力、伪装、囚禁风险、奇幻力量失控、离别与重逢压力、群像线注意力转移。,有可对应条目,6089,0.15800308800823468,有,有,72,无
遥的接球,主线,文类内百合,局部,明确女女恋爱欲望,多组异质关系,只有明确关系／欲望事实，无身份自述,所核未见,所核未见,范围内版本,故事／角色页、可见宣传,正篇事实＋强推断＋读者解读,无,比赛与训练压力、身高和自信问题、泳装与身体服务性画面、表姐妹之间的恋爱指向、搭档竞争与失败。,有可对应条目,6121,0.10303030303030303,无,无,10,无
迦希女王不会放弃,主线,文类内百合,重要副线,潜在恋爱,多组异质关系,只有关系性质推断，无身份自述,所核未见,是,范围内版本,故事／角色页、可见宣传,正篇事实＋强推断＋读者解读,无,贫困与低薪劳动、上下级权力差、战斗、性化笑点。,有可对应条目,6141,0.017438480914551444,无,无,0,无
剧偶像,主线,文类内百合,重要副线,明确女女恋爱欲望,多组异质关系,只有明确关系／欲望事实，无身份自述,所核未见,所核未见,范围内版本,出版渠道、故事／角色页、可见宣传,正篇事实／强推断／读者解读,并列,突然接吻、灾难与失忆、非人 Doll、死亡、监视与剧团权力冲突。,有可对应条目,6142,0.06932688432083838,有,无,62,无
恋姬无双 OVA,主线,文类内百合,局部,明确女女恋爱欲望,多组异质关系,只有明确关系／欲望事实，无身份自述,所核未见,所核未见,范围内版本、原作,可见宣传,正篇事实／强推断／读者解读,无,未成年角色泳装、裸露／露乳、走光、性化笑料、骚扰、强吻奖品与溺水险情。,有可对应条目,6146,0.1111111111111111,有,无,0,无
我的百合乃工作是也！,主线,文类内百合,重要副线,明确女女交往关系,多组异质关系,只有明确关系／欲望事实，无身份自述,是,是,范围内版本,故事／角色页、可见宣传,正篇事实／强推断／读者解读,无,单向恋爱、嫉妒、关系破裂、校园排斥、角色扮演与现实边界、共同体内的冲突。,有可对应条目,6211,0.18280914939242315,有,有,93,有
BanG Dream! Episode of Roselia Ⅰ：约定,主线,文类内百合,缺席,非恋爱,多组异质关系,范围内没有性取向身份依据,所核未见,所核未见,范围内版本,出版渠道、可见宣传,正篇事实／强推断／读者解读,无,竞赛与练习压力、严厉争执、能力差距与自我怀疑、姐妹比较压力、高强度舞台演出与较长音乐段落。,有可对应条目,6218,0.03952843273231623,无,无,0,无
吸血鬼之爱,主线,文类内百合,主线,明确女女恋爱欲望,多组异质关系,只有明确关系／欲望事实，无身份自述,所核未见,是,范围内版本、原作,访谈／评论、故事／角色页、可见宣传,正篇事实／强推断／读者解读,副线,吸血、献血、失血、身体改造、带性意味的吸血喜剧、身体边界笑点、催眠、成人研究权力、追捕暴力和家族强加婚约。,有可对应条目,6227,0.07386629266012155,有,有,0,无
猫咪日常,主线,文类内百合,缺席,非恋爱,多组异质关系,范围内没有性取向身份依据,所核未见,所核未见,范围内版本,可见宣传,正篇事实／强推断／读者解读,无,极短篇、社交困难、拟人猫、校园竞争、怕猫、祭典走散与重逢。,有可对应条目,6270,0.09045135766948391,有,无,0,无
歌愈少女,主线,文类内百合,局部,潜在恋爱,多组异质关系,只有关系性质推断，无身份自述,所核未见,所核未见,范围内版本,故事／角色页、可见宣传,正篇事实／强推断／读者解读,无,医疗与治疗失败焦虑、考试压力、师生权力差异、短暂分离,有可对应条目,6311,0.07591240875912408,有,无,0,无
茜色少女,主线,文类内百合,主线,明确女女恋爱欲望,多组异质关系,只有明确关系／欲望事实，无身份自述,所核未见,所核未见,范围内版本、原作,出版渠道、故事／角色页、可见宣传,正篇事实／强推断／读者解读,无,平行世界灾难与战斗、哥哥失踪和创伤、强制婚约、泳装／内衣与身体发育笑料、TV与手机游戏的版本边界。,有可对应条目,6354,0.071334214002642,有,无,20,无
灵感少女！,主线,文类外百合阅读,重要副线,潜在恋爱,多组异质关系,只有关系性质推断，无身份自述,所核未见,所核未见,范围内版本,故事／角色页、可见宣传,正篇事实／强推断／读者解读,副线,灵异、死亡与告别、亲人离世、校园喜剧,有可对应条目,6400,0.1223808077740662,有,无,20,无
月影特工,主线,文类内百合,重要副线,明确女女恋爱欲望,多组异质关系,只有明确关系／欲望事实，无身份自述,所核未见,所核未见,范围内版本,故事／角色页,正篇事实／强推断／读者解读,无,间谍行动与暴力、药物控制、绑架和人口贩卖背景、假背叛、死亡误导、记忆消除、师徒分离,有可对应条目,6416,0.1150931804218718,有,无,0,无
女皇之刃 流浪的战士,主线,文类内百合,重要副线,明确女女恋爱欲望,多组异质关系,只有明确关系／欲望事实，无身份自述,所核未见,所核未见,企划、范围内版本,出版渠道、可见宣传,正篇事实／强推断／读者解读,副线,成人向裸露与身体性化、战斗伤害、监禁和魔法支配、性骚扰与带情色意味的强迫接触、姐妹关系中的单向性化欲望与控制行为,有可对应条目,6417,0.05611361274679598,有,无,68,无
指名！,主线,文类内百合,重要副线,潜在恋爱,多组异质关系,只有关系性质推断，无身份自述,所核未见,所核未见,范围内版本,出版渠道、故事／角色页、可见宣传,正篇事实、强推断、读者解读,无,试镜与职业压力、成员竞争、家庭期待、被拒绝的异性婚约安排、离开与留学。,有可对应条目,6484,0.04947773501924134,有,无,0,无
转生成为了只有乙女游戏破灭Flag的邪恶大小姐X,重要副线,文类外百合阅读,重要副线,明确女女恋爱欲望,多组异质关系,只有明确关系／欲望事实，无身份自述,所核未见,是,范围内版本,故事／角色页、可见宣传,正篇事实＋强推断＋读者解读,并列,逆后宫、婚约与多人告白、绑架和非法拘禁、黑暗魔法、家庭创伤、嫉妒与占有式玩笑。,有可对应条目,6510,0.04272003745318352,无,无,0,无
星灵感应,主线,文类内百合,重要副线,潜在恋爱,多组异质关系,只有关系性质推断，无身份自述,所核未见,是,范围内版本,故事／角色页、可见宣传,正篇事实＋强推断,无,社交焦虑、不登校压力、竞赛失败、团队冲突、家庭回忆与外星能力设定。,有可对应条目,6547,0.1510536398467433,有,无,67,无
莉可丽丝,主线,文类内百合,主线,潜在恋爱,多组异质关系,只有关系性质推断，无身份自述,所核未见,所核未见,—,—,正篇事实＋强推断＋读者解读,无,枪战与恐怖袭击、秘密组织利用未成年少女、濒死与人工心脏、绑架和人质、家庭式操控、杀人与拒绝杀人的伦理冲突、角色间肢体打斗。,有可对应条目,6608,0.1301979343833962,无,无,65,无
暂停！让我查攻略,主线,文类内百合,主线,潜在恋爱,单一主要关系记录,只有关系性质推断，无身份自述,所核未见,所核未见,范围内版本,故事／角色页、可见宣传,正篇事实＋强推断＋读者解读,无,现实职场过劳、异世界战斗、爆炸与追杀、角色数据覆盖和人格消失风险、精神世界侵入、师徒／教学关系及年龄与经验差异。,有可对应条目,6640,0.0552434456928839,无,无,0,无
约会大作战 赤黑新章：红或白,主线,文类内百合,主线,明确女女恋爱欲望,多组异质关系,只有明确关系／欲望事实，无身份自述,所核未见,所核未见,范围内版本,故事／角色页、可见宣传,正篇事实／强推断／读者解读,无,战斗、杀戮游戏、血迹、死亡威胁、报复、控制性相伴表达与女性角色性化设计。,有可对应条目,6651,0.013873561406274633,无,无,0,无
citrus～柑橘味香气～,主线,文类内百合,主线,明确女女交往关系,多组异质关系,只有明确关系／欲望事实，无身份自述,是,是,范围内版本,HTML 元数据、可见宣传,正篇事实／强推断,副线,未事先询问或伴随挣扎声的接吻、许可不明、停止要求、师生权力利用、工具性婚约、照片胁迫、陌生成年人风险、继姐妹恋爱。,有可对应条目,6669,0.18572592267685945,有,有,97,有
打了300年的史莱姆，不知不觉就练到了满级,主线,文类内百合,局部,潜在恋爱,多组异质关系,只有关系性质推断，无身份自述,所核未见,所核未见,范围内版本,故事／角色页、可见宣传,正篇事实／强推断／读者解读,无,异世界战斗、亲子式照料、家庭成员加入，以及对亲吻和交往的喜剧化玩笑。,有可对应条目,6673,0.0906183368869936,有,无,51,无
海物语～有你陪伴～,主线,文类内百合,主线,明确女女恋爱欲望,多组异质关系,只有明确关系／欲望事实，无身份自述,所核未见,是,范围内版本,故事／角色页、可见宣传,正篇事实、强推断、读者解读,副线,姐妹分离与操控、黑暗力量附身、战斗和牺牲威胁、异性分手与复合。,有可对应条目,6687,0.13721552878179386,无,无,0,无
女皇之刃 女王败北,主线,文类内百合,缺席,非恋爱,多组异质关系,范围内没有性取向身份依据,所核未见,所核未见,相邻版本、原作,出版渠道、可见宣传,正篇事实／强推断／读者解读,副线,成人向裸露与持续性化、战斗伤害、囚禁、药物或诅咒控制、奴役训练、强迫接触、羞辱性支配、复仇与死亡威胁。,有可对应条目,6689,0.06033898305084746,有,无,0,无
杀戮公主,主线,文类内百合,缺席,非恋爱,单一主要关系记录,范围内没有性取向身份依据,所核未见,所核未见,范围内版本,出版渠道、故事／角色页,正篇事实／强推断／读者解读,无,政变、护卫遇害、战斗暴力、坠崖、身体／灵魂交换与身份错位。,有可对应条目,6728,0.11318407960199005,有,无,0,无
如果烧陶的话也做个马克杯吧 二番窑,主线,文类内百合,重要副线,潜在恋爱,多组异质关系,只有关系性质推断，无身份自述,所核未见,所核未见,范围内版本,故事／角色页、可见宣传,正篇事实＋强推断＋读者解读,无,创作压力、比赛失落、亡母记忆与家庭传承。,有可对应条目,6765,0.05520833333333333,无,无,0,无
あらいめんとゆーゆー THE ANIMATION,重要副线,文类外百合阅读,重要副线,明确女女恋爱欲望,多组异质关系,只有明确关系／欲望事实，无身份自述,所核未见,所核未见,原作,出版渠道,强推断＋读者解读,并列,18+ 露骨性描写、鬼魂、身体变化、触手、可能的强制接触与同意状态不明。,有可对应条目,6773,0.09703504043126684,有,无可对应条目,92,无
放学后桌游俱乐部,主线,文类内百合,缺席,非恋爱,多组异质关系,范围内没有性取向身份依据,所核未见,是,范围内版本,故事／角色页、可见宣传,正篇事实、强推断、读者解读,副线,社交退缩与孤独、校园排斥、温泉与泳装情境、亲子沟通压力、比赛与公开活动的紧张感、局部单向好感,有可对应条目,6786,0.04220779220779221,无,无,0,无
红白黑黄 第五季,主线,文类内百合,重要副线,明确女女恋爱欲望,多组异质关系,只有明确关系／欲望事实，无身份自述,所核未见,所核未见,范围内版本,可见宣传,正篇事实＋强推断＋读者解读,副线,幻想战斗、死亡与重伤、歧视和政治暴力、胁迫与背叛、跟踪及暴力威胁、父母抛弃、婚姻利用与家庭创伤。,有可对应条目,6902,0.03674351585014409,无,无可对应条目,无可对应条目,无可对应条目
刀使的巫女,主线,文类内百合,主线,潜在恋爱,多组异质关系,只有关系性质推断，无身份自述,所核未见,所核未见,范围内版本,故事／角色页、可见宣传,正篇事实／强推断／读者解读,无,刀剑伤害、死亡与牺牲、强迫控制、家族创伤、失踪与分离,有可对应条目,6909,0.11223829052449817,有,无,0,无
失忆煽动WIXOSS,主线,文类内百合,主线,潜在恋爱,多组异质关系,只有关系性质推断，无身份自述,所核未见,是,范围内版本,故事／角色页、可见宣传,正篇事实＋强推断＋读者解读,副线,记忆硬币与高压卡牌战斗、失忆和人格／身体置换、校园孤立与家庭经济压力、操控和强迫参战、铃子—千夏的依赖与决裂、少女角色的暴力和死亡风险、白井对千夏的单向倾慕。,有可对应条目,6943,0.09142318567389256,有,无,0,无
侦探歌剧 少女福尔摩斯 TD,主线,文类内百合,重要副线,潜在恋爱,多组异质关系,只有关系性质推断，无身份自述,所核未见,所核未见,范围内版本,出版渠道、故事／角色页、可见宣传,正篇事实＋强推断＋读者解读,副线,偶像行业压力与竞争、歌声被夺与身体控制、舞台与案件危险、团队争执、亲人离世回忆、第 8 话局部异性求婚线。,有可对应条目,6955,0.08333333333333333,有,无,0,无
我家师傅没有尾巴,主线,文类内百合,主线,潜在恋爱,多组异质关系,只有关系性质推断，无身份自述,所核未见,所核未见,范围内版本,故事／角色页、可见宣传,正篇事实＋强推断＋读者解读,无（纳入范围）,师徒权力差与破门惩戒、职业竞争与经济压力、绑架／诬陷／勒索威胁、舞台压力，以及落语段子的成人关系或花街语境。,有可对应条目,6958,0.05349182763744428,有,无,0,无
一骑当千 XTREME XECUTOR,主线,文类内百合,重要副线,潜在恋爱,多组异质关系,只有关系性质推断，无身份自述,所核未见,所核未见,范围内版本,故事／角色页、可见宣传,正篇事实／强推断／读者解读,副线,成人向性化、暴力、绑架、精神操控与羞辱性战败,有可对应条目,6985,0.06821378340365682,有,无,0,无
魔法少女奈叶ViVid,主线,文类内百合,主线,潜在恋爱,多组异质关系,只有关系性质推断，无身份自述,所核未见,所核未见,范围内版本,故事／角色页、可见宣传,正篇事实／强推断／读者解读,副线,儿童与青少年格斗、训练伤害、成人化变身与身体展示、洗澡镜头、家庭创伤和古代记忆。,有可对应条目,6992,0.08680104031209362,有,无,76,无
NEKOPARA,主线,文类外百合阅读,重要副线,明确女女恋爱欲望,多组异质关系,只有明确关系／欲望事实，无身份自述,所核未见,所核未见,范围内版本,出版渠道、故事／角色页、可见宣传,正篇事实／强推断／读者解读,副线,饲主与店铺劳动关系、双胞胎性化幻想、兄妹越界欲望笑料、其他性化笑料、走失幼猫与轻度危险。,有可对应条目,6998,0.025403028822667317,无,无,46,无
宅饮。,主线,文类内百合,缺席,非恋爱,多组异质关系,范围内没有性取向身份依据,所核未见,所核未见,范围内版本,出版渠道、故事／角色页、可见宣传,正篇事实／强推断／读者解读,无,成年人饮酒与醉酒、身体与更衣笑料、职场与求职压力、合租生活的隐私边界喜剧。,有可对应条目,7031,0.08500164095831966,无,无,0,无
装神少女小缠,主线,文类内百合,重要副线,潜在恋爱,多组异质关系,只有关系性质推断，无身份自述,所核未见,所核未见,范围内版本,故事／角色页、可见宣传,正篇事实／读者解读,副线,超自然威胁、附身、战斗与受伤、家庭分离和丧失。,有可对应条目,7044,0.029784320438206092,有,无,0,无
一骑当千 Dragon Destiny,主线,文类内百合,重要副线,潜在恋爱,多组异质关系,只有关系性质推断，无身份自述,所核未见,是,范围内版本,出版渠道、故事／角色页、可见宣传,正篇事实／强推断／读者解读,副线,成人向裸露、爆衣与战败羞辱、格斗伤害和死亡威胁、绑架拷问、人质处境、精神操控、非自愿战斗、占有式执着与权力不对等。,有可对应条目,7050,0.050837666088965915,有,无,0,无
妖幻三重奏,重要副线,非百合,缺席,非恋爱,多组异质关系,范围内没有性取向身份依据,所核未见,是,范围内版本,故事／角色页、可见宣传,正篇事实／强推断／读者解读,并列,性别转换、性化身体喜剧、妖怪袭击与战斗、未确立交往。,有可对应条目,7066,0.0494088583024528,有,无,0,无
一骑当千 Great Guardians,主线,文类内百合,重要副线,明确女女恋爱欲望,多组异质关系,只有明确关系／欲望事实，无身份自述,所核未见,是,范围内版本,故事／角色页,正篇事实／强推断／读者解读,副线,成人向裸露与衣物撕裂、格斗伤害、绑架与失踪、幻术和精神操控、非自愿行动、战败羞辱与权力不对等。,有可对应条目,7098,0.043451652386780906,有,无,20,无
因为太怕痛就全点防御力了。,主线,文类内百合,缺席,非恋爱,多组异质关系,范围内没有性取向身份依据,所核未见,所核未见,范围内版本,故事／角色页、可见宣传,正篇事实／强推断／读者解读,无,VRMMO 战斗、怪物攻击、毒与身体变形喜剧、公会竞争、短暂危险与失败。,有可对应条目,7113,0.04041825859642067,有,无,0,无
结城友奈是勇者 啾噜！,主线,文类内百合,缺席,非恋爱,多组异质关系,范围内没有性取向身份依据,所核未见,所核未见,范围内版本,出版渠道、故事／角色页、可见宣传,正篇事实＋强推断＋读者解读,无,五分钟短篇喜剧、角色遭排斥的回忆、料理失败与夸张身体笑料。,有可对应条目,7120,0.07310469314079422,有,无,0,无
摇滚乃是淑女的爱好,主线,文类内百合,主线,明确女女恋爱欲望,多组异质关系,只有明确关系／欲望事实，无身份自述,所核未见,所核未见,范围内版本,可见宣传,正篇事实＋强推断＋读者解读,无,激烈乐队争执、粗口和攻击性手势、家庭再婚与阶层压力、继姐妹敌意、舞台竞争、失败与退队威胁、夸张支配／服从玩笑、性化镜头与性骚扰情节。,有可对应条目,7135,0.0718475073313783,无,无,63,无
漫研部,主线,文类内百合,局部,明确女女恋爱欲望,多组异质关系,只有明确关系／欲望事实，无身份自述,所核未见,所核未见,范围内版本,出版渠道、可见宣传,正篇事实／强推断／读者解读,无,高速荒诞、夸张伤害与死亡笑料、身体变化、排泄与性化笑话、威胁和强制性恶作剧。,有可对应条目,7172,0.03584729981378026,有,无,0,无
恶魔之谜,主线,文类内百合,主线,明确女女恋爱欲望,多组同质关系,只有明确关系／欲望事实，无身份自述,所核未见,是,范围内版本,可见宣传,正篇事实＋强推断＋读者解读,无,持续暗杀与死亡威胁、刀枪和爆炸、流血及重伤、被迫参加生存游戏、家庭死亡与创伤、制度操纵、童年虐待和利用、自我牺牲式行动、假死及依赖巧合的生还揭晓。,有可对应条目,7175,0.1466686540468028,有,有,73,有
天使特警2,主线,文类内百合,主线,明确女女交往关系,多组异质关系,只有明确关系／欲望事实，无身份自述,所核未见,所核未见,范围内版本,故事／角色页、可见宣传,正篇事实／强推断／读者解读,副线,科幻战斗、死亡威胁、记忆植入、洗脑、身体实验、泳装与内衣服务性画面、强迫亲密和关系认知胁迫。,有可对应条目,7195,0.11647254575707154,有,无,79,无
ViVid Strike!,主线,文类内百合,主线,潜在恋爱,多组异质关系,只有关系性质推断，无身份自述,所核未见,是,范围内版本,故事／角色页、可见宣传,正篇事实／强推断／读者解读,无,未成年角色格斗伤害、校园欺凌、孤儿与收养经历、魔法变身和身体展示。,有可对应条目,7270,0.0996309963099631,有,无,62,无
恋姬无双,主线,文类内百合,重要副线,明确女女恋爱欲望,多组异质关系,只有明确关系／欲望事实，无身份自述,所核未见,是,范围内版本、原作,出版渠道、故事／角色页、可见宣传,正篇事实／强推断／读者解读,副线,全员女性历史幻想、R+／Ecchi 性化笑料、裸露暗示、曹操提出共度一夜的权力交换、盗贼与绑架、战斗和男性冒名者诱导。,有可对应条目,7276,0.1120021384656509,有,无,0,无
美妙射击部,主线,文类内百合,局部,明确女女恋爱欲望,多组异质关系,明确身份自述,所核未见,所核未见,范围内版本,故事／角色页,正篇事实／强推断／读者解读,无,竞技射击与枪械意象、比赛压力与失利、社团争执、喜剧式求婚和恋爱话题,有可对应条目,7285,0.09352112676056339,有,无,0,无
女皇之刃 叛乱,主线,文类内百合,局部,明确女女恋爱欲望,多组异质关系,只有明确关系／欲望事实，无身份自述,所核未见,所核未见,范围内版本,故事／角色页、可见宣传,正篇事实＋强推断＋读者解读,副线,成人向裸露与性化、战斗伤害、宗教审判、拘禁与越界接近、强制招募与实验、怪物威胁。,有可对应条目,7299,0.05038078500292911,有,无,0,无
战翼的希格德莉法,主线,文类内百合,重要副线,潜在恋爱,多组异质关系,只有关系性质推断，无身份自述,所核未见,所核未见,范围内版本,故事／角色页、可见宣传,正篇事实／强推断／读者解读,副线,战争与空战、年轻女武神参战、负伤与死亡、亲人哀伤、神祇操纵、泳装战斗和身体凝视。,有可对应条目,7304,0.08050436469447139,有,无,0,无
洲崎西 THE ANIMATION,主线,文类内百合,主线,潜在恋爱,多组异质关系,只有关系性质推断，无身份自述,所核未见,所核未见,范围内版本,故事／角色页、可见宣传,正篇事实／强推断／读者解读,无,高速吐槽、胸部与内衣笑料、如厕和身体尴尬、闻头发、间接接吻及强行亲近的喜剧。,有可对应条目,7322,0.03223033949290933,有,无,79,无
舰队Collection 剧场版,主线,文类内百合,重要副线,潜在恋爱,多组异质关系,只有关系性质推断，无身份自述,所核未见,所核未见,范围内版本,出版渠道、可见宣传,正篇事实／强推断／读者解读,无,战争与沉没、死亡循环、身份变化、失落和告别、深海化、强烈分离焦虑。,有可对应条目,7326,0.06461906661348225,有,无,0,无
南镰仓高校女子自行车社,主线,文类内百合,缺席,非恋爱,多组异质关系,范围内没有性取向身份依据,所核未见,所核未见,范围内版本,故事／角色页、可见宣传,正篇事实／强推断／读者解读,无,自行车训练、比赛压力、体力极限、肩部疼痛、夜间骑行与离别误会。,有可对应条目,7354,0.07792207792207792,有,无,0,无
兔龟,主线,文类内百合,重要副线,潜在恋爱,多组异质关系,只有关系性质推断，无身份自述,所核未见,所核未见,范围内版本,故事／角色页、可见宣传,正篇事实＋强推断＋读者解读,无,高速短篇、网球竞争、毕业与分离焦虑、饮酒及荒诞身体笑料；未作视频复核。,有可对应条目,7362,0.09551208285385501,有,无,0,无
我的推是坏人大小姐。,主线,文类内百合,主线,明确女女恋爱欲望,多组异质关系,明确身份自述,是,是,范围内版本,故事／角色页、可见宣传,正篇事实＋强推断,副线,反复追求与阶级差异；以戏剧化方式处理拒绝、占有和跟随；魔法战斗、校园霸凌、政治冲突、家族与国家暴力。,有可对应条目,7376,0.1740549828178694,有,有,97,有
极乐院女子高寮物语,主线,文类内百合,重要副线,明确女女恋爱欲望,多组异质关系,只有明确关系／欲望事实，无身份自述,所核未见,是,范围内版本,故事／角色页、可见宣传,正篇事实／强推断／读者解读,无,强行脱衣与内衣、裸露和身体羞辱、性化恶作剧、教师越界亲吻、未成年角色误饮酒、受影响状态下的接吻提议。,有可对应条目,7415,0.11501210653753027,有,有,85,有
随兴旅-That's Journey-,主线,文类内百合,重要副线,明确女女恋爱欲望,多组异质关系,只有明确关系／欲望事实，无身份自述,所核未见,所核未见,范围内版本,故事／角色页、可见宣传,正篇事实／强推断／读者解读,无,创作受挫、旅行疲劳、朋友争执与和解。,有可对应条目,7427,0.02873791550787975,无,无,60,无
偶像大师 XENOGLOSSIA,主线,文类内百合,主线,潜在恋爱,多组异质关系,只有关系性质推断，无身份自述,所核未见,是,相邻版本、范围内版本,出版渠道、故事／角色页、可见宣传,正篇事实／强推断／读者解读,副线（非人 iDOL 被称为“男朋友”）,机战伤亡与破坏、背叛与团队分裂、强制实验和改造、权力不对等、人与有意识机器的明确恋爱。,有可对应条目,7434,0.03779877709838799,无,无,0,无
Love Live! Superstar!! 第三季,主线,文类内百合,重要副线,潜在恋爱,多组异质关系,只有关系性质推断，无身份自述,所核未见,所核未见,范围内版本,故事／角色页、可见宣传,正篇事实＋强推断＋读者解读,无,毕业与成员分离压力、竞赛与舞台失败、异国旅行、家庭冲突、姐妹关系破裂与修复、过度训练和公开演出压力。,有可对应条目,7493,0.06486796785304248,有,无,0,无
强袭魔女 OVA,主线,文类内百合,缺席,非恋爱,多组异质关系,范围内没有性取向身份依据,所核未见,所核未见,范围内版本、原作,出版渠道、可见宣传,正篇事实／强推断／读者解读,无,魔法军事战斗、未成年角色参战、模拟射击、内衣式服装设计。,有可对应条目,7501,0.09512578616352202,有,无,0,无
偶像选拔,主线,文类内百合,缺席,非恋爱,多组异质关系,范围内没有性取向身份依据,所核未见,所核未见,范围内版本,故事／角色页、可见宣传,正篇事实／强推断／读者解读,无,选拔淘汰与舞台压力、亲人离世与心脏移植背景、竞争冲突、团队去留与公开表演焦虑,有可对应条目,7535,0.060263653483992465,有,无,0,无
漫画少女,主线,文类内百合,缺席,非恋爱,多组异质关系,范围内没有性取向身份依据,所核未见,所核未见,范围内版本,可见宣传,正篇事实、读者解读,无,短篇职场喜剧、写真与泳装、身体展示和裸照笑料、赶稿压力、漫画中的恋爱与成人题材玩笑。,有可对应条目,7539,0.05229993698802773,有,无,0,无
噬魂师NOT！,主线,文类内百合,主线,潜在恋爱,多组异质关系,只有关系性质推断，无身份自述,所核未见,是,范围内版本,故事／角色页,正篇事实／强推断／读者解读,副线,校园战斗、超自然威胁、受伤与精神控制、女子宿舍性化笑料、嫉妒与搭档选择压力、局部异性心动,有可对应条目,7542,0.08930716860232278,有,无,0,无
处刑少女的生存之道,主线,文类内百合,主线,明确女女恋爱欲望,多组异质关系,只有明确关系／欲望事实，无身份自述,所核未见,是,范围内版本、原作,故事／角色页、可见宣传,正篇事实＋强推断＋读者解读,无,计划处刑与欺骗、反复死亡、暴力威胁、权力不对等、嫉妒与浴场相关台词。,有可对应条目,7543,0.14511429852084268,有,无,87,无
一叠间漫画咖啡屋生活！,主线,文类内百合,重要副线,潜在恋爱,多组异质关系,只有关系性质推断，无身份自述,所核未见,所核未见,范围内版本,出版渠道、故事／角色页、可见宣传,正篇事实／强推断／读者解读,无,卖肉与内衣／泳装情境、女高中生同住和宿舍劳动、身份误会与内疚、游戏与网络直播、家庭与学校压力；不涉及正篇确认交往,有可对应条目,7549,0.056463975472662235,无,无,55,无
一骑当千,重要副线,文类外百合阅读,重要副线,潜在恋爱,多组异质关系,只有关系性质推断，无身份自述,所核未见,所核未见,企划、范围内版本,出版渠道、可见宣传,正篇事实／强推断／读者解读,并列,裸露、爆衣、战败羞辱、格斗伤害、拷问、角色死亡、追随死亡意向、精神控制与命运强迫。,有可对应条目,7614,0.05232369190770231,有,无,0,无
突击莉莉 BOUQUET,主线,文类内百合,主线,明确女女恋爱欲望,多组异质关系,只有明确关系／欲望事实，无身份自述,所核未见,所核未见,—,—,正篇事实／强推断／读者解读,无,未成年战斗员与军事化教育、怪物袭击和战斗伤害、重要人物死亡与长期哀恸、失控及误伤恐惧、人工生命被实验和非人化、追捕与拘禁威胁、儿童形象角色死亡、精神幻象与自我憎恨、身体化笑料和集体沐浴画面。,有可对应条目,7628,0.14371091035441277,有,有,83,无
鬼斩,主线,文类外百合阅读,局部,潜在恋爱,多组异质关系,只有关系性质推断，无身份自述,所核未见,所核未见,范围内版本,出版渠道、故事／角色页、可见宣传,正篇事实／强推断／读者解读,副线,超短篇战斗喜剧、夸张暴力、身体暴露、性暗示、饮酒笑料、男の娘与性别表现的喜剧化处理,有可对应条目,7648,0.058823529411764705,有,无,0,无
女武神驱动 美人鱼,主线,文类内百合,主线,明确女女恋爱欲望,多组异质关系,只有明确关系／欲望事实，无身份自述,所核未见,所核未见,范围内版本,访谈／评论、故事／角色页、可见宣传,正篇事实／强推断／读者解读,无,成人向裸露与性化接触、以性刺激触发战斗、监禁与强迫风险、身体控制、创伤、暴力和权力不对等,有可对应条目,7657,0.14040284360189573,有,有,94,有
美幸梦游仙境,主线,文类内百合,主线,明确女女恋爱欲望,多组异质关系,只有明确关系／欲望事实，无身份自述,所核未见,所核未见,范围内版本,可见宣传,正篇事实／强推断／读者解读,无,高中生主角、裸露与性化笑料、持续拒绝、边界不对称、支配与胁迫场景,有可对应条目,7668,0.12087912087912088,无,有,78,有
玻璃之花与崩坏的世界,主线,文类内百合,缺席,非恋爱,多组异质关系,范围内没有性取向身份依据,所核未见,所核未见,范围内版本,可见宣传,正篇事实／强推断／读者解读,无,病毒清除、失忆、虚拟世界消失、身份揭示、分离与牺牲。,有可对应条目,7673,0.06947890818858561,有,无,0,无
御神乐学园组曲,主线,文类内百合,重要副线,明确女女恋爱欲望,多组异质关系,只有明确关系／欲望事实，无身份自述,所核未见,是,范围内版本,故事／角色页,正篇事实／强推断／读者解读,副线,夸张的美少女求偶笑料、表亲单向追求、异能对战、受伤、背叛创伤与学园危机,有可对应条目,7687,0.08666386201093816,有,无,69,有
魔法少女特殊战明日香,主线,文类内百合,重要副线,潜在恋爱,多组异质关系,只有关系性质推断，无身份自述,所核未见,所核未见,范围内版本,故事／角色页、可见宣传,正篇事实／强推断／读者解读,无,战争与创伤、恐怖袭击、枪械与杀戮、酷刑和肢解、性暴力威胁、儿童虐待、校园欺凌、药物与强迫、残酷的战后动员；漫画后续不在范围内,有可对应条目,7706,0.050381679389312976,有,无,0,无
面包带来和平！,主线,文类内百合,局部,潜在恋爱,多组异质关系,只有关系性质推断，无身份自述,所核未见,所核未见,范围内版本、原作,访谈／评论、出版渠道、可见宣传,正篇事实＋强推断＋读者解读,无,三分钟短篇节奏、身体和服装笑料、竞争性玩笑、未成年人角色的泳池与睡衣场景。,有可对应条目,7714,0.11349693251533742,有,无,0,无
圣痕炼金士,主线,文类外百合阅读,重要副线,明确女女恋爱欲望,多组异质关系,只有明确关系／欲望事实，无身份自述,所核未见,是,范围内版本,故事／角色页,正篇事实＋强推断＋读者解读,副线,成人向性化、乳房／圣乳机制、主从与身体控制、霸凌、非自愿或同意不明的亲密处境、未成年角色性化、暴力、死亡及宗教冲突。,有可对应条目,7772,0.021308360477741584,无,无,0,无
末世二轮之旅,主线,文类内百合,主线,潜在恋爱,多组异质关系,只有关系性质推断，无身份自述,所核未见,所核未见,范围内版本,故事／角色页、可见宣传,正篇事实／强推断／读者解读,无,末世灾变与可能的人类灭绝、危险骑行、枪械、AI 损坏、死亡记忆与亲人离散,有可对应条目,7795,0.043740573152337855,无,无,0,无
打了300年的史莱姆，不知不觉就练到了满级 第二季,主线,文类内百合,局部,潜在恋爱,多组异质关系,只有关系性质推断，无身份自述,所核未见,所核未见,范围内版本,故事／角色页、可见宣传,正篇事实／强推断／读者解读,无,异世界战斗、魔族与精灵危机、轻度身体变形和喜剧化危险、母女与姐妹关系、象征性姐妹婚礼，以及佩可拉希望与亚梓莎单独庆生的安排。,有可对应条目,7796,0.08900106269925612,有,无,40,无
穿透幻影的太阳,主线,文类内百合,主线,潜在恋爱,多组异质关系,只有关系性质推断，无身份自述,所核未见,所核未见,范围内版本,故事／角色页、可见宣传,正篇事实／强推断／读者解读,无,魔物袭击、战斗伤害、死亡与消失、家庭创伤、精神操纵、恶魔化和未成年人承担处刑任务。,有可对应条目,7799,0.06304423545802856,有,无,0,无
女子高中生,主线,文类内百合,缺席,非恋爱,单一主要关系记录,范围内没有性取向身份依据,所核未见,所核未见,范围内版本,故事／角色页、可见宣传,正篇事实／强推断／读者解读,副线,无对白叙事、对未成年女高中生腿部与湿衣的性化笑料、男性角色的单集凝视与笨拙接近、轻微身体危险与日常恶作剧。,有可对应条目,7836,0.05171645118145341,有,无,0,无
简单易懂的现代魔法,主线,文类内百合,主线,潜在恋爱,多组异质关系,只有关系性质推断，无身份自述,所核未见,所核未见,范围内版本,访谈／评论、故事／角色页、可见宣传,正篇事实／强推断／读者解读,无,魔法战斗与受伤、时间错位、未成年人遇险、泳装与身体笑料、同居家庭喜剧。,有可对应条目,7841,0.032039871840512636,有,无,0,无
GO!GO!575,主线,文类内百合,主线,潜在恋爱,多组异质关系,只有关系性质推断，无身份自述,所核未见,所核未见,范围内版本,故事／角色页、可见宣传,正篇事实＋强推断＋读者解读,无,落水、弄湿制服与风筝惊吓等轻度事故笑点；留宿、共同洗澡、互相洗背和换衣的暧昧／窥探式喜剧；每话篇幅很短。,有可对应条目,7865,0.12458581842279655,有,无,0,无
绝灭危愚少女,主线,文类外百合阅读,局部,潜在恋爱,多组异质关系,只有关系性质推断，无身份自述,所核未见,所核未见,范围内版本、原作,访谈／评论、故事／角色页、可见宣传,正篇事实／强推断／读者解读,副线,超能力战斗、绑架、药物强化、能力实验、家庭排斥、自我消失愿望、失去身体与姐妹失联恐惧、身体检查相关性化玩笑。,有可对应条目,7869,0.09090909090909091,有,无,0,无
22/7,主线,文类内百合,缺席,非恋爱,多组异质关系,范围内没有性取向身份依据,所核未见,所核未见,范围内版本,故事／角色页、可见宣传,正篇事实／强推断／读者解读,无,偶像过劳与身体展示压力、家庭创伤、病弱与死亡、幸存者负罪感、解散、监视和制度控制。,有可对应条目,7913,0.04635476463834673,无,无,0,无
里世界郊游,主线,文类内百合,主线,明确女女恋爱欲望,多组异质关系,只有明确关系／欲望事实，无身份自述,是,所核未见,范围内版本、原作,出版渠道、故事／角色页、可见宣传,正篇事实／强推断／读者解读,无,都市传说怪物、枪械与军事行动、失踪与死亡威胁、身体恐怖、心理创伤和危险求生,有可对应条目,7925,0.1397319668900276,有,有,70,无
刀使巫女 刻印一闪的灯火 OVA,主线,文类内百合,缺席,非恋爱,多组异质关系,范围内没有性取向身份依据,所核未见,所核未见,范围内版本,出版渠道、故事／角色页、可见宣传,正篇事实／强推断／读者解读,无,刀剑战斗、荒魂追捕与受伤、医疗休养、敌我身份冲突和阶段性悬念。,有可对应条目,7929,0.08393632416787265,无,无,0,无
攀岩！ -Sport Climbing Girls-,主线,文类内百合,缺席,非恋爱,多组异质关系,范围内没有性取向身份依据,所核未见,所核未见,范围内版本,故事／角色页、可见宣传,正篇事实／强推断／读者解读,无,运动伤病、竞技压力、身体展示、尖锐竞争语言。,有可对应条目,8016,0.04398148148148148,无,无,0,无
闪乱神乐 SHINOVI MASTER -东京妖魔篇-,主线,文类外百合阅读,局部,明确女女恋爱欲望,多组异质关系,只有明确关系／欲望事实，无身份自述,所核未见,所核未见,范围内版本,故事／角色页、可见宣传,正篇事实／读者解读,副线,裸露、性化玩笑、非合意触摸、姐妹间性化表达、暴力与创伤,有可对应条目,8019,0.07410714285714286,有,无,0,无
幻想玩偶,主线,文类内百合,重要副线,潜在恋爱,多组异质关系,只有关系性质推断，无身份自述,所核未见,所核未见,范围内版本、原作,出版渠道、故事／角色页,正篇事实＋强推断＋读者解读,无,未成年角色参与幻想战斗、主人—Doll 权力不对等、人工人格与记忆控制、被遗弃经历、服务性服装与性化喜剧。,有可对应条目,8055,0.10027662517289074,有,无,0,无
魔法纪录 魔法少女小圆外传 2nd SEASON -觉醒前夜-,主线,文类内百合,局部,潜在恋爱,多组异质关系,只有关系性质推断，无身份自述,所核未见,是,范围内版本,故事／角色页、可见宣传,正篇事实／强推断／读者解读,无,魔法战斗、死亡与失踪风险、悲伤与内疚、梦境和记忆操控、组织控制、强制招募、身份消除、创伤与牺牲。,有可对应条目,8062,0.07470368059887711,有,无,0,无
一杆青空,主线,文类内百合,缺席,非恋爱,单一主要关系记录,范围内没有性取向身份依据,所核未见,所核未见,范围内版本,访谈／评论、出版渠道、可见宣传,正篇事实＋强推断＋读者解读,无,运动失败、身体疲劳、新手自我怀疑、户外高尔夫与短篇篇幅限制。,有可对应条目,8074,0.044673539518900345,无,无,0,无
球咏,主线,文类内百合,局部,潜在恋爱,多组异质关系,只有关系性质推断，无身份自述,所核未见,所核未见,范围内版本,故事／角色页、可见宣传,正篇事实／强推断／读者解读,无,运动压力、停部经历、触身球及其他棒球伤害、战术责任和比赛失利。,有可对应条目,8092,0.1050328227571116,有,无,0,无
我，不是说了能力要平均值么！,主线,文类内百合,缺席,非恋爱,多组异质关系,范围内没有性取向身份依据,所核未见,是,范围内版本,故事／角色页、可见宣传,正篇事实／强推断／读者解读,副线,异世界战斗、失踪儿童与救援、泳装／洗澡等服务性内容、男性婚约压力。,有可对应条目,8141,0.08676104840252535,有,无,0,无
如果烧陶的话也做个马克杯吧,主线,文类内百合,局部,潜在恋爱,多组异质关系,只有关系性质推断，无身份自述,所核未见,所核未见,范围内版本、原作,出版渠道、故事／角色页、可见宣传,正篇事实＋强推断＋读者解读,无,亡母记忆、陶艺比赛与创作压力；第 1 话含恋爱双关但随后指向陶艺部；真人外景部分不在范围。,有可对应条目,8192,0.05119825708061002,有,无,0,无
花园里的吸血鬼,主线,文类内百合,主线,明确女女恋爱欲望,多组异质关系,只有明确关系／欲望事实，无身份自述,所核未见,是,范围内版本,故事／角色页、可见宣传,正篇事实／强推断／读者解读,无,战争、枪击、吸血、身体变异、主要角色死亡、追捕、牺牲、悲剧性告别，以及年龄与权力差异,有可对应条目,8206,0.11147186147186147,有,无,0,无
ICE,主线,文类内百合,主线,明确女女恋爱欲望,多组异质关系,只有明确关系／欲望事实，无身份自述,所核未见,所核未见,—,—,正篇事实＋强推断＋读者解读,无,末世、战争、身体恐怖、性化与强迫性情节、生殖实验、死亡和牺牲。,有可对应条目,8215,0.166270783847981,有,有,80,有
极限之心,主线,文类内百合,重要副线,潜在恋爱,多组异质关系,只有关系性质推断，无身份自述,所核未见,所核未见,范围内版本,故事／角色页、可见宣传,正篇事实／强推断／读者解读,无,竞技受伤、比赛与舞台压力、家庭与经济困难、过劳和失利后的情绪低落,有可对应条目,8233,0.07645525629887055,有,无,0,无
音乐少女,主线,文类内百合,缺席,非恋爱,单一主要关系记录,范围内没有性取向身份依据,所核未见,所核未见,—,—,正篇事实／读者解读,无,一名角色未经许可查看另一名角色的电脑内容，并反复贴近、催促；对方明确要求停止；怯场、公开演出压力与短期离别冲突。,有可对应条目,8263,0.12093628088426528,有,无,0,无
八月的灰姑娘棒球队,主线,文类内百合,局部,潜在恋爱,多组异质关系,只有关系性质推断，无身份自述,所核未见,所核未见,范围内版本,故事／角色页、可见宣传,正篇事实／强推断／读者解读,无,训练与比赛压力、运动受伤风险、队内责任、失败和自我怀疑。,有可对应条目,8272,0.09441489361702128,无,无,0,无
邪神与厨二病少女【世纪末篇】,主线,文类内百合,缺席,非恋爱,多组异质关系,范围内没有性取向身份依据,所核未见,所核未见,范围内版本,出版渠道、可见宣传,正篇事实＋强推断＋读者解读,无,末世喜剧、反复谋杀企图、身体攻击、惩罚、强制性同居、权力不对等与地方宣传。,有可对应条目,8313,0.06309148264984227,有,无,0,无
斯特拉女子学院高等科C3部,主线,文类内百合,缺席,非恋爱,多组异质关系,范围内没有性取向身份依据,所核未见,所核未见,范围内版本,故事／角色页、可见宣传,正篇事实／强推断／读者解读,无,生存游戏枪械、比赛受伤、团队冲突、心理失衡、泳装与洗浴等服务性演出,有可对应条目,8341,0.07342342342342342,有,无,60,无
和机器人啪啪啪能算在经验次数里吗？？,主线,文类内百合,主线,明确女女恋爱欲望,多组异质关系,只有明确关系／欲望事实，无身份自述,是,是,范围内版本、原作,访谈／评论、出版渠道、故事／角色页,正篇事实／强推断,无,成人性内容、裸露、买主与成人用机器人之间的所有权框架、身体接触；第 1–8 话完成字幕文本复核，未回看视频。,有可对应条目,8377,0.10862668076748754,有,有,98,有
魔法少女育成计划,主线,文类内百合,重要副线,明确女女交往关系,多组异质关系,只有明确关系／欲望事实，无身份自述,所核未见,是,范围内版本,出版渠道、可见宣传,正篇事实／强推断／读者解读,副线,死亡游戏、血腥暴力、未成年人受害、背叛与操控、自杀、家庭暴力、怀孕角色死亡。,有可对应条目,8379,0.045099739809193407,无,无,0,无
绯弹的亚里亚AA,主线,文类内百合,重要副线,潜在恋爱,多组异质关系,只有关系性质推断，无身份自述,所核未见,所核未见,范围内版本,故事／角色页、可见宣传,正篇事实＋强推断＋读者解读,副线,枪械战斗、校园训练、身体检查与泳池服务性笑料、占有欲和竞争、战姊妹制度的前后辈权力差、男性角色的局部恋爱玩笑。,有可对应条目,8403,0.0977166359381648,有,无,70,无
苍之彼方的四重奏,主线,文类内百合,重要副线,明确女女恋爱欲望,多组异质关系,只有明确关系／欲望事实，无身份自述,所核未见,是,范围内版本,故事／角色页、可见宣传,正篇事实／强推断／读者解读,无,飞行运动的坠落与受伤风险、竞技压力、比赛服与泳装展示、改编压缩造成的角色背景跳跃。,有可对应条目,8441,0.04451038575667656,有,无,0,无
我们的七日战争,重要副线,文类外百合阅读,重要副线,明确女女恋爱欲望,多组异质关系,只有明确关系／欲望事实，无身份自述,所核未见,所核未见,范围内版本,故事／角色页、可见宣传,正篇事实／强推断／读者解读,副线,家长控制与搬家压力、未成年角色参与危险逃避行动、移民拘留风险、网络曝光与中伤、关系秘密被公开、男性单恋与女女告白。,有可对应条目,8464,0.05953177257525084,有,无,58,无
闪乱神乐,主线,文类内百合,重要副线,潜在恋爱,多组异质关系,只有关系性质推断，无身份自述,所核未见,是,范围内版本,故事／角色页、可见宣传,正篇事实／强推断／读者解读,无,高度性化服务、衣物破坏与战斗暴露、胸部触碰笑料、暴力与死亡威胁、操控／药物／人偶化暗示,有可对应条目,8476,0.05332584900364861,有,无,0,无
战国乙女～桃色Paradox～,主线,文类内百合,主线,明确女女恋爱欲望,多组异质关系,只有明确关系／欲望事实，无身份自述,所核未见,所核未见,范围内版本,可见宣传,正篇事实／强推断／读者解读,副线,战斗、权力争夺、操纵、背叛、性化笑料、梦境与剧中剧边界,有可对应条目,8488,0.13123644251626898,有,无,50,无
魔法少女俺,重要副线,文类外百合阅读,重要副线,明确女女恋爱欲望,多组异质关系,只有明确关系／欲望事实，无身份自述,所核未见,是,范围内版本,故事／角色页、可见宣传,正篇事实／强推断／读者解读,并列,男性化变身、性别表现混淆、偶像压力、绑架威胁、魔法战斗与身体笑料。,有可对应条目,8506,0.048952752070141256,有,无,0,无
精灵使的剑舞,重要副线,非百合,缺席,非恋爱,多组异质关系,范围内没有性取向身份依据,所核未见,所核未见,范围内版本,故事／角色页,正篇事实／读者解读,主导,围绕男性主角的后宫式竞争与性暗示；魔法战斗、控制、身体伤害与姐妹冲突。,有可对应条目,8514,0.009152670315153802,无,无,0,无
因为太怕痛就全点防御力了。2,重要副线,文类外百合阅读,缺席,非恋爱,多组异质关系,范围内没有性取向身份依据,所核未见,所核未见,范围内版本,故事／角色页、可见宣传,正篇事实／强推断／读者解读,无,VRMMO 战斗、怪物与触手、变身和吞食式喜剧、竞技冲突、团队分散与危险任务。,有可对应条目,8557,0.05703247171373379,有,无,0,无
临时女友,主线,文类内百合,局部,潜在恋爱,多组异质关系,只有关系性质推断，无身份自述,所核未见,所核未见,范围内版本,故事／角色页、可见宣传,正篇事实／强推断／读者解读,无,校园日常、社团与比赛、泳装及身体笑料、英语恋爱措辞与摄影语境并置。,有可对应条目,8569,0.08974923009238892,有,无,0,无
蔚蓝反射 澪,主线,文类内百合,重要副线,潜在恋爱,多组异质关系,只有关系性质推断，无身份自述,所核未见,所核未见,—,—,正篇事实／强推断／读者解读,无,精神痛苦、情绪操纵、姐妹分离、失去与哀恸、战斗伤害。,有可对应条目,8574,0.12267657992565056,有,有,55,无
开阔天空！光之美少女,重要副线,文类外百合阅读,重要副线,潜在恋爱,多组异质关系,只有关系性质推断，无身份自述,所核未见,所核未见,范围内版本,故事／角色页、可见宣传,正篇事实＋强推断＋读者解读,无,儿童向战斗、异世界危机、绑架与救援、家庭分离、身份与责任压力、部分服务性演出。,有可对应条目,8603,0.07269155206286837,无,无,80,无
歌声是千层派,主线,文类内百合,重要副线,潜在恋爱,多组异质关系,只有关系性质推断，无身份自述,所核未见,所核未见,范围内版本,故事／角色页、可见宣传,正篇事实／强推断／读者解读,无,社团冲突、沟通障碍、舞台压力、成员去留、能力差异和自卑。,有可对应条目,8618,0.07027027027027027,无,无,0,无
最近，妹妹的样子有点怪？,主线,非百合,缺席,非恋爱,多组异质关系,范围内没有性取向身份依据,所核未见,所核未见,范围内版本,故事／角色页、可见宣传,正篇事实／强推断／读者解读,主导,继兄妹恋爱语境、幽灵附身与共用身体、非对等身体边界、性化台词与装置。,有可对应条目,8623,0.025342118601115054,有,无,40,无
青春CUP,主线,文类外百合阅读,重要副线,潜在恋爱,多组异质关系,只有关系性质推断，无身份自述,所核未见,所核未见,范围内版本,可见宣传,正篇事实／强推断／读者解读,副线,未成年角色内衣、身体凝视、偷窥／偷拍笑料、接触边界、体型评论、青春期羞耻与身体羞辱,有可对应条目,8648,0.06935332708528585,无,无,0,无
机战少女 Alice Expansion,主线,文类内百合,重要副线,潜在恋爱,多组异质关系,只有关系性质推断，无身份自述,所核未见,所核未见,范围内版本,故事／角色页、可见宣传,正篇事实／强推断／读者解读,无,失踪与救援、成年人研究机构的危险实验、科幻战斗、角色对亲近举动的恋爱式误解笑料、职场压力。,有可对应条目,8649,0.06184012066365008,有,无,0,无
任性HighSpec,主线,文类内百合,缺席,非恋爱,多组异质关系,范围内没有性取向身份依据,所核未见,所核未见,范围内版本,故事／角色页、可见宣传,正篇事实＋强推断＋读者解读,副线,脱衣、内衣、胸部和性暗示笑料，强迫摆出接吻姿势，剧中女女告白。,有可对应条目,8672,0.03492239467849224,有,无,0,无
熊熊勇闯异世界 Punch!,主线,文类内百合,缺席,非恋爱,多组异质关系,范围内没有性取向身份依据,所核未见,所核未见,范围内版本,故事／角色页、可见宣传,正篇事实、强推断与读者解读分列,无,异世界战斗、绑架和营救、儿童角色的危险处境。,有可对应条目,8673,0.093603744149766,有,无,0,无
熊熊勇闯异世界,主线,文类内百合,局部,潜在恋爱,多组异质关系,只有关系性质推断，无身份自述,所核未见,是,范围内版本,故事／角色页、可见宣传,正篇事实／强推断／读者解读,无,异世界战斗、贫困与儿童危险、照护关系、能力与资源不对称、服务性镜头。,有可对应条目,8677,0.09916476841305999,有,无,0,无
除魔维纳斯,主线,文类内百合,主线,潜在恋爱,多组异质关系,只有关系性质推断，无身份自述,所核未见,是,范围内版本,故事／角色页、可见宣传,正篇事实＋强推断＋读者解读,副线,灵魂夺取、怪物猎杀、枪械与战斗伤害、人格失控、家庭死亡与复仇、强迫、牺牲及校园／家庭创伤。,有可对应条目,8691,0.11796733212341198,有,无,0,无
侧车搭档,主线,文类内百合,重要副线,潜在恋爱,多组异质关系,只有关系性质推断，无身份自述,所核未见,是,范围内版本,故事／角色页、可见宣传,正篇事实／强推断／读者解读,副线，指向棚桥教练,赛车风险、争执、支配／服从与 DV 玩笑、同意边界、男性告白竞争。,有可对应条目,8715,0.09023354564755838,有,无,0,无
直至魔女消逝,主线,文类内百合,缺席,非恋爱,多组异质关系,范围内没有性取向身份依据,所核未见,是,范围内版本,故事／角色页、可见宣传,正篇事实／强推断／读者解读,副线,寿命诅咒、死亡与失去、收养与家庭秘密、魔法灾害、奇幻危险、危机中的强烈关切。,有可对应条目,8730,0.011679370543398081,无,无,40,无
雷加利亚三圣星,主线,文类内百合,局部,潜在恋爱,多组异质关系,只有关系性质推断，无身份自述,所核未见,是,范围内版本,出版渠道、故事／角色页,正篇事实／强推断,无,战争、机甲战斗、爆炸、角色死亡、控制、囚禁、强迫作战与家人救援。,有可对应条目,8751,0.1253145445395068,有,无,0,无
悦楽的胤 THE ANIMATION,主线,文类内百合,主线,明确女女恋爱欲望,多组异质关系,只有明确关系／欲望事实，无身份自述,所核未见,所核未见,—,—,正篇事实／强推断,无,成人向露骨性主题、触手寄生、身体控制、强迫、威胁、性暴力与同意边界问题。,有可对应条目,8764,0.1473851030110935,有,无可对应条目,60,无
立花馆恋爱三角铃,主线,文类内百合,主线,明确女女恋爱欲望,多组异质关系,只有明确关系／欲望事实，无身份自述,是,是,范围内版本、原作,出版渠道、故事／角色页、可见宣传,正篇事实／强推断,无,裸露、性化身体笑料、偷窥、未经同意的身体接触、后宫式争夺、年龄与权力差异,有可对应条目,8776,0.1556513409961686,有,有,93,有
社畜小姐想被幽灵幼女治愈。,主线,文类内百合,重要副线,潜在恋爱,多组异质关系,只有关系性质推断，无身份自述,所核未见,是,范围内版本,故事／角色页、可见宣传,正篇事实＋强推断,无,职场过劳；成年人与幼女形象幽灵之间的亲子式照护；幽灵、化猫的死亡与孤独回忆；仓桥—莉莉的主人／女仆语境。,有可对应条目,8802,0.04958047292143402,有,无,0,无
家里蹲吸血姬的苦闷,主线,文类内百合,主线,明确女女恋爱欲望,多组异质关系,只有明确关系／欲望事实，无身份自述,所核未见,是,范围内版本,访谈／评论、故事／角色页、可见宣传,正篇事实／强推断／读者解读,无,战争与恐怖袭击、血腥伤害、校园欺凌回忆、绑架、性骚扰式身体接触、泳装与裸露笑料、主从权力差。,有可对应条目,8847,0.15052446213919302,有,无,84,无
京四郎和永远的天空,重要副线,非百合,重要副线,明确女女交往关系,多组异质关系,只有明确关系／欲望事实，无身份自述,所核未见,是,范围内版本,故事／角色页、可见宣传,正篇事实＋强推断＋读者解读,主导,战斗、能量吸取、命令与再调整、强制性亲密、性化呈现、末日风险。,有可对应条目,8889,0.07399103139013453,有,无,0,无
sin 七大罪,主线,文类内百合,主线,明确女女恋爱欲望,多组异质关系,只有明确关系／欲望事实，无身份自述,所核未见,是,范围内版本,故事／角色页、可见宣传,正篇事实＋强推断＋读者解读,无,成人向性化、性骚扰与羞辱、恶魔契约、拘束与囚禁、心脏夺取、命令和牺牲、战斗伤害与死亡威胁。,有可对应条目,8905,0.07277694982613016,有,无,86,无
圣洁天使,主线,文类内百合,主线,明确女女恋爱欲望,多组异质关系,只有明确关系／欲望事实，无身份自述,所核未见,所核未见,范围内版本,故事／角色页、可见宣传,正篇事实＋强推断＋读者解读,无,战斗伤害、封印与失控、吸血与身体接触、洗澡和轻度裸露、亲友对立、世界毁灭威胁。,有可对应条目,8923,0.11516414799374675,有,无,68,无
舰队Collection,主线,文类内百合,缺席,非恋爱,多组异质关系,范围内没有性取向身份依据,所核未见,所核未见,范围内版本,故事／角色页、可见宣传,正篇事实／强推断／读者解读,无,海战、舰娘受伤与沉没、同伴失踪与哀伤。,有可对应条目,9003,0.06726507092198582,有,无,0,无
新人炼金术师的店铺经营,主线,文类外百合阅读,主线,潜在恋爱,多组异质关系,只有关系性质推断，无身份自述,所核未见,所核未见,—,—,正篇事实＋强推断＋读者解读,无（另有非互惠的强制婚事冲突）,孤儿经历与双亲死亡、魔物战斗与受伤、债务压力、强制婚事安排；日文字幕文字复核，未作画面复核。,有可对应条目,9008,0.13347921225382933,有,无,50,无
神田川JET GIRLS,主线,文类内百合,主线,明确女女恋爱欲望,多组异质关系,只有明确关系／欲望事实，无身份自述,所核未见,所核未见,范围内版本,访谈／评论、故事／角色页、可见宣传,正篇事实＋强推断＋读者解读,无,泳装、湿身、身体暴露、破衣与服务性演出，成人笑料和性化台词，水枪碰撞及竞技受伤风险,有可对应条目,9039,0.10700236034618411,有,无,74,无
声优广播的台前幕后,主线,文类外百合阅读,主线,潜在恋爱,单一主要关系记录,只有关系性质推断，无身份自述,所核未见,所核未见,范围内版本,故事／角色页,正篇事实＋强推断＋读者解读,无,职场压力、身份暴露风险、网络围攻、事业暂停风险，以及身体距离和模拟告白笑料。,有可对应条目,9051,0.1337085193091403,有,无,66,无
腼腆英雄 东京夺还篇,主线,文类外百合阅读,缺席,非恋爱,多组异质关系,范围内没有性取向身份依据,所核未见,所核未见,范围内版本、原作,访谈／评论、故事／角色页、可见宣传,正篇事实／强推断／读者解读,无,战斗伤害、城市灾难、家庭创伤、反派操控和失去,有可对应条目,9090,0.08640552995391705,无,无,0,无
黑狐,主线,非百合,缺席,非恋爱,多组异质关系,范围内没有性取向身份依据,所核未见,所核未见,范围内版本,故事／角色页、可见宣传,正篇事实／强推断／读者解读,无,家族遇袭与死亡、复仇、实验控制与电子项圈、枪械和忍者战斗、年轻角色处于危险行动。,有可对应条目,9104,0.07196029776674938,有,无,0,无
绽放的阿尔斯诺特利亚,主线,文类内百合,缺席,非恋爱,多组异质关系,范围内没有性取向身份依据,所核未见,所核未见,范围内版本,故事／角色页、可见宣传,正篇事实＋强推断＋读者解读,无,魔法实验、虫害、受伤、骑士暴力、后半段黑暗惊悚与未解世界观危机。,有可对应条目,9109,0.07335907335907337,有,无,0,无
魔法少女网站,主线,文类内百合,主线,潜在恋爱,多组异质关系,只有关系性质推断，无身份自述,所核未见,所核未见,范围内版本,故事／角色页、可见宣传,正篇事实、强推断、读者解读,副线,长期霸凌与家暴、死亡意念与自伤、性暴力威胁、血腥杀伤、操纵与洗脑。,有可对应条目,9111,0.08292682926829269,无,无,57,无
战斗女子高校,主线,文类内百合,重要副线,明确女女恋爱欲望,多组异质关系,只有明确关系／欲望事实，无身份自述,所核未见,所核未见,范围内版本,故事／角色页,正篇事实、读者解读,无,战斗与受伤、世界毁灭与失亲、自责、以喜剧处理的偷拍欲望和越界身体接近,有可对应条目,9165,0.0936007640878701,有,无,0,无
莱莎的炼金工房 ～常暗女王与秘密藏身处～,重要副线,文类外百合阅读,缺席,非恋爱,多组异质关系,范围内没有性取向身份依据,所核未见,所核未见,范围内版本,故事／角色页、可见宣传,正篇事实／强推断／读者解读,副线,奇幻战斗、怪物与受伤、家庭与商队压力、遗迹风险和炼金事故。,有可对应条目,9183,0.04199038105808361,有,无,0,无
天空侵犯,重要副线,文类外百合阅读,重要副线,明确女女恋爱欲望,单一主要关系记录,只有明确关系／欲望事实，无身份自述,所核未见,所核未见,范围内版本,可见宣传,正篇事实、强推断、读者解读,副线,高处坠落、枪击、血腥战斗、精神控制、自杀风险、角色死亡与强烈关系依赖。,有可对应条目,9190,0.06119951040391677,无,无,0,无
浦和小调,主线,文类外百合阅读,缺席,非恋爱,多组异质关系,范围内没有性取向身份依据,所核未见,所核未见,—,—,正篇事实／读者解读,无,校园喜剧中的夸张玩笑,有可对应条目,9193,0.07681755829903979,有,无,0,无
谋杀之谜：亡者的秘密,主线,文类内百合,重要副线,明确女女恋爱欲望,多组异质关系,只有明确关系／欲望事实，无身份自述,所核未见,所核未见,范围内版本,故事／角色页、可见宣传,正篇事实／强推断／读者解读,无,丧尸暴力、谋杀与尸体、封闭空间猜疑、强制投票、自伤痕迹、感染风险、人体实验威胁与遗弃。,有可对应条目,9233,0.07483870967741936,无,无,0,无
雨色可可 side G,主线,文类内百合,重要副线,潜在恋爱,多组异质关系,只有关系性质推断，无身份自述,所核未见,所核未见,范围内版本,HTML 元数据、故事／角色页,正篇事实＋读者解读,无,轻度家庭冲突、失落与误会。,有可对应条目,9249,0.11976911976911978,有,无,无可对应条目,无
公主连结 Re:Dive 第二季,主线,文类外百合阅读,主线,潜在恋爱,多组异质关系,只有关系性质推断，无身份自述,所核未见,所核未见,范围内版本,故事／角色页、可见宣传,正篇事实／强推断／读者解读,无,战斗伤害、强制操控、背叛、身份与家园危机。,有可对应条目,9326,0.018465089440276975,无,无,0,无
腼腆英雄,重要副线,文类外百合阅读,局部,潜在恋爱,多组异质关系,只有关系性质推断，无身份自述,所核未见,所核未见,范围内版本、原作,访谈／评论、故事／角色页,正篇事实／强推断／读者解读,无,超级英雄战斗、火灾与伤害、亲人死亡、贫困、母女告别、幸存者内疚、操控与情绪失控。,有可对应条目,9339,0.07049306625577811,有,无,0,无
身为VTuber的我因为忘记关台而成了传说,重要副线,文类外百合阅读,重要副线,明确女女恋爱欲望,多组异质关系,官方身份设定,所核未见,是,范围内版本,故事／角色页、可见宣传,正篇事实＋强推断＋读者解读,无,酒精、性暗示、露骨玩笑、网络骚扰、隐私暴露与夸张迷恋。,有可对应条目,9347,0.06702470461868958,有,无,70,无
Schoolgirl Strikers,主线,文类内百合,重要副线,潜在恋爱,多组异质关系,只有关系性质推断，无身份自述,所核未见,所核未见,范围内版本,故事／角色页,正篇事实／强推断／读者解读,无,妖魔战斗、秘密组织、压力、失忆、欺凌回忆与实验威胁。,有可对应条目,9393,0.10623229461756374,有,无,0,无
音乐少女,主线,文类外百合阅读,缺席,非恋爱,多组异质关系,范围内没有性取向身份依据,所核未见,所核未见,范围内版本,故事／角色页,正篇事实、强推断、读者解读,无,偶像业绩与解散压力、失声与过度工作、姐妹依赖、家庭去留冲突、虚假恋爱绯闻。,有可对应条目,9394,0.06853932584269663,有,无,0,无
铁路浪漫谭,主线,文类内百合,重要副线,潜在恋爱,多组异质关系,只有关系性质推断，无身份自述,所核未见,所核未见,范围内版本,故事／角色页,正篇事实／强推断／读者解读,无,铁路衰退与地方振兴压力、同伴竞争、温泉同浴、互相搓背与同床邀请；未见明确性行为。,有可对应条目,9439,0.044524669073405534,无,无,0,无
环战公主 CIRCLET PRINCESS,主线,文类内百合,缺席,非恋爱,多组异质关系,范围内没有性取向身份依据,所核未见,所核未见,—,—,正篇事实／强推断／读者解读,无,竞技与胜负压力、社团存废、家庭分别、虚拟竞技冲突,有可对应条目,9463,0.06616052060737528,有,无,0,无
RPG不动产,主线,文类内百合,主线,潜在恋爱,多组异质关系,只有关系性质推断，无身份自述,所核未见,所核未见,范围内版本,故事／角色页、可见宣传,正篇事实、强推断、读者解读,副线,巨龙袭击、失忆与被怀疑、受伤治疗、局部异性恋委托、未复核的泳装画面,有可对应条目,9489,0.10419397116644823,有,无,0,无
天籁人偶,主线,文类内百合,缺席,非恋爱,多组异质关系,范围内没有性取向身份依据,所核未见,所核未见,范围内版本,故事／角色页、可见宣传,正篇事实、强推断、读者解读,副线,战争与兵器化、战场死亡、人形失控和强制控制、主动求毁、记忆丧失与人格重置、枪击、火灾及儿童受伤,有可对应条目,9505,0.01153925406964764,无,无,0,无
红白黑黄 冰雪帝国,主线,文类内百合,缺席,非恋爱,多组异质关系,范围内没有性取向身份依据,所核未见,所核未见,范围内版本,故事／角色页,正篇事实＋强推断＋读者解读,无,武器与怪物战斗、恶梦与昏迷风险、种族歧视、家庭控制和阶级压迫。,有可对应条目,9508,0.05193030406559617,有,无,0,无
幻日夜羽 -镜中晖光-,主线,文类内百合,缺席,非恋爱,多组异质关系,范围内没有性取向身份依据,所核未见,所核未见,范围内版本,故事／角色页,正篇事实＋强推断＋读者解读,无,异变与危险动物、孤立和焦虑、昏倒、与动物同伴分离。,有可对应条目,9545,0.03125939284640818,无,无,0,无
恋爱没法用双子除尽,主线,非百合,缺席,非恋爱,多组异质关系,范围内没有性取向身份依据,所核未见,是,范围内版本,故事／角色页、可见宣传,正篇事实＋强推断＋读者解读,主导,三角恋、分手、嫉妒、亲吻请求与姐妹冲突。,有可对应条目,9571,0.01784651992861392,无,无,0,无
碰之道,主线,文类内百合,局部,潜在恋爱,多组异质关系,只有关系性质推断，无身份自述,所核未见,所核未见,范围内版本,故事／角色页、可见宣传,正篇事实＋读者解读,无,麻将竞赛、日常调侃、家庭争执和生日礼物的恋爱化玩笑,有可对应条目,9591,0.058981233243967826,有,无,0,无
机动战士高达 水星的魔女 第二季,主线,文类内百合,主线,明确女女交往关系,多组异质关系,只有明确关系／欲望事实，无身份自述,所核未见,所核未见,—,—,正篇事实＋强推断＋读者解读,副线,企业胁迫、政治婚约、战争与死亡、家庭操纵和创伤。,有可对应条目,9602,0.08592206859400252,有,无,80,无
蔚蓝档案 动画版,主线,文类内百合,重要副线,潜在恋爱,多组异质关系,只有关系性质推断，无身份自述,所核未见,所核未见,范围内版本,故事／角色页,正篇事实／强推断／读者解读,无,学校债务、犯罪团体威胁、绑架、武装冲突、枪击、角色创伤与死亡回忆。,有可对应条目,9606,0.038740281987086574,无,无,0,无
靠死亡游戏混饭吃。,主线,文类内百合,主线,潜在恋爱,多组异质关系,只有关系性质推断，无身份自述,所核未见,所核未见,—,—,正篇事实＋强推断＋读者解读,无,大量死亡游戏杀戮、肢解与身体恐怖、自杀及被迫牺牲、童年虐待与杀害亲属、心理操纵和背叛、剥削性师徒依附、哀伤与幸存者负罪。,有可对应条目,9682,0.015797075284347355,无,无,50,无
魔法纪录 魔法少女小圆外传 Final SEASON -浅梦的黎明-,主线,文类内百合,缺席,非恋爱,多组异质关系,范围内没有性取向身份依据,所核未见,所核未见,范围内版本,出版渠道、故事／角色页,正篇事实／强推断／读者解读,无,魔法战斗、疾病、记忆丢失、分离、绝望与牺牲。,有可对应条目,9717,0.07348537203409353,有,无,0,无
夜晚的水母不会游泳,主线,文类内百合,主线,潜在恋爱,多组异质关系,只有关系性质推断，无身份自述,所核未见,所核未见,—,—,正篇事实／强推断／读者解读,无,网络攻击与身份曝光、偶像产业与亲子控制、公开羞辱与校园排斥、针对性别呈现的嘲弄、创作劳动被利用、朋友间尖锐争吵、醉酒语境中的亲密行为、偶像营业式亲吻,有可对应条目,9745,0.10967870883925449,有,无,62,无
鹿乃子乃子乃子虎视眈眈,主线,文类内百合,局部,明确女女恋爱欲望,多组异质关系,只有明确关系／欲望事实，无身份自述,所核未见,所核未见,范围内版本,故事／角色页,正篇事实／强推断／读者解读,无,姐妹占有与性化、siscon 笑料、前不良、校园威胁、动物拟人和荒诞身体喜剧。,有可对应条目,9786,0.039891696750902525,无,无,79,无
异界群敌 代码重组,主线,文类内百合,主线,潜在恋爱,多组异质关系,只有关系性质推断，无身份自述,所核未见,所核未见,范围内版本,故事／角色页,正篇事实／强推断／读者解读,无,异世界战斗、疾病治疗、伙伴冲突、监视与分离压力。,有可对应条目,9819,0.09582863585118377,有,无,0,无
寒蝉鸣泣之时 卒,主线,文类内百合,主线,明确女女恋爱欲望,多组异质关系,只有明确关系／欲望事实，无身份自述,所核未见,所核未见,范围内版本,故事／角色页,正篇事实／强推断／读者解读,副线,循环、强制控制、严重暴力、心理伤害、学生孤立与亲密关系中的威胁。,有可对应条目,9851,0.04950343773873186,无,无,60,无
英雄王，为了穷尽武道而转生～而后，成为世界最强的见习骑士♀～,主线,文类外百合阅读,主线,潜在恋爱,多组异质关系,只有关系性质推断，无身份自述,所核未见,所核未见,范围内版本,故事／角色页、可见宣传,正篇事实＋强推断＋读者解读,副线,转生前后性别变化设定、战斗与政治压迫、身体接触喜剧。,有可对应条目,9886,0.0642658177477119,有,无,0,无
赛马娘 Pretty Derby 第三季,主线,文类内百合,主线,潜在恋爱,多组异质关系,只有关系性质推断，无身份自述,所核未见,所核未见,范围内版本,故事／角色页、可见宣传,正篇事实＋强推断＋读者解读,无,竞赛压力、伤病与状态低落、退役与分离感、以恋爱比喻表达的竞争执着。,有可对应条目,9888,0.028197017623136013,无,无,62,无
原书·原书使,重要副线,文类外百合阅读,重要副线,潜在恋爱,单一主要关系记录,只有关系性质推断，无身份自述,所核未见,所核未见,范围内版本,HTML 元数据、故事／角色页、可见宣传,正篇事实、强推断、读者解读,无,魔法战斗、诱骗与监禁威胁、伪造恋爱信件、家人对 boyfriend 的玩笑猜测,有可对应条目,9890,0.08498106857383256,有,无,0,无
吹响吧！上低音号 第三季,主线,文类内百合,主线,潜在恋爱,多组异质关系,只有关系性质推断，无身份自述,所核未见,所核未见,范围内版本,故事／角色页、可见宣传,正篇事实＋强推断＋读者解读,副线,女学生对成年教师的单方爱恋、师生权力差异、竞赛落选、毕业与远距离分离。,有可对应条目,9898,0.03311353211009174,无,无,50,无
碧蓝航线 THE ANIMATION,主线,文类内百合,主线,潜在恋爱,多组异质关系,只有关系性质推断，无身份自述,所核未见,所核未见,相邻版本、范围内版本,出版渠道、故事／角色页、可见宣传,正篇事实／读者解读,无,战争、阵营冲突、死亡与失去、精神操控、姐妹式依附,有可对应条目,9919,0.03793410507569012,无,无,0,无
没能成为魔法师的女孩子的故事,主线,文类内百合,重要副线,潜在恋爱,多组异质关系,只有关系性质推断，无身份自述,所核未见,所核未见,范围内版本,故事／角色页、可见宣传,正篇事实／读者解读,无,考试与阶层挫败、家族期待、魔力异常与学园危机；第 8 话出现桑拿话题但未同步画面,有可对应条目,9933,0.03402578796561605,无,无,0,无
黑岩射手：黎明降临,重要副线,文类外百合阅读,重要副线,明确女女恋爱欲望,多组异质关系,只有明确关系／欲望事实，无身份自述,所核未见,是,范围内版本,访谈／评论、出版渠道、故事／角色页,正篇事实／强推断／读者解读,副线,末世战争、死亡、身体损伤、单向占有、仇恨、性暴力威胁与情绪失控,有可对应条目,9934,0.04138225255972696,有,无,0,无
亦叶亦花,主线,文类内百合,局部,潜在恋爱,多组异质关系,只有关系性质推断，无身份自述,所核未见,所核未见,范围内版本,故事／角色页,正篇事实／读者解读,无,运动失误、伤病与行动受限、网络骚扰、表演压力；亲近措辞未构成恋爱确认,有可对应条目,9935,0.06953828828828829,无,无,20,无
「凭你也想讨伐魔王？」被勇者小队逐出队伍，只好在王都自在过活,主线,文类内百合,主线,潜在恋爱,多组异质关系,只有关系性质推断，无身份自述,是,是,范围内版本,故事／角色页、可见宣传,正篇事实／强推断,副线,奴役与创伤、伤病和暴力、关系依赖及局部男→女好感,有可对应条目,10023,0.11525629360024264,有,有,85,有
捏造陷阱 -NTR-,主线,文类内百合,主线,明确女女恋爱欲望,多组异质关系,只有明确关系／欲望事实，无身份自述,是,是,范围内版本、原作,HTML 元数据、故事／角色页,正篇事实／强推断／读者解读,并列,亲密接触、操控、暴力、嫉妒与情绪伤害,有可对应条目,10076,0.13725490196078433,有,有,89,有
某天早上变成人头麦克风的我君的人生,主线,文类内百合,主线,潜在恋爱,多组异质关系,只有关系性质推断，无身份自述,所核未见,是,范围内版本,故事／角色页、可见宣传,正篇事实、强推断,无,成人叙述视角、性暗示笑料、师生权力差与单向性化示好,有可对应条目,10077,0.08354646206308611,有,无,50,无
半妖的夜叉姬,主线,非百合,缺席,非恋爱,多组异质关系,范围内没有性取向身份依据,所核未见,所核未见,范围内版本,故事／角色页,正篇事实／强推断,副线,失散、失忆、妖怪战斗、受伤与单向告白,有可对应条目,10088,0.026392961876832845,无,无,0,无
刹那之花,主线,文类内百合,重要副线,潜在恋爱,多组异质关系,只有关系性质推断，无身份自述,所核未见,所核未见,范围内版本,故事／角色页,正篇事实／强推断／读者解读,无,末世、怪物、战斗、死亡、失去与求生压力。,有可对应条目,10117,0.0861784140969163,无,无,0,无
保龄球少女！,主线,文类内百合,局部,明确女女恋爱欲望,多组异质关系,只有明确关系／欲望事实，无身份自述,所核未见,所核未见,范围内版本,故事／角色页,正篇事实／强推断／读者解读,副线,战争、兵器、死亡威胁、时间穿越、家庭压力及喜剧化恋爱表达。,有可对应条目,10146,0.05316123386567491,无,无,0,无
恋语轻唱,主线,文类内百合,主线,明确女女交往关系,多组异质关系,只有明确关系／欲望事实，无身份自述,是,是,范围内版本、原作,出版渠道、故事／角色页,正篇事实＋强推断,无,告白与交往压力、失恋、关系争执、交通事故死亡、哀悼和乐队竞争。,有可对应条目,10154,0.1751375849789576,有,有,98,有
BanG Dream! Ave Mujica,主线,文类内百合,重要副线,明确女女恋爱欲望,多组异质关系,只有明确关系／欲望事实，无身份自述,所核未见,所核未见,范围内版本,出版渠道、故事／角色页、可见宣传,正篇事实／强推断／读者解读,无,心理失序、关系操控、家庭困境、乐队解散与公开身份暴露,有可对应条目,10168,0.08963097581907215,有,无,82,无
